<?xml version='1.0' encoding='UTF-8'?>
<song xmlns="http://openlyrics.info/namespace/2009/song" version="0.8" createdIn="OpenLP 3.1.3" modifiedIn="OpenLP 3.1.3" modifiedDate="2024-12-03T19:46:18">
  <properties>
    <titles>
      <title>CB 188 Jesus Is the Rock</title>
    </titles>
    <verseOrder>v1</verseOrder>
    <authors>
      <author>Unknown</author>
    </authors>
    <songbooks>
      <songbook name="DCCF Chorus Book" entry="188"/>
    </songbooks>
  </properties>
  <lyrics>
    <verse name="v1">
      <lines>JESUS IS THE ROCK,<br/>And His work is perfect; all His ways are judgment.<br/>The God of truth and without iniquity; just and<br/>right is He.<br/>Just and right is He, Hallelujah! Just and right is<br/>He. The God of truth and without iniquity; just and<br/>right is He.</lines>
    </verse>
  </lyrics>
</song>
