<?xml version='1.0' encoding='UTF-8'?>
<song xmlns="http://openlyrics.info/namespace/2009/song" version="0.8" createdIn="OpenLP 3.1.3" modifiedIn="OpenLP 3.1.3" modifiedDate="2024-12-03T19:25:10">
  <properties>
    <titles>
      <title>CB 177 Oh How He Loves You And Me</title>
    </titles>
    <copyright>1975 Word Music, LLC, Administered by Word Music Group, Inc.</copyright>
    <verseOrder>v1 v2 v1</verseOrder>
    <ccliNo>15850</ccliNo>
    <authors>
      <author>Kurt Kaiser</author>
    </authors>
    <songbooks>
      <songbook name="DCCF Chorus Book" entry="177"/>
    </songbooks>
  </properties>
  <lyrics>
    <verse name="v1">
      <lines>G<br/><br/>Oh how He loves you and me<br/>Oh how He loves you and me<br/>He gave His life<br/>What more could He give<br/>Oh how He loves you<br/>Oh how He loves me<br/>Oh how He loves you and me</lines>
    </verse>
    <verse name="v2">
      <lines>Jesus to Calv'ry did go<br/>His love for sinners to show<br/>What He did there<br/>Brought hope from despair<br/>Oh how He loves you<br/>Oh how He loves me<br/>Oh how He loves you and me<br/>(repeat first verse)</lines>
    </verse>
  </lyrics>
</song>
