<?xml version='1.0' encoding='UTF-8'?>
<song xmlns="http://openlyrics.info/namespace/2009/song" version="0.8" createdIn="OpenLP 3.1.3" modifiedIn="OpenLP 3.1.3" modifiedDate="2024-12-03T16:34:25">
  <properties>
    <titles>
      <title>CB 117 Down At Your Feet</title>
    </titles>
    <comments>
      <comment>verse 1 (we)
chorus (we)

[above are Song Tags with notes imported from EasyWorship]</comment>
    </comments>
    <copyright>©1989, 1999 Doulos
Publishing (Maranatha!
Music)</copyright>
    <verseOrder>v1 c1 v2 c2</verseOrder>
    <ccliNo>121799</ccliNo>
    <authors>
      <author>Lenny LeBlanc</author>
      <author>Greg Gulley</author>
    </authors>
    <songbooks>
      <songbook name="DCCF Chorus Book" entry="117"/>
    </songbooks>
  </properties>
  <lyrics>
    <verse name="v1">
      <lines>A<br/><br/>Down at your feet, O Lord<br/>Is the most high place<br/>In your presence, Lord<br/>I seek Your face<br/>I seek Your face<br/>x2</lines>
    </verse>
    <verse name="c1">
      <lines>There is no higher calling<br/>No greater honor<br/>Than to bow and kneel before Your throne<br/>I'm amazed at Your glory<br/>Embraced by Your mercy<br/>O Lord, I live to worship You</lines>
    </verse>
    <verse name="v2">
      <lines>Down at your feet, O Lord<br/>Is the most high place<br/>In your presence, Lord<br/>We seek Your face<br/>We seek Your face<br/>x2</lines>
    </verse>
    <verse name="c2">
      <lines>There is no higher calling<br/>No greater honor<br/>Than to bow and kneel before Your throne<br/>We're amazed at Your glory<br/>Embraced by Your mercy<br/>O Lord, we live to worship You</lines>
    </verse>
  </lyrics>
</song>
