<?xml version='1.0' encoding='UTF-8'?>
<song xmlns="http://openlyrics.info/namespace/2009/song" version="0.8" createdIn="OpenLP 3.1.3" modifiedIn="OpenLP 3.1.3" modifiedDate="2024-12-03T16:35:54">
  <properties>
    <titles>
      <title>CB 135 You Did Not Wait For Me</title>
    </titles>
    <copyright>©1985
Sovereign Grace Praise
(Integrity Music, Inc.)</copyright>
    <verseOrder>v1 v2</verseOrder>
    <ccliNo>24047</ccliNo>
    <authors>
      <author>Mark Altrogge</author>
    </authors>
    <songbooks>
      <songbook name="DCCF Chorus Book" entry="135"/>
    </songbooks>
  </properties>
  <lyrics>
    <verse name="v1">
      <lines>YOU DID NOT WAIT FOR ME<br/>To draw near to You,<br/>But You clothed Yourself in frail humanity.<br/>You did not wait for me<br/>To cry out to You,<br/>But You let me hear Your voice calling me.</lines>
    </verse>
    <verse name="v2">
      <lines>And I’m forever grateful to You,<br/>I’m forever grateful for the cross;<br/>I’m forever grateful to You,<br/>That You came to seek and save the lost.</lines>
    </verse>
  </lyrics>
</song>
