<?xml version='1.0' encoding='UTF-8'?>
<song xmlns="http://openlyrics.info/namespace/2009/song" version="0.8" createdIn="OpenLP 3.1.3" modifiedIn="OpenLP 3.1.3" modifiedDate="2024-12-03T16:35:14">
  <properties>
    <titles>
      <title>CB 127 You are My King</title>
    </titles>
    <copyright>© 1991
Mercy / Vineyard Publishing
Vineyard Songs Canada ION
Publ. (Vineyard Music USA)</copyright>
    <verseOrder>v1 v2 c1</verseOrder>
    <ccliNo>755086</ccliNo>
    <authors>
      <author>Brian Doerksen</author>
    </authors>
    <songbooks>
      <songbook name="DCCF Chorus Book" entry="127"/>
    </songbooks>
  </properties>
  <lyrics>
    <verse name="v1">
      <lines>YOU ARE MY KING,<br/>(You are my King)<br/>And I love You.<br/>You are my King, (You are my King)<br/>And I worship You.</lines>
    </verse>
    <verse name="v2">
      <lines>Kneeling before You now,<br/>All of my life I gladly give to You.<br/>Placing my hopes and dreams<br/>In Your hands,<br/>I give my heart to You.</lines>
    </verse>
    <verse name="c1">
      <lines>I love You, love You, Jesus.<br/>Yes, I love You, love You, Jesus, My King.</lines>
    </verse>
  </lyrics>
</song>
