<?xml version='1.0' encoding='UTF-8'?>
<song xmlns="http://openlyrics.info/namespace/2009/song" version="0.8" createdIn="OpenLP 3.1.3" modifiedIn="OpenLP 3.1.3" modifiedDate="2024-12-03T16:34:34">
  <properties>
    <titles>
      <title>CB 119 Reign In Me</title>
    </titles>
    <copyright>1985 Sovereign Lifestyle Music, Administered by Sovereign Lifestyle Music, Ltd.</copyright>
    <verseOrder>v1 c1</verseOrder>
    <ccliNo>20704</ccliNo>
    <authors>
      <author>Chris Bowater</author>
    </authors>
    <songbooks>
      <songbook name="DCCF Chorus Book" entry="119"/>
    </songbooks>
  </properties>
  <lyrics>
    <verse name="v1">
      <lines>D<br/>Reign in me<br/>Sov'reign Lord, reign in me<br/>Reign in me<br/>Sov'reign Lord, reign in me<br/></lines>
    </verse>
    <verse name="c1">
      <lines>Captivate my heart<br/>Let Your kingdom come<br/>Establish there Your throne<br/>Let Your will be done</lines>
    </verse>
  </lyrics>
</song>
