<?xml version='1.0' encoding='UTF-8'?>
<song xmlns="http://openlyrics.info/namespace/2009/song" version="0.8" createdIn="OpenLP 3.1.3" modifiedIn="OpenLP 3.1.3" modifiedDate="2024-12-03T19:59:20">
  <properties>
    <titles>
      <title>CB 198 Not By Might</title>
    </titles>
    <copyright>© 1957,
Renewed 1985 Gospel
Publishing House (Lorenz
Corporation)</copyright>
    <verseOrder>v1</verseOrder>
    <ccliNo>15764</ccliNo>
    <authors>
      <author>Almeda Herrick</author>
    </authors>
    <songbooks>
      <songbook name="DCCF Chorus Book" entry="198"/>
    </songbooks>
  </properties>
  <lyrics>
    <verse name="v1">
      <lines>NOT BY MIGHT, NOR BY POWER,<br/>But by My Spirit, saith the Lord. Not by might, nor<br/>by power, but by My Spirit, saith the Lord. These<br/>mountains shall be removed, these mountains<br/>shall be removed, these mountains shall be<br/>removed, by My Spirit, saith the Lord.</lines>
    </verse>
  </lyrics>
</song>
