<?xml version='1.0' encoding='UTF-8'?>
<song xmlns="http://openlyrics.info/namespace/2009/song" version="0.8" createdIn="OpenLP 3.1.3" modifiedIn="OpenLP 3.1.3" modifiedDate="2024-12-03T19:49:28">
  <properties>
    <titles>
      <title>CB 192 The Lord Thy God In The Midst</title>
    </titles>
    <copyright>1972 Scripture In Song, Administered by Integrity Music, Inc.</copyright>
    <verseOrder>v1 c2</verseOrder>
    <ccliNo>31384</ccliNo>
    <authors>
      <author>Tapu Moala</author>
    </authors>
    <songbooks>
      <songbook name="DCCF Chorus Book" entry="192"/>
    </songbooks>
  </properties>
  <lyrics>
    <verse name="v1">
      <lines>G<br/><br/>The Lord, thy God in the midst of thee<br/>Is mighty, is mighty.<br/>He will save, He will rejoice over thee<br/>With joy, with joy.</lines>
    </verse>
    <verse name="c2">
      <lines>He will rest in His love,<br/>He will joy over thee with singing.<br/>The Lord, thy God in the midst of thee<br/>Is mighty, is mighty, is mighty.</lines>
    </verse>
  </lyrics>
</song>
