<?xml version='1.0' encoding='UTF-8'?>
<song xmlns="http://openlyrics.info/namespace/2009/song" version="0.8" createdIn="OpenLP 3.1.3" modifiedIn="OpenLP 3.1.3" modifiedDate="2024-12-03T19:52:16">
  <properties>
    <titles>
      <title>CB 194 What a Mighty God We Serve!</title>
    </titles>
    <verseOrder>v1</verseOrder>
    <authors>
      <author>Unknown</author>
    </authors>
    <songbooks>
      <songbook name="DCCF Chorus Book" entry="194"/>
    </songbooks>
  </properties>
  <lyrics>
    <verse name="v1">
      <lines>WHAT A MIGHTY GOD WE SERVE!<br/>What a mighty God we serve!<br/>Angels bow before Him.<br/>Heaven and earth adore Him.<br/>What a mighty God we serve.</lines>
    </verse>
  </lyrics>
</song>
