<?xml version='1.0' encoding='UTF-8'?>
<song xmlns="http://openlyrics.info/namespace/2009/song" version="0.8" createdIn="OpenLP 3.1.3" modifiedIn="OpenLP 3.1.3" modifiedDate="2024-12-03T19:38:41">
  <properties>
    <titles>
      <title>CB 185 Behold What Manner Of Love</title>
    </titles>
    <copyright>1978 Maranatha! Music / CCCM Music, Administered by Maranatha! Music</copyright>
    <verseOrder>v1 v2</verseOrder>
    <ccliNo>1596</ccliNo>
    <authors>
      <author>Patricia Van Tine</author>
    </authors>
    <songbooks>
      <songbook name="DCCF Chorus Book" entry="185"/>
    </songbooks>
  </properties>
  <lyrics>
    <verse name="v1">
      <lines>C<br/><br/>Behold what manner of love<br/>The Father has given unto us<br/>Behold what manner of love<br/>The Father has given unto us</lines>
    </verse>
    <verse name="v2">
      <lines>That we should be called<br/>The sons of God<br/>That we should be called<br/>The sons of God</lines>
    </verse>
  </lyrics>
</song>
