<?xml version='1.0' encoding='UTF-8'?>
<song xmlns="http://openlyrics.info/namespace/2009/song" version="0.8" createdIn="OpenLP 3.1.3" modifiedIn="OpenLP 3.1.3" modifiedDate="2024-12-03T16:37:04">
  <properties>
    <titles>
      <title>CB 149 He Brought Us Into His Banqueting Table</title>
    </titles>
    <verseOrder>v1 v2 v3 v4</verseOrder>
    <authors>
      <author>Solomon</author>
    </authors>
    <songbooks>
      <songbook name="DCCF Chorus Book" entry="149"/>
    </songbooks>
  </properties>
  <lyrics>
    <verse name="v1">
      <lines>HE BROUGHT US IN TO HIS BANQUETING<br/>TABLE.<br/>His banner over us is love. (3x)<br/>His banner over us is love.</lines>
    </verse>
    <verse name="v2">
      <lines>I am my Beloved's and He is mine, His banner<br/>over us is love...</lines>
    </verse>
    <verse name="v3">
      <lines>He lifts us up to the heavenly places, His banner<br/>over us is love...</lines>
    </verse>
    <verse name="v4">
      <lines>I love Him and He loves me, His banner over us is<br/>love...</lines>
    </verse>
  </lyrics>
</song>
