<?xml version='1.0' encoding='UTF-8'?>
<song xmlns="http://openlyrics.info/namespace/2009/song" version="0.8" createdIn="OpenLP 3.1.3" modifiedIn="OpenLP 3.1.3" modifiedDate="2024-12-03T16:37:51">
  <properties>
    <titles>
      <title>CB 159 Rejoice in the Lord always</title>
    </titles>
    <authors>
      <author>Author Unknown</author>
    </authors>
    <songbooks>
      <songbook name="DCCF Chorus Book" entry="159"/>
    </songbooks>
  </properties>
  <lyrics>
    <verse name="v1">
      <lines>Rejoice in the Lord always<br/>And again I say rejoice<br/>Rejoice in the Lord always<br/>And again I say rejoice</lines>
    </verse>
    <verse name="v2">
      <lines>Rejoice Rejoice<br/>And again I say rejoice<br/>Rejoice Rejoice<br/>And again I say rejoice</lines>
    </verse>
  </lyrics>
</song>
