<?xml version='1.0' encoding='UTF-8'?>
<song xmlns="http://openlyrics.info/namespace/2009/song" version="0.8" createdIn="OpenLP 3.1.3" modifiedIn="OpenLP 3.1.3" modifiedDate="2024-12-03T18:07:24">
  <properties>
    <titles>
      <title>CB 171 Knowing You</title>
    </titles>
    <copyright>1993 Make Way Music, Administered by Music Services</copyright>
    <verseOrder>v1 c1 v2 c1 v3 c1</verseOrder>
    <ccliNo>1045238</ccliNo>
    <authors>
      <author>Graham Kendrick</author>
    </authors>
    <songbooks>
      <songbook name="DCCF Chorus Book" entry="171"/>
    </songbooks>
  </properties>
  <lyrics>
    <verse name="v1">
      <lines>C<br/><br/>All I once held dear built my life upon<br/>All this world reveres and wars to own<br/>All I once thought gain I have counted loss<br/>Spent and worthless now compared to this</lines>
    </verse>
    <verse name="c1">
      <lines>Knowing You Jesus knowing You<br/>There is no greater thing<br/>You're my all You're the best<br/>You're my joy my righteousness<br/>And I love You Lord</lines>
    </verse>
    <verse name="v2">
      <lines>Now my heart's desire is to know You more<br/>To be found in You and known as Yours<br/>To possess by faith what I could not earn<br/>All surpassing gift of righteousness</lines>
    </verse>
    <verse name="v3">
      <lines>Oh to know the pow'r of Your risen life<br/>And to know You in Your sufferings<br/>To become like You in Your death my Lord<br/>So in You to live and never die</lines>
    </verse>
  </lyrics>
</song>
