<?xml version='1.0' encoding='UTF-8'?>
<song xmlns="http://openlyrics.info/namespace/2009/song" version="0.8" createdIn="OpenLP 3.1.3" modifiedIn="OpenLP 3.1.3" modifiedDate="2024-12-03T16:36:23">
  <properties>
    <titles>
      <title>CB 141 Thank You, Jesus</title>
    </titles>
    <verseOrder>v1 v2 v3</verseOrder>
    <authors>
      <author>Author Unknown</author>
    </authors>
    <songbooks>
      <songbook name="DCCF Chorus Book" entry="141"/>
    </songbooks>
  </properties>
  <lyrics>
    <verse name="v1">
      <lines>Thank You, Jesus, thank You, Jesus,<br/>Thank You, Lord, for loving me.<br/>Thank You, Jesus, thank You, Jesus,<br/>Thank You, Lord, for loving me.</lines>
    </verse>
    <verse name="v2">
      <lines>You went to Calvary, there You died for me,<br/>Thank You, Lord, for loving me.<br/>You went to Calvary, there You died for me,<br/>Thank You, Lord, for loving me.</lines>
    </verse>
    <verse name="v3">
      <lines>You rose up from the grave,<br/>New life to me You gave,<br/>Thank You, Lord, for loving me.<br/>You rose up from the grave,<br/>New life to me You gave,<br/>Thank You, Lord, for loving me.</lines>
    </verse>
  </lyrics>
</song>
