<?xml version='1.0' encoding='UTF-8'?>
<song xmlns="http://openlyrics.info/namespace/2009/song" version="0.8" createdIn="OpenLP 3.1.3" modifiedIn="OpenLP 3.1.3" modifiedDate="2024-12-03T16:24:29">
  <properties>
    <titles>
      <title>CB 13 He is Exalted</title>
    </titles>
    <copyright>©1985 Straightway Music Mountain Spring
Music (EMI Christian Music
Publishing)</copyright>
    <verseOrder>v1</verseOrder>
    <ccliNo>17827</ccliNo>
    <authors>
      <author>Twila Paris</author>
    </authors>
    <songbooks>
      <songbook name="DCCF Chorus Book" entry="13"/>
    </songbooks>
  </properties>
  <lyrics>
    <verse name="v1">
      <lines>HE IS EXALTED,<br/>The King is exalted on high, I will praise Him.<br/>He is exalted, forever exalted and I will praise His<br/>name!<br/>He is the Lord, forever His truth shall reign.<br/>Heaven and earth rejoice in His holy name.<br/>He is exalted, the King is exalted on high! </lines>
    </verse>
  </lyrics>
</song>
