<?xml version='1.0' encoding='UTF-8'?>
<song xmlns="http://openlyrics.info/namespace/2009/song" version="0.8" createdIn="OpenLP 3.1.3" modifiedIn="OpenLP 3.1.3" modifiedDate="2024-12-03T16:34:14">
  <properties>
    <titles>
      <title>CB 115 We Place You on the Highest Place</title>
    </titles>
    <copyright>©1983
Scripture in Song
(Maranatha! Music)</copyright>
    <verseOrder>v1</verseOrder>
    <ccliNo>24195</ccliNo>
    <authors>
      <author>Ramon Pink</author>
    </authors>
    <songbooks>
      <songbook name="DCCF Chorus Book" entry="115"/>
    </songbooks>
  </properties>
  <lyrics>
    <verse name="v1">
      <lines>WE PLACE YOU ON THE HIGHEST PLACE,<br/>For You are the great high priest<br/>We place You high above all else,<br/>And we come to You and worship at Your feet.</lines>
    </verse>
  </lyrics>
</song>
