<?xml version='1.0' encoding='UTF-8'?>
<song xmlns="http://openlyrics.info/namespace/2009/song" version="0.8" createdIn="OpenLP 3.1.3" modifiedIn="OpenLP 3.1.3" modifiedDate="2024-12-03T16:36:19">
  <properties>
    <titles>
      <title>CB 140 We Give Thanks To Thee, O Lord</title>
      <title>Psalm 75:1</title>
    </titles>
    <verseOrder>v1 v2</verseOrder>
    <authors>
      <author>Unknown</author>
    </authors>
    <songbooks>
      <songbook name="DCCF Chorus Book" entry="140"/>
    </songbooks>
  </properties>
  <lyrics>
    <verse name="v1">
      <lines>WE GIVE THANKS TO THEE, O LORD,<br/>We give thanks.<br/>We give thanks to Thee, O Lord,<br/>We give thanks.</lines>
    </verse>
    <verse name="v2">
      <lines>For Thy name is near,<br/>Thy wondrous works men declare.<br/>We give thanks to Thee, O Lord,<br/>We give thanks.</lines>
    </verse>
  </lyrics>
</song>
