<?xml version='1.0' encoding='UTF-8'?>
<song xmlns="http://openlyrics.info/namespace/2009/song" version="0.8" createdIn="OpenLP 3.1.3" modifiedIn="OpenLP 3.1.3" modifiedDate="2024-12-03T16:34:38">
  <properties>
    <titles>
      <title>CB 120 Open The Eyes Of My Heart</title>
    </titles>
    <copyright>1997 Integrity's Hosanna! Music, Administered by Integrity Music, Inc.</copyright>
    <verseOrder>v1 v1 c1 b1 v1 c1 b1</verseOrder>
    <ccliNo>2298355</ccliNo>
    <authors>
      <author>Paul Baloche</author>
    </authors>
    <songbooks>
      <songbook name="DCCF Chorus Book" entry="120"/>
    </songbooks>
  </properties>
  <lyrics>
    <verse name="v1">
      <lines>E<br/><br/>Open the eyes of my heart Lord<br/>Open the eyes of my heart<br/>I want to see You<br/>I want to see You</lines>
    </verse>
    <verse name="c1">
      <lines>To see You high and lifted up<br/>Shining in the light of Your glory<br/>Pour out Your power and love<br/>As we sing holy holy holy</lines>
    </verse>
    <verse name="b1">
      <lines>Holy holy holy<br/>Holy holy holy<br/>Holy holy holy<br/>I want to see You</lines>
    </verse>
  </lyrics>
</song>
