<?xml version='1.0' encoding='UTF-8'?>
<song xmlns="http://openlyrics.info/namespace/2009/song" version="0.8" createdIn="OpenLP 3.1.3" modifiedIn="OpenLP 3.1.3" modifiedDate="2024-12-03T16:34:58">
  <properties>
    <titles>
      <title>CB 124 Holy Ground</title>
    </titles>
    <copyright>1982 Birdwing Music | / BMG Songs, Inc. |, Administered by EMI Christian Music Publishing | BMG Music Publish</copyright>
    <verseOrder>v1 v2 v3</verseOrder>
    <ccliNo>21198</ccliNo>
    <authors>
      <author>Christopher Beatty</author>
      <author>Geron Davis</author>
    </authors>
    <songbooks>
      <songbook name="DCCF Chorus Book" entry="124"/>
    </songbooks>
  </properties>
  <lyrics>
    <verse name="v1">
      <lines>This is holy ground<br/>We're standing on holy ground<br/>For the Lord is here<br/>And where He is is holy<br/>x2</lines>
    </verse>
    <verse name="v2">
      <lines>These are holy hands,<br/>We're lifting up holy hands,<br/>For the Lord has cleansed,<br/>And what He's cleansed is holy<br/>x2</lines>
    </verse>
    <verse name="v3">
      <lines>We are standing on holy ground<br/>And we know that<br/>there are angels all around.<br/>Let us praise Jesus now.<br/>We are standing<br/>in His presence on holy ground.</lines>
    </verse>
  </lyrics>
</song>
