<?xml version='1.0' encoding='UTF-8'?>
<song xmlns="http://openlyrics.info/namespace/2009/song" version="0.8" createdIn="OpenLP 3.1.3" modifiedIn="OpenLP 3.1.3" modifiedDate="2024-12-03T16:35:45">
  <properties>
    <titles>
      <title>CB 133 Wonderful and Marveloous is Jesus to Me</title>
    </titles>
    <authors>
      <author>Unknown</author>
    </authors>
    <songbooks>
      <songbook name="DCCF Chorus Book" entry="133"/>
    </songbooks>
  </properties>
  <lyrics>
    <verse name="v1">
      <lines>WONDERFUL AND MARVELOUS IS JESUS TO<br/>ME.<br/>Sweeter than the honey from the honeycomb is<br/>He.<br/>Jesus is real. He'll never fail.<br/>I will praise Him now and throughout all eternity.<br/>He is always with me as I'm walking along;<br/>He has put His life in me and now I have a song.<br/>Jesus is real ...</lines>
    </verse>
  </lyrics>
</song>
