<?xml version='1.0' encoding='UTF-8'?>
<song xmlns="http://openlyrics.info/namespace/2009/song" version="0.8" createdIn="OpenLP 3.1.3" modifiedIn="OpenLP 3.1.3" modifiedDate="2024-12-03T16:24:34">
  <properties>
    <titles>
      <title>CB 14 We Worship and Adore Thee</title>
    </titles>
    <copyright>©1944
Lorenz Publishing Co.)</copyright>
    <verseOrder>v1</verseOrder>
    <ccliNo>3888575</ccliNo>
    <authors>
      <author>Forrest G. Walter</author>
    </authors>
    <songbooks>
      <songbook name="DCCF Chorus Book" entry="14"/>
    </songbooks>
  </properties>
  <lyrics>
    <verse name="v1">
      <lines>WE WORSHIP AND ADORE THEE,<br/>Bowing down before Thee, songs of praises<br/>singing, Hallelujahs ringing; Hallelujah, Hallelujah,<br/>Hallelujah, Amen.</lines>
    </verse>
  </lyrics>
</song>
