<?xml version='1.0' encoding='UTF-8'?>
<song xmlns="http://openlyrics.info/namespace/2009/song" version="0.8" createdIn="OpenLP 3.1.3" modifiedIn="OpenLP 3.1.3" modifiedDate="2024-12-03T16:36:13">
  <properties>
    <titles>
      <title>CB 139 He gave me beauty for ashes</title>
    </titles>
    <verseOrder>v1 v2</verseOrder>
    <authors>
      <author>Author Unknown</author>
    </authors>
    <songbooks>
      <songbook name="DCCF Chorus Book" entry="139"/>
    </songbooks>
  </properties>
  <lyrics>
    <verse name="v1">
      <lines>D<br/><br/>He gave me beauty for ashes<br/>The oil of joy for mourning<br/>The garment of praise<br/>For the spirit of heaviness</lines>
    </verse>
    <verse name="v2">
      <lines>That we might be trees of righteousness<br/>The planting of the Lord<br/>That He might be glorified</lines>
    </verse>
  </lyrics>
</song>
