<?xml version='1.0' encoding='UTF-8'?>
<song xmlns="http://openlyrics.info/namespace/2009/song" version="0.8" createdIn="OpenLP 3.1.3" modifiedIn="OpenLP 3.1.3" modifiedDate="2024-12-03T16:37:28">
  <properties>
    <titles>
      <title>CB 154 Gentle Shepherd</title>
    </titles>
    <copyright>1974 William J. Gaither, Inc. ARR UBP of Gaither Copyright Management, Administered by Gaither Copyright Management</copyright>
    <verseOrder>c1</verseOrder>
    <ccliNo>15609</ccliNo>
    <authors>
      <author>Gloria Gaither</author>
      <author>William J. Gaither</author>
    </authors>
    <songbooks>
      <songbook name="DCCF Chorus Book" entry="154"/>
    </songbooks>
  </properties>
  <lyrics>
    <verse name="c1">
      <lines>Gentle Shepherd come and lead us<br/>For we need You to help us find our way<br/>Gentle Shepherd come and feed us<br/>For we need Your strength from day to day<br/>There's no other we can turn to<br/>Who can help us face another day<br/>Gentle Shepherd come and lead us<br/>For we need You to help us find our way</lines>
    </verse>
  </lyrics>
</song>
