<?xml version='1.0' encoding='UTF-8'?>
<song xmlns="http://openlyrics.info/namespace/2009/song" version="0.8" createdIn="OpenLP 3.1.3" modifiedIn="OpenLP 3.1.3" modifiedDate="2024-12-03T16:36:28">
  <properties>
    <titles>
      <title>CB 142 He Touched Me</title>
      <title>Shackled By a Heavy Burden</title>
    </titles>
    <copyright>1964 William J. Gaither, Inc. ARR UBP of Gaither Copyright Management, Administered by Gaither Copyright Management</copyright>
    <verseOrder>v1 c1 v2</verseOrder>
    <ccliNo>13072</ccliNo>
    <authors>
      <author>William J. Gaither</author>
    </authors>
    <songbooks>
      <songbook name="DCCF Chorus Book" entry="142"/>
    </songbooks>
  </properties>
  <lyrics>
    <verse name="c1">
      <lines>He touched me<br/>Oh He touched me<br/>And oh the joy that floods my soul<br/>Something happened and now I know<br/>He touched me and made me whole</lines>
    </verse>
    <verse name="v1">
      <lines>Shackled by a heavy burden<br/>'Neath a load of guilt and shame<br/>Then the hand of Jesus touched me<br/>And now I am no longer the same</lines>
    </verse>
    <verse name="v2">
      <lines>Since I met this blessed Savior<br/>Since He cleansed and made me whole<br/>I will never cease to praise Him<br/>I'll shout it while eternity rolls</lines>
    </verse>
  </lyrics>
</song>
