<?xml version='1.0' encoding='UTF-8'?>
<song xmlns="http://openlyrics.info/namespace/2009/song" version="0.8" createdIn="OpenLP 3.1.3" modifiedIn="OpenLP 3.1.3" modifiedDate="2024-12-03T16:36:58">
  <properties>
    <titles>
      <title>CB 148 Surely Goodness</title>
    </titles>
    <verseOrder>v1 v2 v3</verseOrder>
    <authors>
      <author>Author Unknown</author>
    </authors>
    <songbooks>
      <songbook name="DCCF Chorus Book" entry="148"/>
    </songbooks>
  </properties>
  <lyrics>
    <verse name="v1">
      <lines>C<br/>Surely goodness and mercy<br/>Shall follow me<br/>All the days<br/>All the days of my life<br/>(repeat)</lines>
    </verse>
    <verse name="v2">
      <lines>And I shall dwell<br/>In the house of<br/>the Lord forever<br/>And I shall feast at the table<br/>Set for me</lines>
    </verse>
    <verse name="v3">
      <lines>Surely goodness and mercy<br/>Shall follow me<br/>All the days<br/>All the days of my life</lines>
    </verse>
  </lyrics>
</song>
