<?xml version='1.0' encoding='UTF-8'?>
<song xmlns="http://openlyrics.info/namespace/2009/song" version="0.8" createdIn="OpenLP 3.1.3" modifiedIn="OpenLP 3.1.3" modifiedDate="2024-12-03T16:36:38">
  <properties>
    <titles>
      <title>CB 144 My Soul Doth magnify the Lord</title>
    </titles>
    <verseOrder>v1 v2</verseOrder>
    <authors>
      <author>Unknown</author>
    </authors>
    <songbooks>
      <songbook name="DCCF Chorus Book" entry="144"/>
    </songbooks>
  </properties>
  <lyrics>
    <verse name="v1">
      <lines>MY SOUL DOTH MAGNIFY THE LORD,<br/>And my spirit hath rejoiced in God my Savior,<br/>For He that is mighty hath done great things,<br/>And holy is His name.</lines>
    </verse>
    <verse name="v2">
      <lines>My soul doth magnify the Lord,<br/>My soul doth magnify the Lord,<br/>And my spirit hath rejoiced in God my Savior,<br/>For He that is mighty hath done great things,<br/>And holy is His name.</lines>
    </verse>
  </lyrics>
</song>
