<?xml version='1.0' encoding='UTF-8'?>
<song xmlns="http://openlyrics.info/namespace/2009/song" version="0.8" createdIn="OpenLP 3.1.3" modifiedIn="OpenLP 3.1.3" modifiedDate="2024-12-03T16:35:27">
  <properties>
    <titles>
      <title>CB 129 When the Father Sent His Son</title>
    </titles>
    <copyright>©1974 Lion
of Judah Music (Brentwood-
Benson Music Publ. Inc.)</copyright>
    <verseOrder>v1 c1 v2 c1 v3 c1</verseOrder>
    <ccliNo>18895</ccliNo>
    <authors>
      <author>Ted Sandquist</author>
    </authors>
    <songbooks>
      <songbook name="DCCF Chorus Book" entry="129"/>
    </songbooks>
  </properties>
  <lyrics>
    <verse name="v1">
      <lines>WHEN THE FATHER SENT HIS SON<br/>To live with us, our lives to mend;<br/>Placed His love upon the altar<br/>That with Him we might ascend.</lines>
    </verse>
    <verse name="c1">
      <lines>All that I can do is thank Him,<br/>All that I can do is pray,<br/>All that I can do is lift my hands<br/>To sing His praise.</lines>
    </verse>
    <verse name="v2">
      <lines>Lord, the blessed life You give me<br/>And the holy road You choose<br/>Lead me all the way to Calvary,<br/>And I'll only follow You.</lines>
    </verse>
    <verse name="v3">
      <lines>Lord, I only want Your blessing<br/>While I'm sitting at Your feet.<br/>Nothing in this world can woo me<br/>From Your holy seat.</lines>
    </verse>
  </lyrics>
</song>
