<?xml version='1.0' encoding='UTF-8'?>
<song xmlns="http://openlyrics.info/namespace/2009/song" version="0.8" createdIn="OpenLP 3.1.3" modifiedIn="OpenLP 3.1.3" modifiedDate="2024-12-03T16:24:40">
  <properties>
    <titles>
      <title>CB 15 Hallelujah, For the Lord Our God</title>
    </titles>
    <copyright>©1972
Scripture in Song
(Maranatha! Music)</copyright>
    <verseOrder>v1</verseOrder>
    <ccliNo>21167</ccliNo>
    <authors>
      <author>Dale Garratt</author>
    </authors>
    <songbooks>
      <songbook name="DCCF Chorus Book" entry="15"/>
    </songbooks>
  </properties>
  <lyrics>
    <verse name="v1">
      <lines>HALLELUJAH, FOR THE LORD OUR GOD,<br/>The Almighty, reigns. Hallelujah, for the Lord our<br/>God, the Almighty, reigns. Let us rejoice and be<br/>glad, and give the glory unto Him. Hallelujah, for<br/>the Lord our God, the Almighty, reigns.</lines>
    </verse>
  </lyrics>
</song>
