<?xml version='1.0' encoding='UTF-8'?>
<song xmlns="http://openlyrics.info/namespace/2009/song" version="0.8" createdIn="OpenLP 3.1.3" modifiedIn="OpenLP 3.1.3" modifiedDate="2024-12-03T19:48:41">
  <properties>
    <titles>
      <title>CB 191 In the Name of Jesus</title>
    </titles>
    <verseOrder>v1</verseOrder>
    <authors>
      <author>Author Unknown</author>
    </authors>
    <songbooks>
      <songbook name="DCCF Chorus Book" entry="191"/>
    </songbooks>
  </properties>
  <lyrics>
    <verse name="v1">
      <lines>IN THE NAME OF JESUS,<br/>In the name of Jesus, we have the victory! In the<br/>name of Jesus, in the name of Jesus, Satan will<br/>have to flee. When we stand in the name of<br/>Jesus, tell me, who can stand before us? When<br/>we stand in Thy name, Lord Jesus, we have the<br/>victory.</lines>
    </verse>
  </lyrics>
</song>
