<?xml version='1.0' encoding='UTF-8'?>
<song xmlns="http://openlyrics.info/namespace/2009/song" version="0.8" createdIn="OpenLP 3.1.3" modifiedIn="OpenLP 3.1.3" modifiedDate="2024-12-03T19:45:39">
  <properties>
    <titles>
      <title>CB 187 He's Alive, He's Alive</title>
    </titles>
    <verseOrder>v1 v2 v3</verseOrder>
    <authors>
      <author>Author Unknown</author>
    </authors>
    <songbooks>
      <songbook name="DCCF Chorus Book" entry="187"/>
    </songbooks>
  </properties>
  <lyrics>
    <verse name="v1">
      <lines>He's alive, He's alive, He's alive forevermore,<br/>Jesus is risen from the dead.<br/>He's alive, He's alive, He's alive forevermore,<br/>now He's become my Living Head.</lines>
    </verse>
    <verse name="v2">
      <lines>Death no longer hath dominion,<br/>satan's power is broken down.<br/>He has triumphed, Hallelujah!<br/>And He wears the victor's crown.</lines>
    </verse>
    <verse name="v3">
      <lines>He's alive, He's alive, He's alive forevermore,<br/>Jesus is risen from the dead.</lines>
    </verse>
  </lyrics>
</song>
