<?xml version='1.0' encoding='UTF-8'?>
<song xmlns="http://openlyrics.info/namespace/2009/song" version="0.8" createdIn="OpenLP 3.1.3" modifiedIn="OpenLP 3.1.3" modifiedDate="2024-12-03T17:35:09">
  <properties>
    <titles>
      <title>CB 162 From Glory to Glory He's Changing Me</title>
      <title>II Corinthians 3:18</title>
    </titles>
    <verseOrder>v1 v2</verseOrder>
    <authors>
      <author>Unknown</author>
    </authors>
    <songbooks>
      <songbook name="DCCF Chorus Book" entry="162"/>
    </songbooks>
  </properties>
  <lyrics>
    <verse name="v1">
      <lines>FROM GLORY TO GLORY HE’S CHANGING<br/>ME,<br/>Changing me, changing me. His likeness and<br/>image to perfect in me; the love of God shown to<br/>the world.</lines>
    </verse>
    <verse name="v2">
      <lines>For He's changing, changing me, from earthly<br/>things to the heavenly; His likeness and image to<br/>perfect in me; the love of God shown to the world.</lines>
    </verse>
  </lyrics>
</song>
