<?xml version='1.0' encoding='UTF-8'?>
<song xmlns="http://openlyrics.info/namespace/2009/song" version="0.8" createdIn="OpenLP 3.1.3" modifiedIn="OpenLP 3.1.3" modifiedDate="2024-12-03T19:51:34">
  <properties>
    <titles>
      <title>CB 193 With the Name of Jesus</title>
    </titles>
    <verseOrder>v1 v2 v3</verseOrder>
    <authors>
      <author>Unknown</author>
    </authors>
    <songbooks>
      <songbook name="DCCF Chorus Book" entry="193"/>
    </songbooks>
  </properties>
  <lyrics>
    <verse name="v1">
      <lines>WITH THE NAME OF JESUS,<br/>With the name of Jesus,<br/>With the name of Jesus on our side,<br/>Nothing can defeat us,<br/>By His Word He keeps us,<br/>With the name of Jesus on our side.</lines>
    </verse>
    <verse name="v2">
      <lines>With the blood of Jesus<br/>With the blood of Jesus<br/>With the blood of Jesus on our side,<br/>Nothing can defeat us,<br/>By His Word He keeps us,<br/>With the blood of Jesus on our side.</lines>
    </verse>
    <verse name="v3">
      <lines>With the love of Jesus<br/>With the love of Jesus<br/>With the love of Jesus on our side,<br/>Nothing can defeat us,<br/>By His Word He keeps us,<br/>With the love of Jesus on our side.</lines>
    </verse>
  </lyrics>
</song>
