<?xml version='1.0' encoding='UTF-8'?>
<song xmlns="http://openlyrics.info/namespace/2009/song" version="0.8" createdIn="OpenLP 3.1.3" modifiedIn="OpenLP 3.1.3" modifiedDate="2024-12-03T16:36:33">
  <properties>
    <titles>
      <title>CB 143 You Are My Hiding Place</title>
    </titles>
    <copyright>©1981
Maranatha! Music CCCM
Music (Maranatha! Music)</copyright>
    <verseOrder>c1</verseOrder>
    <ccliNo>21442</ccliNo>
    <authors>
      <author>Michael Ledner</author>
    </authors>
    <songbooks>
      <songbook name="DCCF Chorus Book" entry="143"/>
    </songbooks>
  </properties>
  <lyrics>
    <verse name="c1">
      <lines>YOU ARE MY HIDING PLACE.<br/>You always fill my heart with songs of deliverance;<br/>whenever I am afraid I will trust in You, I will trust<br/>in You. Let the weak say, "I am strong in the<br/>strength of the Lord."</lines>
    </verse>
  </lyrics>
</song>
