<?xml version='1.0' encoding='UTF-8'?>
<song xmlns="http://openlyrics.info/namespace/2009/song" version="0.8" createdIn="OpenLP 3.1.3" modifiedIn="OpenLP 3.1.3" modifiedDate="2024-12-03T19:58:13">
  <properties>
    <titles>
      <title>CB 197 My glory and the lifter of my head</title>
    </titles>
    <copyright>© 1967
Ruth (Mae) McAlister</copyright>
    <verseOrder>v1 v2 v1</verseOrder>
    <ccliNo>26265</ccliNo>
    <authors>
      <author>Ruth McAlister</author>
    </authors>
    <songbooks>
      <songbook name="DCCF Chorus Book" entry="197"/>
    </songbooks>
  </properties>
  <lyrics>
    <verse name="v1">
      <lines>MY GLORY AND THE LIFTER OF MY HEAD,<br/>My glory and the lifter of my head,<br/>For Thou, O Lord, art a shield to me,<br/>My glory and the lifter of my head.</lines>
    </verse>
    <verse name="v2">
      <lines>I cried unto the Lord with my voice,<br/>I cried unto the Lord with my voice,<br/>I cried unto the Lord with my voice,<br/>And He heard me out of His holy hill.<br/>(Repeat first verse)</lines>
    </verse>
  </lyrics>
</song>
