<?xml version='1.0' encoding='UTF-8'?>
<song xmlns="http://openlyrics.info/namespace/2009/song" version="0.8" createdIn="OpenLP 3.1.3" modifiedIn="OpenLP 3.1.3" modifiedDate="2024-12-03T16:34:19">
  <properties>
    <titles>
      <title>CB 116 Lord I Lift Your Name On High</title>
    </titles>
    <copyright>1989 Maranatha Praise, Inc., Administered by Music Services</copyright>
    <verseOrder>v1 c1</verseOrder>
    <ccliNo>117947</ccliNo>
    <authors>
      <author>Rick Founds</author>
    </authors>
    <songbooks>
      <songbook name="DCCF Chorus Book" entry="116"/>
    </songbooks>
  </properties>
  <lyrics>
    <verse name="v1">
      <lines>G <br/><br/>Lord I lift Your name on high<br/>Lord I love to sing Your praises<br/>I'm so glad You're in my life<br/>I'm so glad You came to save us</lines>
    </verse>
    <verse name="c1">
      <lines>You came from heaven to earth<br/>To show the way<br/>From the earth to the cross<br/>My debt to pay<br/>From the cross to the grave<br/>From the grave to the sky<br/>Lord I lift Your name on high</lines>
    </verse>
  </lyrics>
</song>
