<?xml version='1.0' encoding='UTF-8'?>
<song xmlns="http://openlyrics.info/namespace/2009/song" version="0.8" createdIn="OpenLP 3.1.3" modifiedIn="OpenLP 3.1.3" modifiedDate="2024-12-03T17:38:24">
  <properties>
    <titles>
      <title>CB 165 Clap Your Hands, All Ye Peoples</title>
    </titles>
    <verseOrder>v1</verseOrder>
    <authors>
      <author>Unknown</author>
    </authors>
    <songbooks>
      <songbook name="DCCF Chorus Book" entry="165"/>
    </songbooks>
  </properties>
  <lyrics>
    <verse name="v1">
      <lines>CLAP YOUR HANDS, ALL YE PEOPLES,<br/>Shout unto God with a voice of triumph. Clap<br/>your hands, all ye peoples, shout unto God with a<br/>voice of praise.<br/>Hosanna! Hosanna! Shout unto God with a voice<br/>of triumph.<br/>Praise Him! Praise Him! Shout unto God with a<br/>voice of praise.</lines>
    </verse>
  </lyrics>
</song>
