<?xml version='1.0' encoding='UTF-8'?>
<song xmlns="http://openlyrics.info/namespace/2009/song" version="0.8" createdIn="OpenLP 3.1.3" modifiedIn="OpenLP 3.1.3" modifiedDate="2024-12-03T16:35:20">
  <properties>
    <titles>
      <title>CB 128 Sing Hallelujah</title>
    </titles>
    <copyright>©1974 New
Song Creations</copyright>
    <verseOrder>v1 v2 v3 v4 v5</verseOrder>
    <ccliNo>26272</ccliNo>
    <authors>
      <author>Linda Stassen</author>
    </authors>
    <songbooks>
      <songbook name="DCCF Chorus Book" entry="128"/>
    </songbooks>
  </properties>
  <lyrics>
    <verse name="v1">
      <lines>SING HALLELUJAH TO THE LORD,<br/>(Men)<br/>Sing Hallelujah to the Lord, (Women)<br/>Sing Hallelujah to the Lord, (Men)<br/>Sing Hallelujah, (Women)<br/>Sing Hallelujah, sing Hallelujah, (All)<br/>Sing Hallelujah to the Lord. (All)</lines>
    </verse>
    <verse name="v2">
      <lines>Jesus is risen from the dead …</lines>
    </verse>
    <verse name="v3">
      <lines>Jesus is Lord of heaven and earth …</lines>
    </verse>
    <verse name="v4">
      <lines>Jesus is living in His church …</lines>
    </verse>
    <verse name="v5">
      <lines>Jesus is coming for His own …</lines>
    </verse>
  </lyrics>
</song>
