<?xml version='1.0' encoding='UTF-8'?>
<song xmlns="http://openlyrics.info/namespace/2009/song" version="0.8" createdIn="OpenLP 3.1.3" modifiedIn="OpenLP 3.1.3" modifiedDate="2024-12-03T16:32:55">
  <properties>
    <titles>
      <title>CB 100 Wonderful Merciful Savior</title>
    </titles>
    <copyright>1989 Word Music, LLC / Dayspring Music, LLC, Administered by Word Music Group, Inc.</copyright>
    <verseOrder>v1 c1 v2 c1 v3 c1</verseOrder>
    <ccliNo>106879</ccliNo>
    <authors>
      <author>Dawn Rodgers</author>
      <author>Eric Wyse</author>
    </authors>
    <songbooks>
      <songbook name="DCCF Chorus Book" entry="100"/>
    </songbooks>
  </properties>
  <lyrics>
    <verse name="v1">
      <lines>C<br/><br/>Wonderful, merciful Savior,<br/>Precious Redeemer and Friend,<br/>Who would have thought that a Lamb<br/>Could rescue the souls of men,<br/>Oh, You rescue the souls of men.</lines>
    </verse>
    <verse name="c1">
      <lines>You are the One that we praise,<br/>You are the One we adore,<br/>You give the healing and grace<br/>Our hearts always hunger for,<br/>Oh, our hearts always hunger for.</lines>
    </verse>
    <verse name="v2">
      <lines>Counselor, Comforter, Keeper,<br/>Spirit we long to embrace,<br/>You offer hope when our hearts<br/>Have hopelessly lost the way,<br/>Oh, we've hopelessly lost the way.</lines>
    </verse>
    <verse name="v3">
      <lines>Almighty, infinite Father,<br/>Faithfully loving Your own,<br/>Here in our weakness You find us<br/>Falling before Your throne,<br/>Oh, we're falling before Your throne.</lines>
    </verse>
  </lyrics>
</song>
