<?xml version='1.0' encoding='UTF-8'?>
<song xmlns="http://openlyrics.info/namespace/2009/song" version="0.8" createdIn="OpenLP 3.1.3" modifiedIn="OpenLP 3.1.3" modifiedDate="2024-12-03T16:24:06">
  <properties>
    <titles>
      <title>CB 10 I Love You, Lord</title>
    </titles>
    <copyright>©1978, 1980
House of Mercy Music
(Maranatha! Music)</copyright>
    <verseOrder>v1</verseOrder>
    <ccliNo>25266</ccliNo>
    <authors>
      <author>Laurie Klein</author>
    </authors>
    <songbooks>
      <songbook name="DCCF Chorus Book" entry="10"/>
    </songbooks>
  </properties>
  <lyrics>
    <verse name="v1">
      <lines>I LOVE YOU, LORD,<br/>And I lift my voice<br/>To worship You; O my soul, rejoice.<br/>Take joy, my King, in what You hear.<br/>Let it be a sweet, sweet sound in Your ear.</lines>
    </verse>
  </lyrics>
</song>
