<?xml version='1.0' encoding='UTF-8'?>
<song xmlns="http://openlyrics.info/namespace/2009/song" version="0.8" createdIn="OpenLP 3.1.3" modifiedIn="OpenLP 3.1.3" modifiedDate="2024-12-03T16:33:30">
  <properties>
    <titles>
      <title>CB 106 Therefore They Shall Come and Sing</title>
    </titles>
    <copyright>©1978
Maranatha! Music</copyright>
    <ccliNo>38552</ccliNo>
    <authors>
      <author>Ray Rempt</author>
    </authors>
    <songbooks>
      <songbook name="DCCF Chorus Book" entry="106"/>
    </songbooks>
  </properties>
  <lyrics>
    <verse name="v1">
      <lines>THEREFORE THEY SHALL COME AND SING<br/>In the height of Zion and shall flow together to the<br/>goodness of the Lord; for wheat and for wine, for<br/>oil and for the young, for the young of the flock<br/>and of the herd. And their soul shall be as a<br/>watered garden, and they shall not sorrow<br/>anymore at all.</lines>
    </verse>
  </lyrics>
</song>
