<?xml version='1.0' encoding='UTF-8'?>
<song xmlns="http://openlyrics.info/namespace/2009/song" version="0.8" createdIn="OpenLP 3.1.3" modifiedIn="OpenLP 3.1.3" modifiedDate="2024-12-03T16:37:37">
  <properties>
    <titles>
      <title>CB 156 Pierce My Ear</title>
    </titles>
    <copyright>1980 Dayspring Music, LLC, Administered by Word Music Group, Inc.</copyright>
    <verseOrder>v1 v2</verseOrder>
    <ccliNo>68618</ccliNo>
    <authors>
      <author>Steve Croft</author>
    </authors>
    <songbooks>
      <songbook name="DCCF Chorus Book" entry="156"/>
    </songbooks>
  </properties>
  <lyrics>
    <verse name="v1">
      <lines>Pierce my ear O Lord my God<br/>Take me to Your door this day<br/>I will serve no other God<br/>Lord I'm here to stay</lines>
    </verse>
    <verse name="v2">
      <lines>For You have paid the price for me<br/>With Your blood You ransomed me<br/>I will serve You eternally<br/>A free man I'll never be</lines>
    </verse>
  </lyrics>
</song>
