<?xml version='1.0' encoding='UTF-8'?>
<song xmlns="http://openlyrics.info/namespace/2009/song" version="0.8" createdIn="OpenLP 3.1.3" modifiedIn="OpenLP 3.1.3" modifiedDate="2024-12-03T19:46:59">
  <properties>
    <titles>
      <title>CB 189 Victory, O Victory</title>
    </titles>
    <verseOrder>v1</verseOrder>
    <authors>
      <author>Unknown</author>
    </authors>
    <songbooks>
      <songbook name="DCCF Chorus Book" entry="189"/>
    </songbooks>
  </properties>
  <lyrics>
    <verse name="v1">
      <lines>VICTORY, O VICTORY SHALL BE MINE.<br/>Victory, O victory shall be mine.<br/>If I hold my peace and the Lord fights my battles,<br/>Then victory, O victory shall be mine.</lines>
    </verse>
  </lyrics>
</song>
