<?xml version='1.0' encoding='UTF-8'?>
<song xmlns="http://openlyrics.info/namespace/2009/song" version="0.8" createdIn="OpenLP 3.1.3" modifiedIn="OpenLP 3.1.3" modifiedDate="2024-12-03T16:34:48">
  <properties>
    <titles>
      <title>CB 122 I Lift My Head</title>
    </titles>
    <copyright>©1989
Kempen Music (Music
Services Inc.)</copyright>
    <verseOrder>v1 v2 v1</verseOrder>
    <ccliNo>159259</ccliNo>
    <authors>
      <author>Andre Kempen</author>
    </authors>
    <songbooks>
      <songbook name="DCCF Chorus Book" entry="122"/>
    </songbooks>
  </properties>
  <lyrics>
    <verse name="v1">
      <lines>I LIFT MY HEAD<br/>(echo)<br/>To the coming King (echo),<br/>To the great I AM (echo),<br/>To You I sing. (echo),<br/>For You're the one (echo)<br/>Who reigns within my heart.</lines>
    </verse>
    <verse name="v2">
      <lines>For I will serve no foreign god,<br/>Nor any other treasure;<br/>For You are my heart's desire,<br/>The Spirit without measure.<br/>Unto Your name I will bring my sac</lines>
    </verse>
  </lyrics>
</song>
