<?xml version='1.0' encoding='UTF-8'?>
<song xmlns="http://openlyrics.info/namespace/2009/song" version="0.8" createdIn="OpenLP 3.1.3" modifiedIn="OpenLP 3.1.3" modifiedDate="2024-12-03T16:37:23">
  <properties>
    <titles>
      <title>CB 153 You're Not Your Own</title>
    </titles>
    <verseOrder>v1</verseOrder>
    <authors>
      <author>Author Unknown</author>
    </authors>
    <songbooks>
      <songbook name="DCCF Chorus Book" entry="153"/>
    </songbooks>
  </properties>
  <lyrics>
    <verse name="v1">
      <lines>You're not your own, you're Mine,<br/>I've chosen you, you're Mine;<br/>bought with the blood of Jesus,<br/>you're not your own, you're Mine.<br/>I'm not my own, I'm Yours,<br/>O Lamb of God, I'm Yours,<br/>bought with the blood of Jesus,<br/>I'm not my own, I'm Yours.</lines>
    </verse>
  </lyrics>
</song>
