<?xml version='1.0' encoding='UTF-8'?>
<song xmlns="http://openlyrics.info/namespace/2009/song" version="0.8" createdIn="OpenLP 3.1.3" modifiedIn="OpenLP 3.1.3" modifiedDate="2024-12-03T19:56:21">
  <properties>
    <titles>
      <title>CB 195 He is able - He is able</title>
    </titles>
    <copyright>©1958 New
Spring (Brentwood-Benson
Music Publishing, Inc.)</copyright>
    <verseOrder>v1 v2 v1</verseOrder>
    <ccliNo>57636</ccliNo>
    <authors>
      <author>Paul Paino</author>
    </authors>
    <songbooks>
      <songbook name="DCCF Chorus Book" entry="195"/>
    </songbooks>
  </properties>
  <lyrics>
    <verse name="v1">
      <lines>D<br/>He is able - He is able<br/>I know my Lord is able<br/>I know my Lord is able<br/>to carry me through (repeat)</lines>
    </verse>
    <verse name="v2">
      <lines>He healed the broken-hearted<br/>He set the captives free<br/>He made the lame to walk again<br/>And He caused the blind to see.<br/>(repeat first verse)</lines>
    </verse>
  </lyrics>
</song>
