<?xml version='1.0' encoding='UTF-8'?>
<song xmlns="http://openlyrics.info/namespace/2009/song" version="0.8" createdIn="OpenLP 3.1.3" modifiedIn="OpenLP 3.1.3" modifiedDate="2024-12-03T16:33:20">
  <properties>
    <titles>
      <title>CB 105 Therefore The Redeemed</title>
    </titles>
    <copyright>1972 Scripture In Song, Administered by Integrity Music, Inc.</copyright>
    <verseOrder>v1 v1 v2 v3</verseOrder>
    <ccliNo>26313</ccliNo>
    <authors>
      <author>Ruth Lake</author>
    </authors>
    <songbooks>
      <songbook name="DCCF Chorus Book" entry="105"/>
    </songbooks>
  </properties>
  <lyrics>
    <verse name="v1">
      <lines>G<br/><br/>Therefore the redeemed<br/>Of the Lord shall return,<br/>And come with singing unto Zion,<br/>And everlasting joy<br/>Shall be upon their head.<br/></lines>
    </verse>
    <verse name="v2">
      <lines>They shall obtain<br/>Gladness and joy,<br/>And sorrow and mourning<br/>Shall flee away.</lines>
    </verse>
    <verse name="v3">
      <lines>Therefore the redeemed<br/>Of the Lord shall return,<br/>And come with singing unto Zion,<br/>And everlasting joy<br/>Shall be upon their head.</lines>
    </verse>
  </lyrics>
</song>
