<?xml version='1.0' encoding='UTF-8'?>
<song xmlns="http://openlyrics.info/namespace/2009/song" version="0.8" createdIn="OpenLP 3.1.3" modifiedIn="OpenLP 3.1.3" modifiedDate="2024-12-03T16:24:48">
  <properties>
    <titles>
      <title>CB 16 Jesus is King and I Will Extol Him</title>
    </titles>
    <copyright>©1982
Authentic Publishing (Music
Services Inc.)</copyright>
    <verseOrder>v1 v2 v3 v4</verseOrder>
    <ccliNo>56558</ccliNo>
    <authors>
      <author>Wendy Churchill</author>
    </authors>
    <songbooks>
      <songbook name="DCCF Chorus Book" entry="16"/>
    </songbooks>
  </properties>
  <lyrics>
    <verse name="v1">
      <lines>JESUS IS KING AND I WILL EXTOL HIM.<br/>Give Him the glory, and honor His name.<br/>He reigns on high, enthroned in the heavens,<br/>Word of the Father, exalted for us.</lines>
    </verse>
    <verse name="v2">
      <lines>We have a hope that is steadfast and certain,<br/>Gone through the curtain and touching the throne.<br/>We have a Priest who is there interceding,<br/>Pouring His grace on our lives day by day.</lines>
    </verse>
    <verse name="v3">
      <lines>We come to Him, our Priest and Apostle,<br/>Clothed in His glory and bearing His name,<br/>Laying our lives with gladness before Him;<br/>Filled with His Spirit we worship the King.</lines>
    </verse>
    <verse name="v4">
      <lines>O Holy One, our hearts do adore You;<br/>Thrilled with Your goodness we give You our<br/>praise.<br/>Angels in light with worship surround Him,<br/>Jesus, our Savior, forever the same. </lines>
    </verse>
  </lyrics>
</song>
