<?xml version='1.0' encoding='UTF-8'?>
<song xmlns="http://openlyrics.info/namespace/2009/song" version="0.8" createdIn="OpenLP 3.1.3" modifiedIn="OpenLP 3.1.3" modifiedDate="2024-12-03T19:56:57">
  <properties>
    <titles>
      <title>CB 196 Let God Arise</title>
    </titles>
    <verseOrder>v1</verseOrder>
    <authors>
      <author>Unknown</author>
    </authors>
    <songbooks>
      <songbook name="DCCF Chorus Book" entry="196"/>
    </songbooks>
  </properties>
  <lyrics>
    <verse name="v1">
      <lines>LET GOD ARISE AND HIS ENEMIES BE<br/>SCATTERED.<br/>Let God arise and His enemies be scattered.<br/>Let God arise and His enemies be scattered.<br/>Let God, let God arise.</lines>
    </verse>
  </lyrics>
</song>
