<?xml version='1.0' encoding='UTF-8'?>
<song xmlns="http://openlyrics.info/namespace/2009/song" version="0.8" createdIn="OpenLP 3.1.3" modifiedIn="OpenLP 3.1.3" modifiedDate="2024-12-03T15:43:58">
  <properties>
    <titles>
      <title>CB 1 We Bring the Sacrifice of Praise #1</title>
    </titles>
    <verseOrder>v1</verseOrder>
    <ccliNo>9900</ccliNo>
    <authors>
      <author>Kirk Dearman</author>
    </authors>
    <songbooks>
      <songbook name="DCCF Chorus Book" entry="1"/>
    </songbooks>
  </properties>
  <lyrics>
    <verse name="v1">
      <lines>WE BRING THE SACRIFICE OF PRAISE<br/>Into the house of the Lord.<br/>We bring the sacrifice of praise,<br/>Into the house of the Lord.<br/>And we offer up to Him,<br/>The sacrifices of thanksgiving.<br/>And we offer up to Him,<br/>The sacrifices of joy.</lines>
    </verse>
  </lyrics>
</song>
