<?xml version='1.0' encoding='UTF-8'?>
<song xmlns="http://openlyrics.info/namespace/2009/song" version="0.8" createdIn="OpenLP 3.1.3" modifiedIn="OpenLP 3.1.3" modifiedDate="2024-12-03T19:22:05">
  <properties>
    <titles>
      <title>CB 174 To Keep Your Lovely Face</title>
    </titles>
    <comments>
      <comment>chorus 2 (optional)

[above are Song Tags with notes imported from EasyWorship]</comment>
    </comments>
    <copyright>1983 Thankyou Music, Administered by EMI Christian Music Publishing</copyright>
    <verseOrder>v1</verseOrder>
    <ccliNo>223006</ccliNo>
    <authors>
      <author>Graham Kendrick</author>
    </authors>
    <songbooks>
      <songbook name="DCCF Chorus Book" entry="174"/>
    </songbooks>
  </properties>
  <lyrics>
    <verse name="v1">
      <lines>D<br/>To keep Your lovely face<br/>Ever before my eyes,<br/>This is my prayer,<br/>Make it my strong desire;<br/>That in my secret heart<br/>No other love competes,<br/>No rival throne survives<br/>And I serve only You.</lines>
    </verse>
    <verse name="c2">
      <lines>To keep Your lovely face<br/>Ever before our eyes<br/>This is our prayer<br/>Make it our strong desire<br/>That in our secret heart<br/>No other love competes<br/>No rival throne survives<br/>And we serve only You</lines>
    </verse>
  </lyrics>
</song>
