<?xml version='1.0' encoding='UTF-8'?>
<song xmlns="http://openlyrics.info/namespace/2009/song" version="0.8" createdIn="OpenLP 3.1.3" modifiedIn="OpenLP 3.1.3" modifiedDate="2024-12-03T18:08:54">
  <properties>
    <titles>
      <title>CB 172 You Are My All In All</title>
    </titles>
    <copyright>1991 Shepherd's Heart Music, Inc., Administered by Word Music Group, Inc.</copyright>
    <verseOrder>v1 c1 v2 c1</verseOrder>
    <ccliNo>825356</ccliNo>
    <authors>
      <author>Dennis Jernigan</author>
    </authors>
    <songbooks>
      <songbook name="DCCF Chorus Book" entry="172"/>
    </songbooks>
  </properties>
  <lyrics>
    <verse name="v1">
      <lines>YOU ARE MY STRENGTH WHEN I AM WEAK,<br/>You are the treasure that I seek,<br/>You are my all in all.<br/>Seeking You as a precious jewel,<br/>Lord, to give up I'd be a fool,<br/>You are my all in all.</lines>
    </verse>
    <verse name="c1">
      <lines>Jesus, Lamb of God,<br/>Worthy is Your name,<br/>Jesus, Lamb of God,<br/>Worthy is Your name.<br/></lines>
    </verse>
    <verse name="v2">
      <lines>Taking my sin, my cross, my shame,<br/>Rising again, I bless Your name,<br/>You are my all in all.<br/>When I fall down You pick me up,<br/>When I am dry You fill my cup,<br/>You are my all in all.</lines>
    </verse>
  </lyrics>
</song>
