<?xml version='1.0' encoding='UTF-8'?>
<song xmlns="http://openlyrics.info/namespace/2009/song" version="0.8" createdIn="OpenLP 3.1.3" modifiedIn="OpenLP 3.1.3" modifiedDate="2024-12-03T19:35:54">
  <properties>
    <titles>
      <title>CB 183 Rejoice Forevermore</title>
    </titles>
    <verseOrder>v1 v2 v3</verseOrder>
    <authors>
      <author>Unknown</author>
    </authors>
    <songbooks>
      <songbook name="DCCF Chorus Book" entry="183"/>
    </songbooks>
    <themes>
      <theme>1 Thessalonians
5:16-18</theme>
    </themes>
  </properties>
  <lyrics>
    <verse name="v1">
      <lines>REJOICE EVERMORE,<br/>For this is the will of God.<br/>Rejoice evermore,<br/>For this is the will of God.<br/>Rejoice evermore,<br/>For this is the will of God<br/>In Christ Jesus concerning you.</lines>
    </verse>
    <verse name="v2">
      <lines>Pray without ceasing,<br/>For this is the will of God...</lines>
    </verse>
    <verse name="v3">
      <lines>In everything give thanks,<br/>For this is the will of God...</lines>
    </verse>
  </lyrics>
</song>
