<?xml version='1.0' encoding='UTF-8'?>
<song xmlns="http://openlyrics.info/namespace/2009/song" version="0.8" createdIn="OpenLP 3.1.3" modifiedIn="OpenLP 3.1.3" modifiedDate="2024-12-03T16:32:59">
  <properties>
    <titles>
      <title>CB 101 Bless the Lord, O My Soul</title>
    </titles>
    <authors>
      <author>Unknown</author>
    </authors>
    <songbooks>
      <songbook name="DCCF Chorus Book" entry="101"/>
    </songbooks>
  </properties>
  <lyrics>
    <verse name="v1">
      <lines>BLESS THE LORD, O MY SOUL,<br/>And all that is within me, bless, O bless His holy<br/>name.<br/>(Repeat)<br/>Who forgiveth all thine iniquities, who healeth all<br/>thy diseases.<br/>(Repeat first verse)</lines>
    </verse>
  </lyrics>
</song>
