<?xml version='1.0' encoding='UTF-8'?>
<song xmlns="http://openlyrics.info/namespace/2009/song" version="0.8" createdIn="OpenLP 3.1.3" modifiedIn="OpenLP 3.1.3" modifiedDate="2024-12-03T17:48:02">
  <properties>
    <titles>
      <title>CB 169 You Are My Everything</title>
    </titles>
    <verseOrder>v1 v2</verseOrder>
    <authors>
      <author>Unknown</author>
    </authors>
    <songbooks>
      <songbook name="DCCF Chorus Book" entry="169"/>
    </songbooks>
  </properties>
  <lyrics>
    <verse name="v1">
      <lines>YOU ARE MY EVERYTHING.<br/>You are my all in all; the song that I sing; the<br/>answer when I call. You are my everything. You<br/>are my all in all. It’s in You that my life is blessed;<br/>You are my righteousness; You are my all in all.</lines>
    </verse>
    <verse name="v2">
      <lines>You are my everything. You are my all in all. The<br/>strength of my life, You lift me when I fall.<br/>You are my everything. You are my all in all.<br/>You're my Father who cares for me. You have<br/>created me. You are my all in all.</lines>
    </verse>
  </lyrics>
</song>
