<?xml version='1.0' encoding='UTF-8'?>
<song xmlns="http://openlyrics.info/namespace/2009/song" version="0.8" createdIn="OpenLP 3.1.3" modifiedIn="OpenLP 3.1.3" modifiedDate="2024-12-03T16:35:50">
  <properties>
    <titles>
      <title>CB 134 Give Thanks With a Grateful Heart</title>
    </titles>
    <copyright>©1978
Integrity’s Hosanna! Music
(Integrity Music, Inc.)</copyright>
    <verseOrder>v1 v2</verseOrder>
    <ccliNo>20285</ccliNo>
    <authors>
      <author>Henry Smith</author>
    </authors>
    <songbooks>
      <songbook name="DCCF Chorus Book" entry="134"/>
    </songbooks>
  </properties>
  <lyrics>
    <verse name="v1">
      <lines>GIVE THANKS WITH A GRATEFUL HEART.<br/>Give thanks to the Holy One.<br/>Give thanks because He's given<br/>Jesus Christ, His Son.<br/>(Repeat)</lines>
    </verse>
    <verse name="v2">
      <lines>And now, let the weak say, “I am strong,”<br/>Let the poor say, “I am rich,”<br/>Because of what the Lord has done for us<br/>(Repeat)<br/>Give thanks.</lines>
    </verse>
  </lyrics>
</song>
