<?xml version='1.0' encoding='UTF-8'?>
<song xmlns="http://openlyrics.info/namespace/2009/song" version="0.8" createdIn="OpenLP 3.1.3" modifiedIn="OpenLP 3.1.3" modifiedDate="2024-12-03T18:10:34">
  <properties>
    <titles>
      <title>CB 173 Where Shall I Go From Thy Spirit?</title>
      <title>Psalm 139</title>
    </titles>
    <copyright>©1975,
Bethany Fellowship, Inc</copyright>
    <verseOrder>v1 c1 v2 c1 v3 c1</verseOrder>
    <authors>
      <author>Gary Johnson</author>
    </authors>
    <songbooks>
      <songbook name="DCCF Chorus Book" entry="173"/>
    </songbooks>
  </properties>
  <lyrics>
    <verse name="v1">
      <lines>WHERE SHALL I GO FROM THY SPIRIT?<br/>Where shall I flee from Thy presence?<br/>If I ascend into heaven, Thou art there,<br/>If I go down to the depths, Thou art there.</lines>
    </verse>
    <verse name="c1">
      <lines>If I take the wings of the morning<br/>And fly to the farthest sea,<br/>There will Thy hand still lead me<br/>Thy right hand still holds me safe.</lines>
    </verse>
    <verse name="v2">
      <lines>Surely the night will cover<br/>And the light all around be as night.<br/>But yet the dark hideth not from Thee,<br/>For the night is as bright as the day.</lines>
    </verse>
    <verse name="v3">
      <lines>Lord, Thou hast searched me and known me;<br/>You know my thoughts from afar.<br/>You trace my path as I walk, when I rest,<br/>Before, behind, You are there with Your hand.</lines>
    </verse>
  </lyrics>
</song>
