<?xml version='1.0' encoding='UTF-8'?>
<song xmlns="http://openlyrics.info/namespace/2009/song" version="0.8" createdIn="OpenLP 3.1.3" modifiedIn="OpenLP 3.1.3" modifiedDate="2024-12-03T16:24:54">
  <properties>
    <titles>
      <title>CB 17 Thou Art My God and I Will Praise Thee</title>
    </titles>
    <copyright>©1972
Scripture in Song
(Maranatha! Music)</copyright>
    <verseOrder>v1</verseOrder>
    <ccliNo>26320</ccliNo>
    <authors>
      <author>Tony Hopkins</author>
    </authors>
    <songbooks>
      <songbook name="DCCF Chorus Book" entry="17"/>
    </songbooks>
  </properties>
  <lyrics>
    <verse name="v1">
      <lines>THOU ART MY GOD AND I WILL PRAISE<br/>THEE;<br/>Thou art my God, I will exalt Thee.<br/>O give thanks unto the Lord for He is good,<br/>For His mercy endureth forever.</lines>
    </verse>
  </lyrics>
</song>
