<?xml version='1.0' encoding='UTF-8'?>
<song xmlns="http://openlyrics.info/namespace/2009/song" version="0.8" createdIn="OpenLP 3.1.3" modifiedIn="OpenLP 3.1.3" modifiedDate="2024-12-03T19:23:11">
  <properties>
    <titles>
      <title>CB 175 I was made to praise you</title>
    </titles>
    <copyright>©1990
Integrity’s Hosanna! Music
(Integrity Music, Inc.)</copyright>
    <verseOrder>v1 v2 v3 v4</verseOrder>
    <ccliNo>190658</ccliNo>
    <authors>
      <author>Chris Christensen</author>
    </authors>
    <songbooks>
      <songbook name="DCCF Chorus Book" entry="175"/>
    </songbooks>
  </properties>
  <lyrics>
    <verse name="v1">
      <lines>D<br/>I was made to praise You,<br/>I was made to glorify Your name,<br/>In every circumstance,<br/>To find a chance to thank you.</lines>
    </verse>
    <verse name="v2">
      <lines>I was made to love you,<br/>I was made to worship at Your feet<br/>And to obey You Lord<br/>I was made for You</lines>
    </verse>
    <verse name="v3">
      <lines>I will always praise You<br/>I will always glorify Your name,<br/>In every circumstance<br/>To Find a chance to thank You.</lines>
    </verse>
    <verse name="v4">
      <lines>I will always love You.<br/>I will always worship at Your feet,<br/>And I'll obey You Lord,<br/>I was made for You.</lines>
    </verse>
  </lyrics>
</song>
