<?xml version='1.0' encoding='UTF-8'?>
<song xmlns="http://openlyrics.info/namespace/2009/song" version="0.8" createdIn="OpenLP 3.1.3" modifiedIn="OpenLP 3.1.3" modifiedDate="2024-12-03T16:37:41">
  <properties>
    <titles>
      <title>CB 157 The Joy of the Lord is My Strength</title>
    </titles>
    <copyright>© 1971 His
Eye Music, The Joy Of The
Lord Publ. Multisongs (EMI
Christian Music Publ. BMI
Music Publishing)</copyright>
    <verseOrder>v1 v2 v3 v4</verseOrder>
    <ccliNo>14569</ccliNo>
    <authors>
      <author>Alliene Vale</author>
    </authors>
    <songbooks>
      <songbook name="DCCF Chorus Book" entry="157"/>
    </songbooks>
  </properties>
  <lyrics>
    <verse name="v1">
      <lines>THE JOY OF THE LORD IS MY STRENGTH,<br/>The joy of the Lord is my strength. (3x)</lines>
    </verse>
    <verse name="v2">
      <lines>The word of faith is nigh thee, even in thy mouth,<br/>(3x)<br/>The joy of the Lord is my strength.</lines>
    </verse>
    <verse name="v3">
      <lines>He gives me living water and I thirst no more, (3x)<br/>The joy of the Lord is my strength.</lines>
    </verse>
    <verse name="v4">
      <lines>I'll sing and shout and praise His name, for He is<br/>Lord, (3x)<br/>The joy of the Lord is my strength.</lines>
    </verse>
  </lyrics>
</song>
