<?xml version='1.0' encoding='UTF-8'?>
<song xmlns="http://openlyrics.info/namespace/2009/song" version="0.8" createdIn="OpenLP 3.1.3" modifiedIn="OpenLP 3.1.3" modifiedDate="2024-12-03T19:39:54">
  <properties>
    <titles>
      <title>CB 186 They That Wait Upon The Lord</title>
    </titles>
    <copyright>© 1953.
Renewed 1981 Hamblen
Music Company</copyright>
    <verseOrder>v1</verseOrder>
    <ccliNo>31463</ccliNo>
    <authors>
      <author>Stuart Hamblen</author>
    </authors>
    <songbooks>
      <songbook name="DCCF Chorus Book" entry="186"/>
    </songbooks>
  </properties>
  <lyrics>
    <verse name="v1">
      <lines>THEY THAT WAIT UPON THE LORD<br/>Shall renew their strength;<br/>They shall mount up with wings as eagles;<br/>They shall run and not be weary;<br/>They shall walk and not faint.<br/>Teach me, Lord, teach me, Lord, to wait.</lines>
    </verse>
  </lyrics>
</song>
