<?xml version='1.0' encoding='UTF-8'?>
<song xmlns="http://openlyrics.info/namespace/2009/song" version="0.8" createdIn="OpenLP 3.1.3" modifiedIn="OpenLP 3.1.3" modifiedDate="2024-12-03T16:37:08">
  <properties>
    <titles>
      <title>CB 150 Unto Thee Oh Lord</title>
    </titles>
    <copyright>©1971,
1973 Maranatha! Music
CCCM Music (Maranatha!
Music)</copyright>
    <verseOrder>v1 v2</verseOrder>
    <ccliNo>36011</ccliNo>
    <authors>
      <author>Author Unknown</author>
      <author>Charles F Monroe</author>
    </authors>
    <songbooks>
      <songbook name="DCCF Chorus Book" entry="150"/>
    </songbooks>
  </properties>
  <lyrics>
    <verse name="v1">
      <lines>UNTO THEE, O LORD<br/>Do I lift up my soul; unto Thee, O Lord, do I lift up<br/>my soul. O my God, I trust in Thee; let me not be<br/>ashamed, let not mine enemies triumph over me.</lines>
    </verse>
    <verse name="v2">
      <lines>Show me Thy ways, Thy ways, O Lord; Teach me<br/>Thy paths, Thy paths, O Lord; O my God, I trust in<br/>Thee; let me not be ashamed, let not mine<br/>enemies triumph over me.</lines>
    </verse>
  </lyrics>
</song>
