<?xml version='1.0' encoding='UTF-8'?>
<song xmlns="http://openlyrics.info/namespace/2009/song" version="0.8" createdIn="OpenLP 3.1.3" modifiedIn="OpenLP 3.1.3" modifiedDate="2024-12-03T16:35:32">
  <properties>
    <titles>
      <title>CB 130 I Will Bless the Lord at All Times</title>
      <title>Psalm 34:1-4</title>
    </titles>
    <copyright>©1977
Scripture in Song
(Maranatha! Music)</copyright>
    <verseOrder>v1 v2</verseOrder>
    <ccliNo>120587</ccliNo>
    <authors>
      <author>Ross Fleming</author>
    </authors>
    <songbooks>
      <songbook name="DCCF Chorus Book" entry="130"/>
    </songbooks>
  </properties>
  <lyrics>
    <verse name="v1">
      <lines>I WILL BLESS THE LORD AT ALL TIMES;<br/>His praise shall continually be in my mouth.<br/>My soul shall make her boast in Thee, Lord;<br/>The humble shall hear thereof and be glad.</lines>
    </verse>
    <verse name="v2">
      <lines>O magnify the Lord with me,<br/>And let us exalt His name together.<br/>I sought the Lord and He heard me,<br/>And delivered me from all my fears.</lines>
    </verse>
  </lyrics>
</song>
