<?xml version='1.0' encoding='UTF-8'?>
<song xmlns="http://openlyrics.info/namespace/2009/song" version="0.8" createdIn="OpenLP 3.1.3" modifiedIn="OpenLP 3.1.3" modifiedDate="2024-12-03T16:34:08">
  <properties>
    <titles>
      <title>CB 114 Blessed is the Name of Jesus</title>
    </titles>
    <verseOrder>v1 v2 v3 v4 v5 v6</verseOrder>
    <authors>
      <author>Unknown</author>
    </authors>
    <songbooks>
      <songbook name="DCCF Chorus Book" entry="114"/>
    </songbooks>
  </properties>
  <lyrics>
    <verse name="v1">
      <lines>BLESSED IS THE NAME OF JESUS.<br/>Hallelujah, praise the Lord.<br/>Blessed is the name of Jesus.<br/>Hallelujah, evermore.</lines>
    </verse>
    <verse name="v2">
      <lines>He has died for our salvation,<br/>Hallelujah, praise the Lord.<br/>He has died for our salvation.<br/>Hallelujah, evermore.</lines>
    </verse>
    <verse name="v3">
      <lines>He arose again on the third day, <br/>Hallelujah, praise the Lord.<br/>He arose again on the third day, <br/>Hallelujah, evermore.</lines>
    </verse>
    <verse name="v4">
      <lines>He ascended into heaven, <br/>Hallelujah, praise the Lord.<br/>He ascended into heaven,<br/>Hallelujah, evermore.</lines>
    </verse>
    <verse name="v5">
      <lines>He sent us the Holy Spirit, <br/>Hallelujah, praise the Lord.<br/>He sent us the Holy Spirit, <br/>Hallelujah, evermore.</lines>
    </verse>
    <verse name="v6">
      <lines>He is coming back again,<br/>Hallelujah, praise the Lord.<br/>He is coming back again,<br/>Hallelujah, evermore.</lines>
    </verse>
  </lyrics>
</song>
