<?xml version='1.0' encoding='UTF-8'?>
<song xmlns="http://openlyrics.info/namespace/2009/song" version="0.8" createdIn="OpenLP 3.1.3" modifiedIn="OpenLP 3.1.3" modifiedDate="2024-12-03T16:34:52">
  <properties>
    <titles>
      <title>CB 123 Oh The Blood Of The Passover Lamb</title>
    </titles>
    <copyright>©1991
Integrity Hosanna! Music
(Integrity Music, Inc.)</copyright>
    <verseOrder>v1 v2 c1 c2</verseOrder>
    <ccliNo>674796</ccliNo>
    <authors>
      <author>Martin J. Nystrom</author>
      <author>Rhonda Gunter</author>
    </authors>
    <songbooks>
      <songbook name="DCCF Chorus Book" entry="123"/>
    </songbooks>
  </properties>
  <lyrics>
    <verse name="v1">
      <lines>Oh the blood of the Passover Lamb<br/>Is applied to the door of my life<br/>No power of darkness<br/>Could ever withstand<br/>The force of the blood sacrifice</lines>
    </verse>
    <verse name="v2">
      <lines>Though Satan will bring accusations<br/>We let Him know right<br/>Where we stand<br/>For now there is no condemnation<br/>We're under the blood of the Lamb</lines>
    </verse>
    <verse name="c1">
      <lines>I'm under the blood of the Lamb<br/>That covers the guilt of my past<br/>By the mercy of God<br/>Holy and righteous I stand</lines>
    </verse>
    <verse name="c2">
      <lines>I'm under the blood of the Lamb.<br/>I'm safe and secure from the enemy's plan.<br/>No weapon formed against me will stand.<br/>I'm under the blood of the Lamb</lines>
    </verse>
  </lyrics>
</song>
