<?xml version='1.0' encoding='UTF-8'?>
<song xmlns="http://openlyrics.info/namespace/2009/song" version="0.8" createdIn="OpenLP 3.1.3" modifiedIn="OpenLP 3.1.3" modifiedDate="2024-12-03T19:38:00">
  <properties>
    <titles>
      <title>CB 184 I am the Bread of Life</title>
    </titles>
    <copyright>©1966,
1970, 1986, 1993, GIA
Publications, Inc.</copyright>
    <verseOrder>v1 c1 v2 c1 v3 c1 v4 c1 v5 c1</verseOrder>
    <authors>
      <author>Suzanne Toolan</author>
    </authors>
    <songbooks>
      <songbook name="DCCF Chorus Book" entry="184"/>
    </songbooks>
  </properties>
  <lyrics>
    <verse name="v1">
      <lines>I AM THE BREAD OF LIFE,<br/>He who comes to Me shall not hunger,<br/>He who believes in Me shall not thirst.<br/>No one can come to Me<br/>Unless the Father draw him.</lines>
    </verse>
    <verse name="c1">
      <lines>And I will raise him up,<br/>And I will raise him up,<br/>And I will raise him up on the last day.</lines>
    </verse>
    <verse name="v2">
      <lines>The bread that I will give<br/>Is My flesh for the life of the world.<br/>And he who eats of this bread,<br/>He shall live for ever,<br/>He shall live for ever.</lines>
    </verse>
    <verse name="v3">
      <lines>Unless you eat<br/>Of the flesh of the Son of Man<br/>And drink of His blood,<br/>And drink of His blood,<br/>You shall not have life within you.</lines>
    </verse>
    <verse name="v4">
      <lines>I am the Resurrection,<br/>I am the Life,<br/>He who believes in Me,<br/>Even if he dies,<br/>He shall live forever.</lines>
    </verse>
    <verse name="v5">
      <lines>Yes, Lord, we believe<br/>That You are the Christ,<br/>The Son of God<br/>Who has come into the world.</lines>
    </verse>
  </lyrics>
</song>
