<?xml version='1.0' encoding='UTF-8'?>
<song xmlns="http://openlyrics.info/namespace/2009/song" version="0.8" createdIn="OpenLP 3.1.3" modifiedIn="OpenLP 3.1.3" modifiedDate="2024-12-03T17:50:22">
  <properties>
    <titles>
      <title>CB 170 Teach Me Your Ways</title>
    </titles>
    <copyright>©1989
Integrity’s Hosanna! Music
(Integrity Music, Inc.)</copyright>
    <verseOrder>v1 v2 v3</verseOrder>
    <ccliNo>190634</ccliNo>
    <authors>
      <author>Gerrit Gustafson</author>
    </authors>
    <songbooks>
      <songbook name="DCCF Chorus Book" entry="170"/>
    </songbooks>
  </properties>
  <lyrics>
    <verse name="v1">
      <lines>IF I HAVE FOUND FAVOR IN YOUR SIGHT,<br/>Teach me Your ways, teach me Your ways.<br/>That I may be pleasing in Your sight.<br/>Teach me Your ways, teach me Your ways.</lines>
    </verse>
    <verse name="v2">
      <lines>And if You have called me by my name;<br/>Teach me Your ways, teach me Your ways.<br/>And let Your presence ever remain;<br/>Teach me Your ways, teach me Your ways.</lines>
    </verse>
    <verse name="v3">
      <lines>I want to know You, Lord.<br/>I want to see Your glory and grace.<br/>And may your presence go with us all of our days.<br/>O Lord, teach me Your ways.<br/>O Lord, teach me Your ways.</lines>
    </verse>
  </lyrics>
</song>
