<?xml version='1.0' encoding='UTF-8'?>
<song xmlns="http://openlyrics.info/namespace/2009/song" version="0.8" createdIn="OpenLP 3.1.3" modifiedIn="OpenLP 3.1.3" modifiedDate="2024-12-03T19:26:24">
  <properties>
    <titles>
      <title>CB 178 God Forgave My Sin</title>
    </titles>
    <copyright>©1972 Bud
John Songs, Inc. (EMI
Christian Music Publ. Inc.)</copyright>
    <verseOrder>v1 c1 v2 c1</verseOrder>
    <ccliNo>13209</ccliNo>
    <authors>
      <author>Carol Owens</author>
    </authors>
    <songbooks>
      <songbook name="DCCF Chorus Book" entry="178"/>
    </songbooks>
  </properties>
  <lyrics>
    <verse name="v1">
      <lines>God forgave my sin in Jesus' Name.<br/>I've been born again in Jesus' Name<br/>and in Jesus' Name I come to you<br/>to share His love as He told me to.</lines>
    </verse>
    <verse name="c1">
      <lines>He said, "Freely, freely, ye have received,<br/>freely, freely give.<br/>Go in my Name and because you believe,<br/>others will know that I live."</lines>
    </verse>
    <verse name="v2">
      <lines>All power is giv'n in Jesus' Name,<br/>in earth and heav'n in Jesus' Name<br/>and in Jesus' Name I come to you<br/>to share His pow'r as He told me to.</lines>
    </verse>
  </lyrics>
</song>
