<?xml version='1.0' encoding='UTF-8'?>
<song xmlns="http://openlyrics.info/namespace/2009/song" version="0.8" createdIn="OpenLP 3.1.3" modifiedIn="OpenLP 3.1.3" modifiedDate="2024-12-03T16:33:47">
  <properties>
    <titles>
      <title>CB 109 Great is the Lord</title>
      <title>Psalm 48:1-2</title>
    </titles>
    <verseOrder>v1</verseOrder>
    <authors>
      <author>Unknown</author>
    </authors>
    <songbooks>
      <songbook name="DCCF Chorus Book" entry="109"/>
    </songbooks>
  </properties>
  <lyrics>
    <verse name="v1">
      <lines>GREAT IS THE LORD<br/>And greatly to be praised<br/>In the city of our God,<br/>In the mountain of His holiness.<br/>Beautiful for situation,<br/>The joy of the whole earth<br/>Is Mount Zion on the sides of the north,<br/>The city of the great King.<br/>Is Mount Zion on the sides of the north,<br/>The city of the great King.</lines>
    </verse>
  </lyrics>
</song>
