<?xml version='1.0' encoding='UTF-8'?>
<song xmlns="http://openlyrics.info/namespace/2009/song" version="0.8" createdIn="OpenLP 3.1.3" modifiedIn="OpenLP 3.1.3" modifiedDate="2024-12-03T16:35:01">
  <properties>
    <titles>
      <title>CB 125 Be Unto Your Name</title>
    </titles>
    <copyright>1998 Integrity's Hosanna! Music, Administered by Integrity Music, Inc.</copyright>
    <verseOrder>v1 c1 v2 c1</verseOrder>
    <ccliNo>2177476</ccliNo>
    <authors>
      <author>Gary Sadler</author>
      <author>Lynn DeShazo</author>
    </authors>
    <songbooks>
      <songbook name="DCCF Chorus Book" entry="125"/>
    </songbooks>
  </properties>
  <lyrics>
    <verse name="v1">
      <lines>WE ARE A MOMENT,<br/>You are forever,<br/>Lord of the ages, God before time.<br/>We are a vapor, You are eternal,<br/>Love everlasting, reigning on high.</lines>
    </verse>
    <verse name="c1">
      <lines>Holy, holy, Lord God Almighty,<br/>Worthy is the Lamb that was slain.<br/>Highest praises, honor and glory<br/>Be unto Your name,<br/>Be unto Your name.<br/></lines>
    </verse>
    <verse name="v2">
      <lines>We are the broken, You are the healer,<br/>Jesus Redeemer, mighty to save.<br/>You are the love song we’ll sing forever,<br/>Bowing before You, blessing Your name.</lines>
    </verse>
  </lyrics>
</song>
