<?xml version='1.0' encoding='UTF-8'?>
<song xmlns="http://openlyrics.info/namespace/2009/song" version="0.8" createdIn="OpenLP 3.1.3" modifiedIn="OpenLP 3.1.3" modifiedDate="2024-12-03T16:35:37">
  <properties>
    <titles>
      <title>CB 131 Hallelujah I want to sing all about it</title>
    </titles>
    <verseOrder>v1 v2</verseOrder>
    <authors>
      <author>Author Unknown</author>
    </authors>
    <songbooks>
      <songbook name="DCCF Chorus Book" entry="131"/>
    </songbooks>
  </properties>
  <lyrics>
    <verse name="v1">
      <lines>Hallelujah I want to sing all about Him<br/>Hallelujah I want to shout all about Him<br/>Hallelujah I can't live without it<br/>Praise God praise God</lines>
    </verse>
    <verse name="v2">
      <lines>Now I'm living in a new creation<br/>Now I'm drinking at the well of salvation<br/>Now there is no condemnation praise God</lines>
    </verse>
  </lyrics>
</song>
