<?xml version='1.0' encoding='UTF-8'?>
<song xmlns="http://openlyrics.info/namespace/2009/song" version="0.8" createdIn="OpenLP 3.1.3" modifiedIn="OpenLP 3.1.3" modifiedDate="2024-12-03T16:33:05">
  <properties>
    <titles>
      <title>CB 102 Give Us Vision</title>
    </titles>
    <authors>
      <author>Dana Congdon</author>
    </authors>
    <songbooks>
      <songbook name="DCCF Chorus Book" entry="102"/>
    </songbooks>
  </properties>
  <lyrics>
    <verse name="v1">
      <lines>D<br/><br/>Give us vision of the beauty of the Lord,<br/>Give us vision of the beauty of the Lord.<br/>Holy Spirit, open up our eyes,<br/>To behold the beauty of the Lord.</lines>
    </verse>
    <verse name="v2">
      <lines>Give us vision of the Lord upon the Throne,<br/>Give us vision of the Lord upon the Throne.<br/>Holy Spirit, open up our eyes,<br/>To behold the beauty of the Lord.</lines>
    </verse>
    <verse name="v3">
      <lines>Give us vision of our lives as royal Priests,<br/>Give us vision of our lives as royal Priests<br/>Holy Spirit, open up our eyes,<br/>To behold the beauty of the Lord.</lines>
    </verse>
    <verse name="v4">
      <lines>Give us vision of His longing for His Bride,<br/>Give us vision of His longing for His Bride.<br/>Holy Spirit, open up our eyes,<br/>To behold the beauty of the Lord.</lines>
    </verse>
    <verse name="v5">
      <lines>Give us vision of the fullness of the Lord,<br/>Give us vision of the fullness of the Lord.<br/>Holy Spirit, open up our eyes,<br/>To behold the beauty of the Lord.</lines>
    </verse>
  </lyrics>
</song>
