<?xml version='1.0' encoding='UTF-8'?>
<song xmlns="http://openlyrics.info/namespace/2009/song" version="0.8" createdIn="OpenLP 3.1.3" modifiedIn="OpenLP 3.1.3" modifiedDate="2024-12-03T17:41:48">
  <properties>
    <titles>
      <title>CB 167 God is My Refuse and My Strength</title>
    </titles>
    <copyright>©1987
Integrity’s Hosanna! Music
(Integrity Music, Inc.)</copyright>
    <verseOrder>c1 v1 c1 v2 c1</verseOrder>
    <ccliNo>20852</ccliNo>
    <authors>
      <author>Charlie LeBlanc</author>
    </authors>
    <songbooks>
      <songbook name="DCCF Chorus Book" entry="167"/>
    </songbooks>
  </properties>
  <lyrics>
    <verse name="c1">
      <lines>GOD IS MY REFUGE AND MY STRENGTH,<br/>A present help in time of need.<br/>He is my fortress and my deliverer,<br/>my Father, my friend indeed.</lines>
    </verse>
    <verse name="v1">
      <lines>Lord, You're my Shepherd, I shall not want.<br/>You make me to lie down in peace.<br/>You lead me beside the still waters of life.<br/>My soul is restored at Your feet.</lines>
    </verse>
    <verse name="v2">
      <lines>Yea though I walk through the valley of death,<br/>I will not fear any harm.<br/>Your rod and Your staff they comfort me,<br/>And You will not leave me alone.</lines>
    </verse>
  </lyrics>
</song>
