<?xml version='1.0' encoding='UTF-8'?>
<song xmlns="http://openlyrics.info/namespace/2009/song" version="0.8" createdIn="OpenLP 3.1.3" modifiedIn="OpenLP 3.1.3" modifiedDate="2024-12-03T16:24:12">
  <properties>
    <titles>
      <title>CB 11 Within the Veil</title>
    </titles>
    <copyright>©1978 Genesis Music</copyright>
    <verseOrder>v1</verseOrder>
    <ccliNo>28926</ccliNo>
    <authors>
      <author>Ruth Dryden</author>
    </authors>
    <songbooks>
      <songbook name="DCCF Chorus Book" entry="11"/>
    </songbooks>
  </properties>
  <lyrics>
    <verse name="v1">
      <lines>WITHIN THE VEIL,<br/>I now have come;<br/>Into the holy place, to look upon His face;<br/>I see such beauty there; none other can compare.<br/>I worship you, my Lord, within the veil.</lines>
    </verse>
  </lyrics>
</song>
