<?xml version='1.0' encoding='UTF-8'?>
<song xmlns="http://openlyrics.info/namespace/2009/song" version="0.8" createdIn="OpenLP 3.1.3" modifiedIn="OpenLP 3.1.3" modifiedDate="2024-12-03T16:33:51">
  <properties>
    <titles>
      <title>CB 110 Make Mention That His Name Is Exalted</title>
      <title>Isaiah 12:4-6</title>
    </titles>
    <verseOrder>v1 v2</verseOrder>
    <authors>
      <author>Unknown</author>
    </authors>
    <songbooks>
      <songbook name="DCCF Chorus Book" entry="110"/>
    </songbooks>
  </properties>
  <lyrics>
    <verse name="v1">
      <lines>MAKE MENTION THAT HIS NAME IS<br/>EXALTED,<br/>Make mention that His name is exalted;<br/>For He hath done excellent things;<br/>This is known in all the earth.</lines>
    </verse>
    <verse name="v2">
      <lines>Cry out and shout, thou inhabitant of Zion,<br/>Cry out and shout, thou inhabitant of Zion,<br/>For great is the Holy One, great is the Holy One of<br/>Israel;<br/>For great is the Holy One, great is the Holy One of<br/>Israel.</lines>
    </verse>
  </lyrics>
</song>
