<?xml version='1.0' encoding='UTF-8'?>
<song xmlns="http://openlyrics.info/namespace/2009/song" version="0.8" createdIn="OpenLP 3.1.3" modifiedIn="OpenLP 3.1.3" modifiedDate="2024-12-03T16:36:08">
  <properties>
    <titles>
      <title>CB 138 Thou Hast Turned my mourning</title>
    </titles>
    <authors>
      <author>Author Unknown</author>
    </authors>
    <songbooks>
      <songbook name="DCCF Chorus Book" entry="138"/>
    </songbooks>
  </properties>
  <lyrics>
    <verse name="v1">
      <lines>Thou hast turned my mourning into dancing for me<br/>Thou hast put off my sack cloth<br/>Thou hast turned my mourning into dancing for me<br/>And girded me with gladness<br/>To the end my glory may sing praise unto Thee<br/>And not be silent<br/>Oh Lord my God I will give thanks unto Thee forever</lines>
    </verse>
  </lyrics>
</song>
