<?xml version='1.0' encoding='UTF-8'?>
<song xmlns="http://openlyrics.info/namespace/2009/song" version="0.8" createdIn="OpenLP 3.1.3" modifiedIn="OpenLP 3.1.3" modifiedDate="2024-12-03T19:47:38">
  <properties>
    <titles>
      <title>CB 190 I Will Call Upon The Lord</title>
    </titles>
    <copyright>1981 Sound III, Inc. / Universal - MCA Music Publishing, Administered by Universal - MCA Music Publishing / Unaffiliated Ad</copyright>
    <verseOrder>v1 c1</verseOrder>
    <ccliNo>11263</ccliNo>
    <authors>
      <author>Michael O'Shields</author>
    </authors>
    <songbooks>
      <songbook name="DCCF Chorus Book" entry="190"/>
    </songbooks>
  </properties>
  <lyrics>
    <verse name="v1">
      <lines>I will call upon the Lord<br/>Who is worthy To be praised<br/>So shall I be saved<br/>From my enemies</lines>
    </verse>
    <verse name="c1">
      <lines>The Lord liveth<br/>And blessed be my Rock<br/>Let the God of My salvation<br/>Be exalted<br/>(Repeat)</lines>
    </verse>
  </lyrics>
</song>
