<?xml version='1.0' encoding='UTF-8'?>
<song xmlns="http://openlyrics.info/namespace/2009/song" version="0.8" createdIn="OpenLP 3.1.3" modifiedIn="OpenLP 3.1.3" modifiedDate="2024-12-03T20:00:01">
  <properties>
    <titles>
      <title>CB 199 When God Moveth</title>
    </titles>
    <verseOrder>v1 v2</verseOrder>
    <authors>
      <author>Unknown</author>
    </authors>
    <songbooks>
      <songbook name="DCCF Chorus Book" entry="199"/>
    </songbooks>
  </properties>
  <lyrics>
    <verse name="v1">
      <lines>WHEN GOD MOVETH, NONE CAN STAY HIS<br/>HAND;<br/>When God moveth, none can stay His hand.<br/>When God moveth in this land,<br/>When God moveth, who shall stand?<br/>When God moveth, none can stay His hand.</lines>
    </verse>
    <verse name="v2">
      <lines>When God moveth by His tender Spirit,<br/>When God moveth, His disciple heareth.<br/>When God moveth in this land,<br/>When God moveth, who shall stand?<br/>When God moveth, none can stay His hand.</lines>
    </verse>
  </lyrics>
</song>
