<?xml version='1.0' encoding='UTF-8'?>
<song xmlns="http://openlyrics.info/namespace/2009/song" version="0.8" createdIn="OpenLP 3.1.3" modifiedIn="OpenLP 3.1.3" modifiedDate="2024-12-03T17:40:01">
  <properties>
    <titles>
      <title>CB 166 Lord, All That You Are We Want</title>
    </titles>
    <copyright>©1984 Maranatha!
Music, Willing Heart Music
(Maranatha! Music)</copyright>
    <verseOrder>v1 v2</verseOrder>
    <ccliNo>215801</ccliNo>
    <authors>
      <author>Kelly Willard</author>
      <author>Susan Hibbard</author>
    </authors>
    <songbooks>
      <songbook name="DCCF Chorus Book" entry="166"/>
    </songbooks>
  </properties>
  <lyrics>
    <verse name="v1">
      <lines>LORD, ALL THAT YOU ARE WE WANT.<br/>All that You allow we embrace.<br/>Because You alone are good,<br/>All that You are we want.</lines>
    </verse>
    <verse name="v2">
      <lines>Lord, all that You are we need.<br/>All that You are we receive.<br/>Be to each of us our total desire.<br/>All that You are we need.</lines>
    </verse>
  </lyrics>
</song>
