<?xml version='1.0' encoding='UTF-8'?>
<song xmlns="http://openlyrics.info/namespace/2009/song" version="0.8" createdIn="OpenLP 3.1.3" modifiedIn="OpenLP 3.1.3" modifiedDate="2024-12-03T16:25:22">
  <properties>
    <titles>
      <title>CB 21 I See the Lord; I See the Lord</title>
    </titles>
    <verseOrder>v1</verseOrder>
    <authors>
      <author>Unknown</author>
    </authors>
    <songbooks>
      <songbook name="DCCF Chorus Book" entry="21"/>
    </songbooks>
  </properties>
  <lyrics>
    <verse name="v1">
      <lines>I SEE THE LORD; I SEE THE LORD;<br/>He is high and lifted up and His train fills the<br/>temple; He is high and lifted up and His train fills<br/>the temple; the angels cry holy; the angels cry<br/>holy; the angels cry holy is the Lord.<br/></lines>
    </verse>
  </lyrics>
</song>
