<?xml version='1.0' encoding='UTF-8'?>
<song xmlns="http://openlyrics.info/namespace/2009/song" version="0.8" createdIn="OpenLP 3.1.3" modifiedIn="OpenLP 3.1.3" modifiedDate="2024-12-03T16:25:29">
  <properties>
    <titles>
      <title>CB 22 His Name is Wonderful</title>
    </titles>
    <copyright>©1959 Audrey
Mieir. Renewed 1987
Manna Music Inc. (Manna
Music Inc.)</copyright>
    <verseOrder>v1 v2</verseOrder>
    <ccliNo>1122230</ccliNo>
    <authors>
      <author>Audrey Mieir</author>
    </authors>
    <songbooks>
      <songbook name="DCCF Chorus Book" entry="22"/>
    </songbooks>
  </properties>
  <lyrics>
    <verse name="v1">
      <lines>HIS NAME IS WONDERFUL,<br/>His name is Wonderful, His name is Wonderful,<br/>Jesus, my Lord. He is the mighty King, Master of<br/>everything. His name is Wonderful, Jesus, my<br/>Lord.</lines>
    </verse>
    <verse name="v2">
      <lines>He's the great Shepherd, the Rock of all ages.<br/>Almighty God is He. Bow down before Him, love<br/>and adore Him. His name is Wonderful, Jesus,<br/>my Lord.</lines>
    </verse>
  </lyrics>
</song>
