<?xml version='1.0' encoding='UTF-8'?>
<song xmlns="http://openlyrics.info/namespace/2009/song" version="0.8" createdIn="OpenLP 3.1.3" modifiedIn="OpenLP 3.1.3" modifiedDate="2024-12-03T16:25:35">
  <properties>
    <titles>
      <title>CB 23 His Name, His Name Shall Be Called Wonderful</title>
    </titles>
    <verseOrder>v1</verseOrder>
    <authors>
      <author>Unknown</author>
    </authors>
    <songbooks>
      <songbook name="DCCF Chorus Book" entry="23"/>
    </songbooks>
  </properties>
  <lyrics>
    <verse name="v1">
      <lines>HIS NAME, HIS NAME SHALL BE CALLED<br/>WONDERFUL.<br/>His name, His name shall be called Counselor.<br/>The Mighty God, the Everlasting Father, the<br/>Prince of Peace through all eternity; the mighty<br/>God, the Everlasting Father, the Prince of Peace<br/>through all eternity.</lines>
    </verse>
  </lyrics>
</song>
