<?xml version='1.0' encoding='UTF-8'?>
<song xmlns="http://openlyrics.info/namespace/2009/song" version="0.8" createdIn="OpenLP 3.1.3" modifiedIn="OpenLP 3.1.3" modifiedDate="2024-12-03T16:25:56">
  <properties>
    <titles>
      <title>CB 27 Jesus, Name Above All Names</title>
    </titles>
    <copyright>a ©1974, 1978
Scripture in Song
(Maranatha! Music)</copyright>
    <verseOrder>v1 v2 v3</verseOrder>
    <ccliNo>21291</ccliNo>
    <authors>
      <author>Unknown</author>
    </authors>
    <songbooks>
      <songbook name="DCCF Chorus Book" entry="27"/>
    </songbooks>
  </properties>
  <lyrics>
    <verse name="v1">
      <lines>JESUS, NAME ABOVE ALL NAMES<br/>Beautiful Savior, glorious Lord;<br/>Emmanuel, God is with us,<br/>Blessed Redeemer, living Word.</lines>
    </verse>
    <verse name="v2">
      <lines>Jehovah, I AM who I AM,<br/>God the Creator, Lord God of Hosts.<br/>Abba, heavenly Father,<br/>God of all comfort, Ancient of Days.</lines>
    </verse>
    <verse name="v3">
      <lines>The Helper, Holy Spirit,<br/>Teacher of all things, Giver of gifts.<br/>The Comforter, Spirit of promise,<br/>Seal of salvation, Guide into truth.</lines>
    </verse>
  </lyrics>
</song>
