<?xml version='1.0' encoding='UTF-8'?>
<song xmlns="http://openlyrics.info/namespace/2009/song" version="0.8" createdIn="OpenLP 3.1.3" modifiedIn="OpenLP 3.1.3" modifiedDate="2024-12-03T20:36:23">
  <properties>
    <titles>
      <title>CB 208 Be Still, For the Presence of the Lord</title>
    </titles>
    <copyright>©1986
Thankyou Music (EMI
Christian Music Publ.)</copyright>
    <verseOrder>v1 v2 v3</verseOrder>
    <ccliNo>120824</ccliNo>
    <authors>
      <author>David Evans</author>
    </authors>
    <songbooks>
      <songbook name="DCCF Chorus Book" entry="208"/>
    </songbooks>
  </properties>
  <lyrics>
    <verse name="v1">
      <lines>BE STILL, FOR THE PRESENCE OF THE LORD<br/>The Holy One is here.<br/>Come bow before Him now<br/>With reverence and fear.<br/>In Him no sin is found;<br/>We stand on holy ground.<br/>Be still, for the presence of the Lord<br/>The Holy One is here.</lines>
    </verse>
    <verse name="v2">
      <lines>Be still, for the glory of the Lord<br/>Is shining all around.<br/>He burns with holy fire;<br/>With splendor He is crowned.<br/>How awesome is the sight:<br/>Our radiant King of Light.<br/>Be still, for the glory of the Lord<br/>Is shining all around</lines>
    </verse>
    <verse name="v3">
      <lines>Be still, for the power of the Lord<br/>Is moving in this place.<br/>He comes to cleanse and heal,<br/>To minister His grace.<br/>No work too hard for Him;<br/>In faith receive from Him.<br/>Be still, for the power of the Lord<br/>Is moving in this place.</lines>
    </verse>
  </lyrics>
</song>
