<?xml version='1.0' encoding='UTF-8'?>
<song xmlns="http://openlyrics.info/namespace/2009/song" version="0.8" createdIn="OpenLP 3.1.3" modifiedIn="OpenLP 3.1.3" modifiedDate="2024-12-03T20:41:12">
  <properties>
    <titles>
      <title>CB 210 From the ends of the earth</title>
    </titles>
    <copyright>1996 Integrity's Hosanna! Music, Administered by Integrity Music, Inc.</copyright>
    <verseOrder>v1 v2 c1 c2</verseOrder>
    <ccliNo>2037688</ccliNo>
    <authors>
      <author>Gary Sadler</author>
      <author>Don Harris</author>
    </authors>
    <songbooks>
      <songbook name="DCCF Chorus Book" entry="210"/>
    </songbooks>
  </properties>
  <lyrics>
    <verse name="v1">
      <lines>From the ends of the earth (ECHO)<br/>From the depths of the sea (ECHO)<br/>From the heights of the heavens (ECHO)<br/>Your name be praised</lines>
    </verse>
    <verse name="v2">
      <lines>From the hearts of the weak (ECHO)<br/>From the shouts of the strong (ECHO)<br/>From the lips of all people (ECHO)<br/>This song we raise Lord</lines>
    </verse>
    <verse name="c1">
      <lines>Throughout the endless ages<br/>You will be crowned with praises<br/>Lord Most High</lines>
    </verse>
    <verse name="c2">
      <lines>Exalted in every nation<br/>Sovereign of all creation<br/>Lord Most High be magnified</lines>
    </verse>
  </lyrics>
</song>
