<?xml version='1.0' encoding='UTF-8'?>
<song xmlns="http://openlyrics.info/namespace/2009/song" version="0.8" createdIn="OpenLP 3.1.3" modifiedIn="OpenLP 3.1.3" modifiedDate="2024-12-03T16:26:02">
  <properties>
    <titles>
      <title>CB 28 Father in Heaven, How We Love You</title>
    </titles>
    <copyright>©1984 Scripture in
Song (Maranatha! Music)</copyright>
    <verseOrder>v1 v2</verseOrder>
    <ccliNo>21480</ccliNo>
    <authors>
      <author>Bob Fitts</author>
    </authors>
    <songbooks>
      <songbook name="DCCF Chorus Book" entry="28"/>
    </songbooks>
  </properties>
  <lyrics>
    <verse name="v1">
      <lines>FATHER IN HEAVEN, HOW WE LOVE YOU,<br/>We lift Your name in all the earth.<br/>May Your kingdom be established in our praises,<br/>As Your people declare Your mighty works.</lines>
    </verse>
    <verse name="v2">
      <lines>Blessed be the Lord God Almighty,<br/>Who was and is and is to come;<br/>Blessed be the Lord God Almighty,<br/>Who reigns forevermore.</lines>
    </verse>
  </lyrics>
</song>
