<?xml version='1.0' encoding='UTF-8'?>
<song xmlns="http://openlyrics.info/namespace/2009/song" version="0.8" createdIn="OpenLP 3.1.3" modifiedIn="OpenLP 3.1.3" modifiedDate="2024-12-03T20:42:17">
  <properties>
    <titles>
      <title>CB 211 Thou Who Wast Rich Beyond All Splendor</title>
    </titles>
    <verseOrder>v1 v2 v3</verseOrder>
    <authors>
      <author>Frank Houghton</author>
    </authors>
    <songbooks>
      <songbook name="DCCF Chorus Book" entry="211"/>
    </songbooks>
  </properties>
  <lyrics>
    <verse name="v1">
      <lines>THOU WHO WAST RICH BEYOND ALL<br/>SPLENDOR<br/>All for love’s sake becamest poor;<br/>Thrones for a manger didst surrender,<br/>Sapphire-paved courts for stable floor.<br/>Thou who wast rich beyond all splendor,<br/>All for love’s sake becamest poor.</lines>
    </verse>
    <verse name="v2">
      <lines>Thou who art God beyond all praising,<br/>All for love’s sake becamest man;<br/>Stooping so low, but sinners raising<br/>Heavenwards by thine eternal plan.<br/>Thou who art God beyond all praising,<br/>All for love’s sake becamest man.</lines>
    </verse>
    <verse name="v3">
      <lines>Thou who art love beyond all telling,<br/>Savior and King, we worship thee.<br/>Emmanuel, within us dwelling,<br/>Make us what thou wouldst have us be.<br/>Thou who art love beyond all telling,<br/>Savior and King, we worship thee.</lines>
    </verse>
  </lyrics>
</song>
