<?xml version='1.0' encoding='UTF-8'?>
<song xmlns="http://openlyrics.info/namespace/2009/song" version="0.8" createdIn="OpenLP 3.1.3" modifiedIn="OpenLP 3.1.3" modifiedDate="2024-12-03T20:10:42">
  <properties>
    <titles>
      <title>CB 204 For I'm Building a People of Power</title>
    </titles>
    <copyright>©1977
Thankyou Music (EMI
Chrsitian Music Publ., Inc.)</copyright>
    <verseOrder>v1 c1</verseOrder>
    <ccliNo>33801</ccliNo>
    <authors>
      <author>Dave Richards</author>
    </authors>
    <songbooks>
      <songbook name="DCCF Chorus Book" entry="204"/>
    </songbooks>
  </properties>
  <lyrics>
    <verse name="v1">
      <lines>FOR I’M BUILDING A PEOPLE OF POWER,<br/>And I’m making a people of praise.<br/>Who will move through this land by My Spirit,<br/>And will glorify My Holy name.</lines>
    </verse>
    <verse name="c1">
      <lines>Build the church, Lord,<br/>Make it strong, Lord,<br/>Bind our hearts, Lord,<br/>In Your love.<br/>We are one, Lord,<br/>In Your body,<br/>In the Kingdom of Your Son.</lines>
    </verse>
  </lyrics>
</song>
