<?xml version='1.0' encoding='UTF-8'?>
<song xmlns="http://openlyrics.info/namespace/2009/song" version="0.8" createdIn="OpenLP 3.1.3" modifiedIn="OpenLP 3.1.3" modifiedDate="2024-12-03T16:25:45">
  <properties>
    <titles>
      <title>CB 25 Jesus, Jesus, Jesus</title>
    </titles>
    <verseOrder>v1 v2</verseOrder>
    <authors>
      <author>Unknown</author>
    </authors>
    <songbooks>
      <songbook name="DCCF Chorus Book" entry="25"/>
    </songbooks>
  </properties>
  <lyrics>
    <verse name="v1">
      <lines>JESUS, JESUS, JESUS,<br/>Never have I heard a name that thrills my soul like<br/>Thine.</lines>
    </verse>
    <verse name="v2">
      <lines>Jesus, Jesus, Jesus, O what wondrous grace that<br/>links that lovely name with mine.</lines>
    </verse>
  </lyrics>
</song>
