<?xml version='1.0' encoding='UTF-8'?>
<song xmlns="http://openlyrics.info/namespace/2009/song" version="0.8" createdIn="OpenLP 3.1.3" modifiedIn="OpenLP 3.1.3" modifiedDate="2024-12-03T20:07:09">
  <properties>
    <titles>
      <title>CB 203 I will sing unto the Lord (horse and rider)</title>
    </titles>
    <verseOrder>v1 c1 b1</verseOrder>
    <authors>
      <author>Author Unknown</author>
    </authors>
    <songbooks>
      <songbook name="DCCF Chorus Book" entry="203"/>
    </songbooks>
  </properties>
  <lyrics>
    <verse name="v1">
      <lines>C<br/><br/>I will sing unto the Lord<br/>For He has triumphed gloriously<br/>The horse and rider thrown into the sea<br/>x2</lines>
    </verse>
    <verse name="c1">
      <lines>The Lord my God<br/>my strength my song<br/>Has now become my victory<br/>The Lord my God<br/>my strength my song<br/>Has now become my victory</lines>
    </verse>
    <verse name="b1">
      <lines>The Lord is God and I will praise Him<br/>My Father's God<br/>and I will exalt Him<br/>The Lord is God and I will praise Him<br/>My Father's God and<br/>I will exalt Him</lines>
    </verse>
  </lyrics>
</song>
