<?xml version='1.0' encoding='UTF-8'?>
<song xmlns="http://openlyrics.info/namespace/2009/song" version="0.8" createdIn="OpenLP 3.1.3" modifiedIn="OpenLP 3.1.3" modifiedDate="2024-12-03T16:25:16">
  <properties>
    <titles>
      <title>CB 20 For His Name is Exalted</title>
    </titles>
    <copyright>©1972
Scripture in Song
(Maranatha! Music)</copyright>
    <verseOrder>v1 v2</verseOrder>
    <ccliNo>26210</ccliNo>
    <authors>
      <author>Dale Garratt</author>
    </authors>
    <songbooks>
      <songbook name="DCCF Chorus Book" entry="20"/>
    </songbooks>
  </properties>
  <lyrics>
    <verse name="v1">
      <lines>FOR HIS NAME IS EXALTED.<br/>His glory above heaven and earth. Holy is the<br/>Lord God Almighty, who was and who is and who<br/>is to come.</lines>
    </verse>
    <verse name="v2">
      <lines>For His name is exalted, His glory above heaven<br/>and earth. Holy is the Lord God Almighty, who<br/>sitteth on the throne and who lives forevermore.</lines>
    </verse>
  </lyrics>
</song>
