<?xml version='1.0' encoding='UTF-8'?>
<song xmlns="http://openlyrics.info/namespace/2009/song" version="0.8" createdIn="OpenLP 3.1.3" modifiedIn="OpenLP 3.1.3" modifiedDate="2024-12-03T16:25:51">
  <properties>
    <titles>
      <title>CB 26 Thy Name is as Ointment</title>
    </titles>
    <verseOrder>v1</verseOrder>
    <authors>
      <author>Unknown</author>
    </authors>
    <songbooks>
      <songbook name="DCCF Chorus Book" entry="26"/>
    </songbooks>
  </properties>
  <lyrics>
    <verse name="v1">
      <lines>THY NAME IS AS OINTMENT<br/>Poured forth. Jesus, Jesus, Jesus, Jesus! Thy<br/>name is as ointment poured forth. Thy name is as<br/>ointment poured forth.</lines>
    </verse>
  </lyrics>
</song>
