<?xml version='1.0' encoding='UTF-8'?>
<song xmlns="http://openlyrics.info/namespace/2009/song" version="0.8" createdIn="OpenLP 3.1.3" modifiedIn="OpenLP 3.1.3" modifiedDate="2024-12-03T15:44:05">
  <properties>
    <titles>
      <title>CB 2 We Are Gathering Together Unto Him #2</title>
    </titles>
    <verseOrder>v1</verseOrder>
    <authors>
      <author>Unknown</author>
    </authors>
    <songbooks>
      <songbook name="DCCF Chorus Book" entry="2"/>
    </songbooks>
  </properties>
  <lyrics>
    <verse name="v1">
      <lines>WE ARE GATHERING TOGETHER UNTO HIM.<br/>We are gathering together unto Him.<br/>Unto Him shall the gathering of the<br/>people be.<br/>We are gathering together unto Him.</lines>
    </verse>
  </lyrics>
</song>
