<?xml version='1.0' encoding='UTF-8'?>
<song xmlns="http://openlyrics.info/namespace/2009/song" version="0.8" createdIn="OpenLP 3.1.3" modifiedIn="OpenLP 3.1.3" modifiedDate="2024-12-03T20:01:24">
  <properties>
    <titles>
      <title>CB 201 Unto Him be glory in the church</title>
    </titles>
    <comments>
      <comment>verse 1 (or 2)
verse 2 (or 1)

[above are Song Tags with notes imported from EasyWorship]</comment>
    </comments>
    <copyright>©1958 New
Spring (Brentwood-Benson
Music Publishing, Inc.)</copyright>
    <ccliNo>1194</ccliNo>
    <authors>
      <author>Hugh Mitchell</author>
    </authors>
    <songbooks>
      <songbook name="DCCF Chorus Book" entry="201"/>
    </songbooks>
  </properties>
  <lyrics>
    <verse name="v1">
      <lines>Unto Him be glory in the church<br/>both now and evermore<br/>Unto Him be glory in the church<br/>both now and evermore</lines>
    </verse>
    <verse name="v2">
      <lines>Unto Him, unto Him, unto Him, unto Him<br/>Unto Him be glory in the Church<br/>Both now and evermore</lines>
    </verse>
  </lyrics>
</song>
