<?xml version='1.0' encoding='UTF-8'?>
<song xmlns="http://openlyrics.info/namespace/2009/song" version="0.8" createdIn="OpenLP 3.1.3" modifiedIn="OpenLP 3.1.3" modifiedDate="2024-12-03T20:11:14">
  <properties>
    <titles>
      <title>CB 205 I will build my church</title>
    </titles>
    <verseOrder>v1 v2</verseOrder>
    <authors>
      <author>Author Unknown</author>
    </authors>
    <songbooks>
      <songbook name="DCCF Chorus Book" entry="205"/>
    </songbooks>
  </properties>
  <lyrics>
    <verse name="v1">
      <lines>A<br/>I will build my Church<br/>I will build my Church<br/>And the gates of hell<br/>And the gates of hell<br/>Shall not prevail against it</lines>
    </verse>
    <verse name="v2">
      <lines>Tis a glorious Church<br/>Without spot or wrinkle<br/>Washed in the blood of the Lamb<br/>Tis a glorious Church<br/>Without spot or wrinkle<br/>Washed in the blood of the Lamb</lines>
    </verse>
  </lyrics>
</song>
