<?xml version='1.0' encoding='UTF-8'?>
<song xmlns="http://openlyrics.info/namespace/2009/song" version="0.8" createdIn="OpenLP 3.1.3" modifiedIn="OpenLP 3.1.3" modifiedDate="2024-12-03T20:00:45">
  <properties>
    <titles>
      <title>CB 200 He Is Able to Do Exceeding Abundantly</title>
    </titles>
    <verseOrder>v1</verseOrder>
    <authors>
      <author>Author Unknown</author>
    </authors>
    <songbooks>
      <songbook name="DCCF Chorus Book" entry="200"/>
    </songbooks>
  </properties>
  <lyrics>
    <verse name="v1">
      <lines>D<br/>He is able to do exceeding abundantly<br/>above all we ask or think;<br/>He is able to do exceeding abundantly<br/>above all we ask or think,<br/>according to the power that worketh in us,<br/>according to the power that worketh in us.<br/>He is able to do exceeding abundantly<br/>above all we ask or think.</lines>
    </verse>
  </lyrics>
</song>
