<?xml version='1.0' encoding='UTF-8'?>
<song xmlns="http://openlyrics.info/namespace/2009/song" version="0.8" createdIn="OpenLP 3.1.3" modifiedIn="OpenLP 3.1.3" modifiedDate="2024-12-03T16:26:07">
  <properties>
    <titles>
      <title>CB 29 For From Him and Through Him</title>
    </titles>
    <copyright>©1972,
1977 Scripture in Song
(Maranatha! Music)</copyright>
    <verseOrder>v1</verseOrder>
    <ccliNo>226876</ccliNo>
    <authors>
      <author>Ena Thompson</author>
    </authors>
    <songbooks>
      <songbook name="DCCF Chorus Book" entry="29"/>
    </songbooks>
  </properties>
  <lyrics>
    <verse name="v1">
      <lines>FOR FROM HIM AND THROUGH HIM<br/>And to Him are all things, unto God be the glory,<br/>forever. Amen.<br/>(Repeat)</lines>
    </verse>
  </lyrics>
</song>
