<?xml version='1.0' encoding='UTF-8'?>
<song xmlns="http://openlyrics.info/namespace/2009/song" version="0.8" createdIn="OpenLP 3.1.3" modifiedIn="OpenLP 3.1.3" modifiedDate="2024-12-03T16:26:23">
  <properties>
    <titles>
      <title>CB 32 Let All That Is Within Me Cry Holy</title>
    </titles>
    <verseOrder>v1 v2 v3 v4</verseOrder>
    <authors>
      <author>Unknown</author>
    </authors>
    <songbooks>
      <songbook name="DCCF Chorus Book" entry="32"/>
    </songbooks>
  </properties>
  <lyrics>
    <verse name="v1">
      <lines>LET ALL THAT IS WITHIN ME CRY HOLY.<br/>Let all that is within me cry holy.<br/>Holy, holy, holy is the Lamb that was slain.</lines>
    </verse>
    <verse name="v2">
      <lines>Let all that is within me cry worthy.<br/>Let all that is within me cry worthy.<br/>Worthy, worthy, worthy is the Lamb that was slain.</lines>
    </verse>
    <verse name="v3">
      <lines>Let all that is within me cry Jesus.<br/>Let all that is within me cry Jesus.<br/>Jesus, Jesus, Jesus is the Lamb that was slain.</lines>
    </verse>
    <verse name="v4">
      <lines>Let all that is within me cry glory.<br/>Let all that is within me cry glory.<br/>Glory, glory, glory to the Lamb that was slain.</lines>
    </verse>
  </lyrics>
</song>
