<?xml version='1.0' encoding='UTF-8'?>
<song xmlns="http://openlyrics.info/namespace/2009/song" version="0.8" createdIn="OpenLP 3.1.3" modifiedIn="OpenLP 3.1.3" modifiedDate="2024-12-03T16:26:18">
  <properties>
    <titles>
      <title>CB 31 For Thou Art Great</title>
    </titles>
    <verseOrder>v1</verseOrder>
    <authors>
      <author>Unknown</author>
    </authors>
    <songbooks>
      <songbook name="DCCF Chorus Book" entry="31"/>
    </songbooks>
  </properties>
  <lyrics>
    <verse name="v1">
      <lines>FOR THOU ART GREAT<br/>And doest wondrous things; Thou art God alone.<br/>Teach me Thy way, O Lord; I will walk in Thy<br/>truth; unite my heart to fear Thy name. I will<br/>praise Thee, O Lord my God, with all my heart,<br/>and I will glorify Thy name for evermore.</lines>
    </verse>
  </lyrics>
</song>
