<?xml version='1.0' encoding='UTF-8'?>
<song xmlns="http://openlyrics.info/namespace/2009/song" version="0.8" createdIn="OpenLP 3.1.3" modifiedIn="OpenLP 3.1.3" modifiedDate="2024-12-03T16:26:40">
  <properties>
    <titles>
      <title>CB 35 Thou Art Worthy</title>
    </titles>
    <copyright>©1980
Integrity’s Hosanna! Music</copyright>
    <verseOrder>v1</verseOrder>
    <ccliNo>15795</ccliNo>
    <authors>
      <author>Karen Eagan</author>
    </authors>
    <songbooks>
      <songbook name="DCCF Chorus Book" entry="35"/>
    </songbooks>
  </properties>
  <lyrics>
    <verse name="v1">
      <lines>THOU ART WORTHY,<br/>Great Jehovah.<br/>Thou art worthy, Almighty God.<br/>Thou art worthy, Abba Father.<br/>Thou art worthy, dear Lamb of God.</lines>
    </verse>
  </lyrics>
</song>
