<?xml version='1.0' encoding='UTF-8'?>
<song xmlns="http://openlyrics.info/namespace/2009/song" version="0.8" createdIn="OpenLP 3.1.3" modifiedIn="OpenLP 3.1.3" modifiedDate="2024-12-03T16:26:12">
  <properties>
    <titles>
      <title>CB 30 But We See Jesus</title>
    </titles>
    <copyright>©1972
Scripture in Song
(Maranatha! Music)</copyright>
    <verseOrder>v1 v2</verseOrder>
    <ccliNo>91757</ccliNo>
    <authors>
      <author>Angela Dench</author>
    </authors>
    <songbooks>
      <songbook name="DCCF Chorus Book" entry="30"/>
    </songbooks>
  </properties>
  <lyrics>
    <verse name="v1">
      <lines>BUT WE SEE JESUS<br/>Made a little lower, made a little lower than the<br/>angels for the suffering of death.</lines>
    </verse>
    <verse name="v2">
      <lines>But we see Jesus crowned with glory and honor,<br/>that He by the grace of God should taste death for<br/>every man.</lines>
    </verse>
  </lyrics>
</song>
