<?xml version='1.0' encoding='UTF-8'?>
<song xmlns="http://openlyrics.info/namespace/2009/song" version="0.8" createdIn="OpenLP 3.1.3" modifiedIn="OpenLP 3.1.3" modifiedDate="2024-12-03T16:26:29">
  <properties>
    <titles>
      <title>CB 33 We Will Glorify the King of Kings</title>
    </titles>
    <copyright>©1982 New
Spring (Brentwood-Benson)</copyright>
    <verseOrder>v1 v2 v3 v4</verseOrder>
    <ccliNo>19038</ccliNo>
    <authors>
      <author>Twila Paris</author>
    </authors>
    <songbooks>
      <songbook name="DCCF Chorus Book" entry="33"/>
    </songbooks>
  </properties>
  <lyrics>
    <verse name="v1">
      <lines>WE WILL GLORIFY THE KING OF KINGS,<br/>We will glorify the Lamb;<br/>We will glorify the Lord of lords,<br/>Who is the great I AM.</lines>
    </verse>
    <verse name="v2">
      <lines>Lord Jehovah reigns in majesty,<br/>We will bow before His throne;<br/>We will worship Him in righteousness,<br/>We will worship Him alone.</lines>
    </verse>
    <verse name="v3">
      <lines>He is Lord of heaven, Lord of earth,<br/>He is Lord of all who live;<br/>He is Lord above the universe,<br/>All praise to Him we give.</lines>
    </verse>
    <verse name="v4">
      <lines>Hallelujah to the King of kings,<br/>Hallelujah to the Lamb;<br/>Hallelujah to the Lord of lords,<br/>Who is the great I AM.</lines>
    </verse>
  </lyrics>
</song>
