<?xml version='1.0' encoding='UTF-8'?>
<song xmlns="http://openlyrics.info/namespace/2009/song" version="0.8" createdIn="OpenLP 3.1.3" modifiedIn="OpenLP 3.1.3" modifiedDate="2024-12-03T16:26:34">
  <properties>
    <titles>
      <title>CB 34 HOLY, HOLY, HOLY, HOLY,</title>
    </titles>
    <verseOrder>v1 v2 v3 v4</verseOrder>
    <authors>
      <author>Unknown</author>
    </authors>
    <songbooks>
      <songbook name="DCCF Chorus Book" entry="34"/>
    </songbooks>
  </properties>
  <lyrics>
    <verse name="v1">
      <lines>HOLY, HOLY, HOLY, HOLY,<br/>Holy, holy, Lord God Almighty. And we lift our<br/>hearts before You as a token of our love. Holy,<br/>holy, holy, holy.</lines>
    </verse>
    <verse name="v2">
      <lines>Gracious Father, gracious Father, we're so glad to<br/>be Your children, Heavenly Father. And we lift<br/>our hearts before You as a token of our love.<br/>Gracious Father, gracious Father.</lines>
    </verse>
    <verse name="v3">
      <lines>Precious Jesus, precious Jesus, we're so glad<br/>that You redeemed us, precious Jesus. And we<br/>lift our hearts before You as a token of our love.<br/>Precious Jesus, precious Jesus.</lines>
    </verse>
    <verse name="v4">
      <lines>Holy Spirit, Holy Spirit, come and fill our hearts<br/>anew, Holy Spirit. And we lift our hearts before<br/>You as a token of our love. Holy Spirit, Holy<br/>Spirit.<br/>(Also Hallelujah)</lines>
    </verse>
  </lyrics>
</song>
