<?xml version='1.0' encoding='UTF-8'?>
<song xmlns="http://openlyrics.info/namespace/2009/song" version="0.8" createdIn="OpenLP 3.1.3" modifiedIn="OpenLP 3.1.3" modifiedDate="2024-12-03T16:27:09">
  <properties>
    <titles>
      <title>CB 39 Your Steadfast Love Extends to the Heavens</title>
    </titles>
    <verseOrder>v1 v2</verseOrder>
    <authors>
      <author>Unknown</author>
    </authors>
    <songbooks>
      <songbook name="DCCF Chorus Book" entry="39"/>
    </songbooks>
  </properties>
  <lyrics>
    <verse name="v1">
      <lines>YOUR STEADFAST LOVE EXTENDS TO THE<br/>HEAVENS,<br/>Your faithfulness reaches to the skies, Your<br/>righteousness is like majestic mountains, and<br/>Your wisdom like the depths of the sea, and You<br/>come to me.<br/></lines>
    </verse>
    <verse name="v2">
      <lines>Filling my heart is Your lovingkindness. I find my<br/>peace in the shadow of Your wings. I eat my fill of<br/>the abundance of Your household, and I drink<br/>from the streams of rejoicing. You are my King.</lines>
    </verse>
  </lyrics>
</song>
