<?xml version='1.0' encoding='UTF-8'?>
<song xmlns="http://openlyrics.info/namespace/2009/song" version="0.8" createdIn="OpenLP 3.1.3" modifiedIn="OpenLP 3.1.3" modifiedDate="2024-12-03T16:26:55">
  <properties>
    <titles>
      <title>CB 37 I will sing unto the Lord as long as I live</title>
    </titles>
    <copyright>©1972
His Eye Music Multisongs
(EMI Christian Music Publ.
BMG Music Publishing)</copyright>
    <verseOrder>v1</verseOrder>
    <ccliNo>15829</ccliNo>
    <authors>
      <author>Donya Brockway</author>
    </authors>
    <songbooks>
      <songbook name="DCCF Chorus Book" entry="37"/>
    </songbooks>
  </properties>
  <lyrics>
    <verse name="v1">
      <lines>I WILL SING UNTO THE LORD AS LONG<br/>AS I LIVE;<br/>I will sing praise to my God while I have my being.<br/>My meditation of Him shall be sweet; I will sing<br/>praise, I will sing praise to the Lord.<br/>Bless thou the Lord, O my soul.<br/>Praise ye the Lord. (4x)<br/></lines>
    </verse>
  </lyrics>
</song>
