<?xml version='1.0' encoding='UTF-8'?>
<song xmlns="http://openlyrics.info/namespace/2009/song" version="0.8" createdIn="OpenLP 3.1.3" modifiedIn="OpenLP 3.1.3" modifiedDate="2024-12-03T16:27:57">
  <properties>
    <titles>
      <title>CB 46 Lord, You Are More Precious</title>
    </titles>
    <copyright>©1982
Integrity’s Hosanna! Music
(Integrity Music Inc.)</copyright>
    <verseOrder>v1</verseOrder>
    <ccliNo>11335</ccliNo>
    <authors>
      <author>Lynn DeShazo</author>
    </authors>
    <songbooks>
      <songbook name="DCCF Chorus Book" entry="46"/>
    </songbooks>
  </properties>
  <lyrics>
    <verse name="v1">
      <lines>LORD, YOU ARE MORE PRECIOUS<br/>Than silver; Lord, You are more costly than gold;<br/>Lord, You are more beautiful than diamonds, and<br/>nothing I desire compares with You.<br/></lines>
    </verse>
  </lyrics>
</song>
