<?xml version='1.0' encoding='UTF-8'?>
<song xmlns="http://openlyrics.info/namespace/2009/song" version="0.8" createdIn="OpenLP 3.1.3" modifiedIn="OpenLP 3.1.3" modifiedDate="2024-12-03T16:48:16">
  <properties>
    <titles>
      <title>CB 407 Lord Jesus Christ, We Seek Thy Face</title>
    </titles>
    <verseOrder>v1 v2 v3 v4</verseOrder>
    <authors>
      <author>L. Mason</author>
      <author>A. Stewart</author>
    </authors>
    <songbooks>
      <songbook name="DCCF Chorus Book" entry="407"/>
    </songbooks>
  </properties>
  <lyrics>
    <verse name="v1">
      <lines>LORD JESUS CHRIST, WE SEEK THY FACE;<br/>Within the veil we bow the knee,<br/>Oh, let Thy glory fill the place,<br/>And bless us while we wait on Thee.</lines>
    </verse>
    <verse name="v2">
      <lines>We thank Thee for the precious blood<br/>That purged our sins and brought us nigh,<br/>All cleansed and sanctified to God,<br/>Thy holy Name to magnify.</lines>
    </verse>
    <verse name="v3">
      <lines>Shut in with Thee far, far above<br/>The restless world that wars below.<br/>We seek to learn and prove Thy love,<br/>Thy wisdom and Thy grace to know.</lines>
    </verse>
    <verse name="v4">
      <lines>The brow that once with thorns was bound,<br/>Thy hands, Thy side, we fain would see,<br/>Draw near, Lord Jesus, glory crowned,<br/>And bless us while we wait on Thee.<br/></lines>
    </verse>
  </lyrics>
</song>
