<?xml version='1.0' encoding='UTF-8'?>
<song xmlns="http://openlyrics.info/namespace/2009/song" version="0.8" createdIn="OpenLP 3.1.3" modifiedIn="OpenLP 3.1.3" modifiedDate="2024-12-03T16:28:08">
  <properties>
    <titles>
      <title>CB 48 His Name is Master</title>
    </titles>
    <verseOrder>v1</verseOrder>
    <authors>
      <author>Unknown</author>
    </authors>
    <songbooks>
      <songbook name="DCCF Chorus Book" entry="48"/>
    </songbooks>
  </properties>
  <lyrics>
    <verse name="v1">
      <lines>HIS NAME IS MASTER,<br/>Savior, Lion of Judah, blessed Prince of Peace;<br/>Shepherd, Fortress, Rock of Salvation, Lamb of<br/>God is He; Son of David, King of the Ages,<br/>Eternal Life, holy Lord of Glory, His name is Life.</lines>
    </verse>
  </lyrics>
</song>
