<?xml version='1.0' encoding='UTF-8'?>
<song xmlns="http://openlyrics.info/namespace/2009/song" version="0.8" createdIn="OpenLP 3.1.3" modifiedIn="OpenLP 3.1.3" modifiedDate="2024-12-03T16:23:26">
  <properties>
    <titles>
      <title>CB 4 Come Bless the Lord #4</title>
    </titles>
    <copyright>1975 Thankyou Music (EMI Christian Music Publishers)</copyright>
    <verseOrder>v1</verseOrder>
    <ccliNo>78763</ccliNo>
    <authors>
      <author>Philip Lawson Johnston</author>
    </authors>
    <songbooks>
      <songbook name="DCCF Chorus Book" entry="4"/>
    </songbooks>
  </properties>
  <lyrics>
    <verse name="v1">
      <lines>COME BLESS THE LORD,<br/>All ye servants of the Lord,<br/>Who stand by night<br/>In the house of the Lord,<br/>Lift up your hands in the holy place,<br/>And bless the Lord,<br/>And bless the Lord.</lines>
    </verse>
  </lyrics>
</song>
