<?xml version='1.0' encoding='UTF-8'?>
<song xmlns="http://openlyrics.info/namespace/2009/song" version="0.8" createdIn="OpenLP 3.1.3" modifiedIn="OpenLP 3.1.3" modifiedDate="2024-12-03T17:19:07">
  <properties>
    <titles>
      <title>CB 427 Come, My Soul, Thy Suit Prepare</title>
    </titles>
    <verseOrder>v1 v2 v3 v4 v5</verseOrder>
    <authors>
      <author>J. Pleyel Newton</author>
    </authors>
    <songbooks>
      <songbook name="DCCF Chorus Book" entry="427"/>
    </songbooks>
  </properties>
  <lyrics>
    <verse name="v1">
      <lines>COME, MY SOUL, THY SUIT PREPARE,<br/>Jesus loves to answer prayer;<br/>He Himself has bid thee pray,<br/>Therefore will not say thee nay.</lines>
    </verse>
    <verse name="v2">
      <lines>Thou art coming to a King,<br/>Large petitions with thee bring;<br/>For His grace and power are such,<br/>None can ever ask too much.</lines>
    </verse>
    <verse name="v3">
      <lines>With my burden I begin;<br/>Lord, remove this load of sin;<br/>Let Thy blood, for sinners spilt,<br/>Set my conscience free from guilt.</lines>
    </verse>
    <verse name="v4">
      <lines>Lord, I come to Thee for rest,<br/>Take possession of my breast;<br/>There Thy blood-bought right maintain,<br/>And without a rival reign.</lines>
    </verse>
    <verse name="v5">
      <lines>While I am a pilgrim here,<br/>Let Thy love my spirit cheer;<br/>As my Guide, my Guard, my Friend.<br/>Lead me to my journey’s end.</lines>
    </verse>
  </lyrics>
</song>
