<?xml version='1.0' encoding='UTF-8'?>
<song xmlns="http://openlyrics.info/namespace/2009/song" version="0.8" createdIn="OpenLP 3.1.3" modifiedIn="OpenLP 3.1.3" modifiedDate="2024-12-03T16:28:02">
  <properties>
    <titles>
      <title>CB 47 Worthy Art Thou, O Lord, Our God</title>
    </titles>
    <copyright>©1979
Thankyou Music (EMI
Christian Music Publishing)</copyright>
    <verseOrder>v1</verseOrder>
    <ccliNo>40791</ccliNo>
    <authors>
      <author>Dave Richards</author>
    </authors>
    <songbooks>
      <songbook name="DCCF Chorus Book" entry="47"/>
    </songbooks>
  </properties>
  <lyrics>
    <verse name="v1">
      <lines>WORTHY ART THOU, O LORD, OUR GOD<br/>Of honor and power,<br/>For You are reigning now on high! Hallelujah!<br/>Jesus is Lord of all the earth! Hallelujah!<br/>Hallelujah! Hallelujah!<br/></lines>
    </verse>
  </lyrics>
</song>
