<?xml version='1.0' encoding='UTF-8'?>
<song xmlns="http://openlyrics.info/namespace/2009/song" version="0.8" createdIn="OpenLP 3.1.3" modifiedIn="OpenLP 3.1.3" modifiedDate="2024-12-03T16:27:34">
  <properties>
    <titles>
      <title>CB 43 Holy, Holy, Holy is the Lord of Hosts</title>
    </titles>
    <copyright>©1976
Resource Christian Music</copyright>
    <verseOrder>v1</verseOrder>
    <ccliNo>21538</ccliNo>
    <authors>
      <author>Nolene Prince</author>
    </authors>
    <songbooks>
      <songbook name="DCCF Chorus Book" entry="43"/>
    </songbooks>
  </properties>
  <lyrics>
    <verse name="v1">
      <lines>HOLY, HOLY, HOLY IS THE LORD OF HOSTS.<br/>Holy, holy, holy is the Lord of Hosts.<br/>The whole earth is full of His glory.<br/>The whole earth is full of His glory.<br/>The whole earth is full of His glory.<br/>Holy is the Lord.<br/></lines>
    </verse>
  </lyrics>
</song>
