<?xml version='1.0' encoding='UTF-8'?>
<song xmlns="http://openlyrics.info/namespace/2009/song" version="0.8" createdIn="OpenLP 3.1.3" modifiedIn="OpenLP 3.1.3" modifiedDate="2024-12-03T17:15:58">
  <properties>
    <titles>
      <title>CB 425 Grace There Is My Every Debt to Pay</title>
    </titles>
    <verseOrder>v1</verseOrder>
    <authors>
      <author>Herbert Booth</author>
    </authors>
    <songbooks>
      <songbook name="DCCF Chorus Book" entry="425"/>
    </songbooks>
  </properties>
  <lyrics>
    <verse name="v1">
      <lines>GRACE THERE IS MY EVERY DEBT TO PAY,<br/>Blood to wash my every sin away,<br/>Power to keep me spotless day by day,<br/>In Christ for me.</lines>
    </verse>
  </lyrics>
</song>
