<?xml version='1.0' encoding='UTF-8'?>
<song xmlns="http://openlyrics.info/namespace/2009/song" version="0.8" createdIn="OpenLP 3.1.3" modifiedIn="OpenLP 3.1.3" modifiedDate="2024-12-03T16:38:09">
  <properties>
    <titles>
      <title>CB 401 The Cleansing Wave</title>
    </titles>
    <verseOrder>v1 c1 v2 c1 v3 c1</verseOrder>
    <ccliNo>47543</ccliNo>
    <authors>
      <author>Phoebe Palmer Knapp</author>
    </authors>
    <songbooks>
      <songbook name="DCCF Chorus Book" entry="401"/>
    </songbooks>
  </properties>
  <lyrics>
    <verse name="v1">
      <lines>OH, NOW I SEE THE CLEANSING WAVE,<br/>The fountain deep and wide;<br/>Jesus, my Lord, mighty to save,<br/>Points to His wounded side.</lines>
    </verse>
    <verse name="c1">
      <lines>The cleansing wave, I see, I see,<br/>I plunge, and oh, it cleanseth me!<br/>Oh, praise the Lord! It cleanseth me!<br/>It cleanseth me, yes, cleanseth me.</lines>
    </verse>
    <verse name="v2">
      <lines>I see the new creation rise,<br/>I hear the speaking blood;<br/>It speaks! Polluted nature dies,<br/>Sinks 'neath the crimson flood.</lines>
    </verse>
    <verse name="v3a">
      <lines>I rise to walk in heaven's own light,<br/>Above the world of sin,<br/>With heart made pure and garments white,<br/>And Christ enthroned within.</lines>
    </verse>
    <verse name="v3b">
      <lines>Amazing grace, 'tis heaven below<br/>To feel the blood applied;<br/>And Jesus, only Jesus know,<br/>My Jesus crucified.</lines>
    </verse>
  </lyrics>
</song>
