<?xml version='1.0' encoding='UTF-8'?>
<song xmlns="http://openlyrics.info/namespace/2009/song" version="0.8" createdIn="OpenLP 3.1.3" modifiedIn="OpenLP 3.1.3" modifiedDate="2024-12-03T16:44:01">
  <properties>
    <titles>
      <title>CB 405 Hark, my soul, it is the Lord!</title>
    </titles>
    <verseOrder>v1 v2 v3 v4 v5 v6</verseOrder>
    <authors>
      <author>J.B. Dykes</author>
      <author>W. Cowper</author>
    </authors>
    <songbooks>
      <songbook name="DCCF Chorus Book" entry="405"/>
    </songbooks>
  </properties>
  <lyrics>
    <verse name="v1">
      <lines>HARK, MY SOUL! IT IS THE LORD;<br/>‘Tis thy Savior, hear His word;<br/>Jesus speaks, and speaks to thee,<br/>Say, poor sinner, lov’st thou Me?</lines>
    </verse>
    <verse name="v2">
      <lines>I delivered thee when bound,<br/>and, when bleeding, healed thy wound;<br/>Sought thee wandering, set thee right,<br/>Turned thy darkness into light.</lines>
    </verse>
    <verse name="v3">
      <lines>Can a woman’s tender care<br/>cease towards the child she bare?<br/>Yes, she may forgetful be;<br/>yet will I remember thee.</lines>
    </verse>
    <verse name="v4">
      <lines>Mine is an unchanging love,<br/>Higher than the heights above;<br/>Deeper than the depths beneath;<br/>Free and faithful, strong as death.</lines>
    </verse>
    <verse name="v5">
      <lines>Thou shalt see My glory soon,<br/>when the work of grace is done;<br/>Partner of My throne shalt be;<br/>Say, poor sinner, lov’st thou Me?</lines>
    </verse>
    <verse name="v6">
      <lines>Lord, it is my chief complaint<br/>That my love is weak and faint;<br/>Yet I love Thee, and adore:<br/>Oh, for grace to love Thee more.</lines>
    </verse>
  </lyrics>
</song>
