<?xml version='1.0' encoding='UTF-8'?>
<song xmlns="http://openlyrics.info/namespace/2009/song" version="0.8" createdIn="OpenLP 3.1.3" modifiedIn="OpenLP 3.1.3" modifiedDate="2024-12-03T17:05:53">
  <properties>
    <titles>
      <title>CB 419 My Song Shall Be Of Jesus</title>
    </titles>
    <copyright>1997 Sonlight Songs, Administered by Roberts, Frank E.</copyright>
    <ccliNo>2246912</ccliNo>
    <authors>
      <author>Fanny J. Crosby</author>
      <author>Frank E. Roberts</author>
    </authors>
    <songbooks>
      <songbook name="DCCF Chorus Book" entry="419 "/>
    </songbooks>
  </properties>
  <lyrics>
    <verse name="v1a">
      <lines>B<br/><br/>My song shall be of Jesus<br/>His mercies crown my days<br/>He fills my cup with blessings<br/>And tunes my heart to praise</lines>
    </verse>
    <verse name="v1b">
      <lines>My song shall be of Jesus<br/>The precious Lamb of God<br/>Who gave Himself a ransom<br/>And bought me with His blood</lines>
    </verse>
    <verse name="v2a">
      <lines>My song shall be of Jesus<br/>When sitting at His feet<br/>I call to mind His goodness<br/>In meditation sweet</lines>
    </verse>
    <verse name="v2b">
      <lines>My song shall be of Jesus<br/>Whatever ill betide<br/>I'll sing the grace that saves me<br/>And keeps me at His side</lines>
    </verse>
    <verse name="v3a">
      <lines>My song shall be of Jesus<br/>While pressing on my way<br/>To reach the blissful region<br/>Of pure and perfect day</lines>
    </verse>
    <verse name="v3b">
      <lines>And when my soul shall enter<br/>The gate of heaven fair<br/>A song of praise to Jesus<br/>I'll sing forever there</lines>
    </verse>
  </lyrics>
</song>
