<?xml version='1.0' encoding='UTF-8'?>
<song xmlns="http://openlyrics.info/namespace/2009/song" version="0.8" createdIn="OpenLP 3.1.3" modifiedIn="OpenLP 3.1.3" modifiedDate="2024-12-03T17:12:05">
  <properties>
    <titles>
      <title>CB 423 Jesus, The Sinner's Friend</title>
    </titles>
    <verseOrder>v1 v2 v3 v4 v5 v6 v7</verseOrder>
    <authors>
      <author>R. Jackson</author>
      <author>Mrs. Pennefather</author>
    </authors>
    <songbooks>
      <songbook name="DCCF Chorus Book" entry="423"/>
    </songbooks>
  </properties>
  <lyrics>
    <verse name="v1">
      <lines>JESUS, THE SINNER’S FRIEND,<br/>We hide ourselves in Thee:<br/>God looks upon Thy sprinkled blood,<br/>It is our only plea.</lines>
    </verse>
    <verse name="v2">
      <lines>He hears Thy precious Name,<br/>We claim it as our own:<br/>The Father must accept and bless<br/>His well-beloved Son.</lines>
    </verse>
    <verse name="v3">
      <lines>He sees Thy spotless robe,<br/>It covers all our sin;<br/>The golden gates have welcomed Thee,<br/>And we may enter in.</lines>
    </verse>
    <verse name="v4">
      <lines>Thou hast fulfilled the law,<br/>And we are justified:<br/>Ours is the blessing, Thine the curse;<br/>We live, for Thou hast died.</lines>
    </verse>
    <verse name="v5">
      <lines>Jesus, the sinner’s Friend!<br/>We cannot speak Thy praise,<br/>No mortal voice can sing the song<br/>That ransomed hearts would raise.</lines>
    </verse>
    <verse name="v6">
      <lines>But when before the throne,<br/>Upon the glassy sea,<br/>Clothed in our blood-bought robes of white,<br/>We stand complete in Thee.</lines>
    </verse>
    <verse name="v7">
      <lines>Jesus, we’ll give Thee then<br/>Such praises as are meet,<br/>And cast ten thousand golden crowns,<br/>Adoring, at Thy feet.</lines>
    </verse>
  </lyrics>
</song>
