<?xml version='1.0' encoding='UTF-8'?>
<song xmlns="http://openlyrics.info/namespace/2009/song" version="0.8" createdIn="OpenLP 3.1.3" modifiedIn="OpenLP 3.1.3" modifiedDate="2024-12-03T16:27:21">
  <properties>
    <titles>
      <title>CB 41 Now Unto The King Eternal</title>
    </titles>
    <verseOrder>v1</verseOrder>
    <authors>
      <author>Unknown</author>
    </authors>
    <songbooks>
      <songbook name="DCCF Chorus Book" entry="41"/>
    </songbooks>
  </properties>
  <lyrics>
    <verse name="v1">
      <lines>NOW UNTO THE KING ETERNAL,<br/>Immortal, invisible, the only wise God, be honor<br/>and glory forever and ever, Amen, Amen, be<br/>honor and glory forever and ever, Amen.</lines>
    </verse>
  </lyrics>
</song>
