<?xml version='1.0' encoding='UTF-8'?>
<song xmlns="http://openlyrics.info/namespace/2009/song" version="0.8" createdIn="OpenLP 3.1.3" modifiedIn="OpenLP 3.1.3" modifiedDate="2024-12-03T17:09:03">
  <properties>
    <titles>
      <title>CB 421 Praise the Lord! Ye Heavens, Adore Him</title>
    </titles>
    <verseOrder>v1 v2</verseOrder>
    <authors>
      <author>J. Kempthorne</author>
      <author type="music">Haydn</author>
    </authors>
    <songbooks>
      <songbook name="DCCF Chorus Book" entry="421"/>
    </songbooks>
  </properties>
  <lyrics>
    <verse name="v1">
      <lines>PRAISE THE LORD! YE HEAVENS, ADORE<br/>HIM<br/>Praise Him, Angels, in the height;<br/>Sun and moon, rejoice before Him,<br/>Praise Him, all ye stars and light:<br/>Praise the Lord! For He hath spoken,<br/>Worlds His mighty voice obeyed;<br/>Laws, which never shall be broken,<br/>For their guidance He hath made.</lines>
    </verse>
    <verse name="v2">
      <lines>Praise the Lord! For He is glorious;<br/>Never shall His promise fail;<br/>God hath made His saints victorious,<br/>Sin and death shall not prevail.<br/>Praise the God of our salvation;<br/>Hosts on high, His power proclaim;<br/>Heav’n and earth, and all creation,<br/>Laud and magnify His name.</lines>
    </verse>
  </lyrics>
</song>
