<?xml version='1.0' encoding='UTF-8'?>
<song xmlns="http://openlyrics.info/namespace/2009/song" version="0.8" createdIn="OpenLP 3.1.3" modifiedIn="OpenLP 3.1.3" modifiedDate="2024-12-03T16:46:59">
  <properties>
    <titles>
      <title>CB 406 Precious Savior, Thou Hast Saved Me</title>
    </titles>
    <verseOrder>v1 c1 v2 c1 v3 c1 v4 c1 v5 c1 v6 c1</verseOrder>
    <authors>
      <author>D. Boole</author>
      <author>L.M. Rouse</author>
    </authors>
    <songbooks>
      <songbook name="DCCF Chorus Book" entry="406"/>
    </songbooks>
  </properties>
  <lyrics>
    <verse name="v1">
      <lines>PRECIOUS SAVIOR, THOU HAST SAVED ME;<br/>Thine, and only Thine, I am:<br/>Oh, the cleansing blood hath reached me!<br/>Glory, glory to the Lamb,</lines>
    </verse>
    <verse name="c1">
      <lines>Glory, glory, hallelujah!<br/>Glory, glory to the Lamb!<br/>Oh, the cleansing blood has reached me!<br/>Glory, glory to the lamb!</lines>
    </verse>
    <verse name="v2">
      <lines>Long my yearning heart was striving<br/>To obtain this precious rest;<br/>But, when all my struggles ended,<br/>Simply trusting, I was blessed.</lines>
    </verse>
    <verse name="v3">
      <lines>Trusting, trusting every moment;<br/>Feeling now the blood applied;<br/>Lying in the cleansing fountain,<br/>Dwelling in my Savior’s side.</lines>
    </verse>
    <verse name="v4">
      <lines>Consecrated to Thy service,<br/>I will live and die to Thee;<br/>I will witness to Thy glory,<br/>Of salvation, full and free.</lines>
    </verse>
    <verse name="v5">
      <lines>Yes, I will stand up for Jesus,<br/>He has sweetly saved my soul,<br/>Cleansed my soul from sin’s corruption,<br/>Sanctified and made me whole.</lines>
    </verse>
    <verse name="v6">
      <lines>Glory to the Lord who bought me,<br/>Glory for His saving power;<br/>Glory to the Lord who keeps me,<br/>Glory, glory evermore!</lines>
    </verse>
  </lyrics>
</song>
