<?xml version='1.0' encoding='UTF-8'?>
<song xmlns="http://openlyrics.info/namespace/2009/song" version="0.8" createdIn="OpenLP 3.1.3" modifiedIn="OpenLP 3.1.3" modifiedDate="2024-12-03T16:57:47">
  <properties>
    <titles>
      <title>CB 413 Come Let Us Sing The Song of Songs</title>
    </titles>
    <verseOrder>v1 v2 v3</verseOrder>
    <authors>
      <author>J. Hatton</author>
      <author>J. Montgomery</author>
    </authors>
    <songbooks>
      <songbook name="DCCF Chorus Book" entry="413"/>
    </songbooks>
  </properties>
  <lyrics>
    <verse name="v1">
      <lines>Come, let us sing the Song of songs,<br/>The saints in heaven began the strain<br/>The homage which to Christ belongs,<br/>Worthy the Lamb, for He was slain</lines>
    </verse>
    <verse name="v2">
      <lines>Slain to redeem us by His blood<br/>And cleanse from every sinful stain<br/>And make us kings and priests to God<br/>Worthy the Lamb, for He was slain</lines>
    </verse>
    <verse name="v3">
      <lines>Long as we live, and when we die<br/>And while in Heaven with Him we reign<br/>This song our Song of Songs shall be<br/>Worthy the Lamb, for He was slain!</lines>
    </verse>
  </lyrics>
</song>
