<?xml version='1.0' encoding='UTF-8'?>
<song xmlns="http://openlyrics.info/namespace/2009/song" version="0.8" createdIn="OpenLP 3.1.3" modifiedIn="OpenLP 3.1.3" modifiedDate="2024-12-03T16:54:32">
  <properties>
    <titles>
      <title>CB 411 In the Shadow of His Wings</title>
    </titles>
    <verseOrder>v1 c1 v2 c1 v3 c1</verseOrder>
    <authors>
      <author>E. O. Ecell</author>
      <author>J. B. Atchingson</author>
    </authors>
    <songbooks>
      <songbook name="DCCF Chorus Book" entry="411"/>
    </songbooks>
  </properties>
  <lyrics>
    <verse name="v1">
      <lines>IN THE SHADOW OF HIS WINGS<br/>There is rest, sweet rest;<br/>There is rest from care and labor,<br/>There is rest for friend and neighbor:<br/>In the shadow of His wings,<br/>There is rest, sweet rest.<br/>In the shadow of His wings there is rest.</lines>
    </verse>
    <verse name="c1">
      <lines>There is rest, sweet rest;<br/>There is peace, sweet peace;<br/>There is joy, glad joy;<br/>In the shadow of His wings!<br/>There is rest, sweet rest;<br/>There is peace, sweet peace;<br/>There is joy, glad joy;<br/>In the shadow of His wings!</lines>
    </verse>
    <verse name="v2">
      <lines>In the shadow of His wings,<br/>There is peace, sweet peace;<br/>Peace that passeth understanding;<br/>Peace, sweet peace that knows no ending:<br/>In the shadow of His wings,<br/>There is peace, sweet peace.<br/>In the shadow of His wings there is peace.</lines>
    </verse>
    <verse name="v3">
      <lines>In the shadow of His wings,<br/>There is joy, glad joy;<br/>There is joy to tell the story;<br/>Joy exceeding, full of glory:<br/>In the shadow of His wings,<br/>There is joy, glad joy.<br/>In the shadow of His wings there is joy.</lines>
    </verse>
  </lyrics>
</song>
