<?xml version='1.0' encoding='UTF-8'?>
<song xmlns="http://openlyrics.info/namespace/2009/song" version="0.8" createdIn="OpenLP 3.1.3" modifiedIn="OpenLP 3.1.3" modifiedDate="2024-12-03T16:27:51">
  <properties>
    <titles>
      <title>CB 45 Worthy, Oh Worthy Are You, Lord</title>
    </titles>
    <copyright>©1976 The
Servants of the Word (The
Copyright Company)</copyright>
    <verseOrder>v1 v2</verseOrder>
    <ccliNo>28270</ccliNo>
    <authors>
      <author>Mark Kinzer</author>
    </authors>
    <songbooks>
      <songbook name="DCCF Chorus Book" entry="45"/>
    </songbooks>
  </properties>
  <lyrics>
    <verse name="v1">
      <lines>WORTHY, OH WORTHY ARE YOU, LORD,<br/>Worthy to be thanked and praised and worshiped<br/>and adored.<br/>(Repeat)<br/></lines>
    </verse>
    <verse name="v2">
      <lines>Singing Hallelujah, Lamb upon the throne; we<br/>worship and adore You, we make Your glory<br/>known. Hallelujah, glory to the King. You're more<br/>than a conq'ror, and You're Lord of everything.</lines>
    </verse>
  </lyrics>
</song>
