<?xml version='1.0' encoding='UTF-8'?>
<song xmlns="http://openlyrics.info/namespace/2009/song" version="0.8" createdIn="OpenLP 3.1.3" modifiedIn="OpenLP 3.1.3" modifiedDate="2024-12-03T17:22:22">
  <properties>
    <titles>
      <title>CB 429 Rejoice! Rejoice! Our King is Coming</title>
    </titles>
    <verseOrder>v1 c1 v2 c1 v3 c1</verseOrder>
    <authors>
      <author>Ira D. Sankey</author>
    </authors>
    <songbooks>
      <songbook name="DCCF Chorus Book" entry="429"/>
    </songbooks>
  </properties>
  <lyrics>
    <verse name="v1">
      <lines>REJOICE! REJOICE! OUR KING IS COMING!<br/>And the time will not be long,<br/>Until we hail the radiant dawning,<br/>And lift up the glad new song.</lines>
    </verse>
    <verse name="c1">
      <lines>Oh, wondrous day! Oh, glorious morning,<br/>When the Son of God shall come:<br/>May we with lamps all trimmed and burning<br/>Gladly welcome His return.<br/>Rejoice! Rejoice! Our King is coming!<br/>And the time will not be long,<br/>Until we hail the radiant dawning,<br/>And lift up the glad new song.</lines>
    </verse>
    <verse name="v2">
      <lines>With joy we wait our King’s returning<br/>From His heavenly mansions fair,<br/>And with ten thousand saints appearing<br/>We shall meet Him in the air.</lines>
    </verse>
    <verse name="v3">
      <lines>Oh, may we never weary, watching,<br/>Never lay our armor down,<br/>Until He come, and with rejoicing<br/>Give to each the promised crown.</lines>
    </verse>
  </lyrics>
</song>
