<?xml version='1.0' encoding='UTF-8'?>
<song xmlns="http://openlyrics.info/namespace/2009/song" version="0.8" createdIn="OpenLP 3.1.3" modifiedIn="OpenLP 3.1.3" modifiedDate="2024-12-03T16:28:14">
  <properties>
    <titles>
      <title>CB 49 Who Is Like Unto Thee</title>
    </titles>
    <copyright>©1985 Integrity’s Hosanna!
Music (Integrity Music Inc.)</copyright>
    <verseOrder>v1</verseOrder>
    <ccliNo>17377</ccliNo>
    <authors>
      <author>Judy Horner Montemayor</author>
    </authors>
    <songbooks>
      <songbook name="DCCF Chorus Book" entry="49"/>
    </songbooks>
  </properties>
  <lyrics>
    <verse name="v1">
      <lines>WHO IS LIKE UNTO THEE,<br/>O Lord, among the gods?<br/>Who is like unto Thee, glorious in holiness,<br/>Fearful in praises, doing wonders?<br/>Who is like unto Thee?<br/><br/></lines>
    </verse>
  </lyrics>
</song>
