<?xml version='1.0' encoding='UTF-8'?>
<song xmlns="http://openlyrics.info/namespace/2009/song" version="0.8" createdIn="OpenLP 3.1.3" modifiedIn="OpenLP 3.1.3" modifiedDate="2024-12-03T16:27:27">
  <properties>
    <titles>
      <title>CB 42 For Thou, O Lord, Art High</title>
    </titles>
    <authors>
      <author>Unknown</author>
    </authors>
    <songbooks>
      <songbook name="DCCF Chorus Book" entry="42"/>
    </songbooks>
  </properties>
  <lyrics>
    <verse name="v1">
      <lines>FOR THOU, O LORD, ART HIGH<br/>Above all the earth. Thou art exalted far above all<br/>gods.<br/>(Repeat)<br/><br/>We exalt Thee, We exalt Thee,<br/>We exalt Thee, O Lord.<br/>(Repeat)</lines>
    </verse>
  </lyrics>
</song>
