<?xml version='1.0' encoding='UTF-8'?>
<song xmlns="http://openlyrics.info/namespace/2009/song" version="0.8" createdIn="OpenLP 3.1.3" modifiedIn="OpenLP 3.1.3" modifiedDate="2024-12-03T16:28:34">
  <properties>
    <titles>
      <title>CB 52 Jesus Shall Take the Highest Honor</title>
    </titles>
    <copyright>©1985
Sovereign Lifestyle Music</copyright>
    <verseOrder>v1 c1</verseOrder>
    <ccliNo>451380</ccliNo>
    <authors>
      <author>Chris Bowater</author>
    </authors>
    <songbooks>
      <songbook name="DCCF Chorus Book" entry="52"/>
    </songbooks>
  </properties>
  <lyrics>
    <verse name="v1">
      <lines>JESUS SHALL TAKE THE HIGHEST HONOR.<br/>Jesus shall take the highest praise.<br/>Let all earth join heaven in exalting<br/>The Name which is above all other names.<br/>Let’s bow the knee in humble adoration,<br/>For at His name every knee must bow.<br/>Every tongue confess<br/>He is Christ, God’s only Son;<br/>Sovereign Lord, we give You glory now.</lines>
    </verse>
    <verse name="c1">
      <lines>For all honor and blessing and power<br/>Belong to You, belong to You.<br/>All honor and blessing and power<br/>Belong to You, belong to You,<br/>Lord Jesus Christ, Son of the living God.</lines>
    </verse>
  </lyrics>
</song>
