<?xml version='1.0' encoding='UTF-8'?>
<song xmlns="http://openlyrics.info/namespace/2009/song" version="0.8" createdIn="OpenLP 3.1.3" modifiedIn="OpenLP 3.1.3" modifiedDate="2024-12-03T16:28:27">
  <properties>
    <titles>
      <title>CB 51 Father, We Praise You</title>
    </titles>
    <copyright>© 1976,
1981 Maranatha! Music
CCCM Music</copyright>
    <verseOrder>v1</verseOrder>
    <ccliNo>1383</ccliNo>
    <authors>
      <author>Donna Adkins</author>
    </authors>
    <songbooks>
      <songbook name="DCCF Chorus Book" entry="51"/>
    </songbooks>
  </properties>
  <lyrics>
    <verse name="v1">
      <lines>FATHER, WE PRAISE YOU,<br/>We love You, we adore You.<br/>Glorify Thy name in all the earth.<br/>Glorify Thy name, glorify Thy name,<br/>Glorify Thy name in all the earth.</lines>
    </verse>
  </lyrics>
</song>
