<?xml version='1.0' encoding='UTF-8'?>
<song xmlns="http://openlyrics.info/namespace/2009/song" version="0.8" createdIn="OpenLP 3.1.3" modifiedIn="OpenLP 3.1.3" modifiedDate="2024-12-03T16:29:16">
  <properties>
    <titles>
      <title>CB 59 Jesus, How Lovely You Are</title>
    </titles>
    <copyright>©1975
Thankyou Music (EMI
Christian Music Publishing)</copyright>
    <verseOrder>v1 c1 v1</verseOrder>
    <ccliNo>1242</ccliNo>
    <authors>
      <author>Dave Bolton</author>
    </authors>
    <songbooks>
      <songbook name="DCCF Chorus Book" entry="59"/>
    </songbooks>
  </properties>
  <lyrics>
    <verse name="v1">
      <lines>JESUS, HOW LOVELY YOU ARE.<br/>You are so gentle, so pure and kind.<br/>You shine as the morning star.<br/>Jesus, how lovely You are.</lines>
    </verse>
    <verse name="c1">
      <lines>Hallelujah, Jesus is my Lord and King.<br/>Hallelujah, Jesus is my everything.<br/>(Repeat first verse)</lines>
    </verse>
  </lyrics>
</song>
