<?xml version='1.0' encoding='UTF-8'?>
<song xmlns="http://openlyrics.info/namespace/2009/song" version="0.8" createdIn="OpenLP 3.1.3" modifiedIn="OpenLP 3.1.3" modifiedDate="2024-12-03T16:28:39">
  <properties>
    <titles>
      <title>CB 53 Be Thou Exalted</title>
    </titles>
    <copyright>©1978 Bin Soto
(Word Music Group Inc.)</copyright>
    <verseOrder>v1</verseOrder>
    <ccliNo>18802</ccliNo>
    <authors>
      <author>Bin Soto</author>
    </authors>
    <songbooks>
      <songbook name="DCCF Chorus Book" entry="53"/>
    </songbooks>
  </properties>
  <lyrics>
    <verse name="v1">
      <lines>BE THOU EXALTED,<br/>Be Thou exalted, be Thou exalted on high.<br/>Creation shall praise Thee, the saints shall adore<br/>Thee.<br/>The King is exalted on high.</lines>
    </verse>
  </lyrics>
</song>
