<?xml version='1.0' encoding='UTF-8'?>
<song xmlns="http://openlyrics.info/namespace/2009/song" version="0.8" createdIn="OpenLP 3.1.3" modifiedIn="OpenLP 3.1.3" modifiedDate="2024-12-03T16:29:04">
  <properties>
    <titles>
      <title>CB 57 I Worship You, Almighty God</title>
    </titles>
    <copyright>©1983
Integrity’s Hosanna! Music
(Integrity Music Inc.)</copyright>
    <verseOrder>v1</verseOrder>
    <ccliNo>20807</ccliNo>
    <authors>
      <author>Sondra Corbett</author>
    </authors>
    <songbooks>
      <songbook name="DCCF Chorus Book" entry="57"/>
    </songbooks>
  </properties>
  <lyrics>
    <verse name="v1">
      <lines>I WORSHIP YOU, ALMIGHTY GOD,<br/>There is none like You.<br/>I worship You, O Prince of Peace.<br/>That is what I want to do.<br/>I give You praise, for You are my righteousness.<br/>I worship You, Almighty God.<br/>There is none like You.<br/></lines>
    </verse>
  </lyrics>
</song>
