<?xml version='1.0' encoding='UTF-8'?>
<song xmlns="http://openlyrics.info/namespace/2009/song" version="0.8" createdIn="OpenLP 3.1.3" modifiedIn="OpenLP 3.1.3" modifiedDate="2024-12-03T16:28:20">
  <properties>
    <titles>
      <title>CB 50 I Will Give Thanks to Thee</title>
    </titles>
    <copyright>©1977
Scripture in Song
(Maranatha! Music)</copyright>
    <verseOrder>v1 c1 v1 v2</verseOrder>
    <ccliNo>21112</ccliNo>
    <authors>
      <author>Brent Chambers</author>
    </authors>
    <songbooks>
      <songbook name="DCCF Chorus Book" entry="50"/>
    </songbooks>
  </properties>
  <lyrics>
    <verse name="v1">
      <lines>I WILL GIVE THANKS TO THEE,<br/>O God, among the peoples; I will sing praises to<br/>Thee among the nations. For Thy steadfast love<br/>is great, is great to the heavens, and Thy<br/>faithfulness, Thy faithfulness to the clouds.</lines>
    </verse>
    <verse name="c1">
      <lines>Be exalted, O God, above the heavens.<br/>Let Thy glory be over all the earth.<br/>(repeat)</lines>
    </verse>
    <verse name="v2">
      <lines>Be exalted, O God, above the heavens.<br/>Let Thy glory be over all the earth.<br/>Be exalted, O God, above the heavens.<br/>Let Thy glory, let Thy glory, let Thy glory be over<br/>all the earth.</lines>
    </verse>
  </lyrics>
</song>
