<?xml version='1.0' encoding='UTF-8'?>
<song xmlns="http://openlyrics.info/namespace/2009/song" version="0.8" createdIn="OpenLP 3.1.3" modifiedIn="OpenLP 3.1.3" modifiedDate="2024-12-03T16:28:58">
  <properties>
    <titles>
      <title>CB 56 Worthy is the Lamb</title>
    </titles>
    <copyright>©1978
Scripture in Song
(Maranatha! Music)</copyright>
    <verseOrder>v1 v2 v3</verseOrder>
    <ccliNo>102316</ccliNo>
    <authors>
      <author>Dale Garratt</author>
    </authors>
    <songbooks>
      <songbook name="DCCF Chorus Book" entry="56"/>
    </songbooks>
  </properties>
  <lyrics>
    <verse name="v1">
      <lines>WORTHY IS THE LAMB<br/>To receive power and riches,<br/>And wisdom and might and honor,<br/>Blessing and honor and glory<br/>And dominion forever.<br/>Worthy is the Lamb.<br/></lines>
    </verse>
    <verse name="v2">
      <lines>Power, riches, wisdom, and might<br/>And blessing and honor<br/>And dominion forevermore.</lines>
    </verse>
    <verse name="v3">
      <lines>Power, riches, wisdom, and might,<br/>And blessing and honor,<br/>Worthy is the Lamb.</lines>
    </verse>
  </lyrics>
</song>
