<?xml version='1.0' encoding='UTF-8'?>
<song xmlns="http://openlyrics.info/namespace/2009/song" version="0.8" createdIn="OpenLP 3.1.3" modifiedIn="OpenLP 3.1.3" modifiedDate="2024-12-03T16:23:32">
  <properties>
    <titles>
      <title>CB 5 How Lovely Are Thy Dwelling Places #5</title>
    </titles>
    <copyright>1976 Scripture in Song</copyright>
    <verseOrder>v1</verseOrder>
    <ccliNo>26241</ccliNo>
    <authors>
      <author>Bin Soto</author>
    </authors>
    <songbooks>
      <songbook name="DCCF Chorus Book" entry="5"/>
    </songbooks>
  </properties>
  <lyrics>
    <verse name="v1">
      <lines>HOW LOVELY ARE THY DWELLING PLACES;<br/>My soul longs for the courts of the Lord.<br/>My heart and my flesh sing for joy to the living<br/>God;<br/>You are my King and my God.</lines>
    </verse>
  </lyrics>
</song>
