<?xml version='1.0' encoding='UTF-8'?>
<song xmlns="http://openlyrics.info/namespace/2009/song" version="0.8" createdIn="OpenLP 3.1.3" modifiedIn="OpenLP 3.1.3" modifiedDate="2024-12-03T16:28:52">
  <properties>
    <titles>
      <title>CB 55 Immanuel Immanuel</title>
    </titles>
    <verseOrder>v1</verseOrder>
    <authors>
      <author>Unknown</author>
    </authors>
    <songbooks>
      <songbook name="DCCF Chorus Book" entry="55"/>
    </songbooks>
  </properties>
  <lyrics>
    <verse name="v1">
      <lines>IMMANUEL, IMMANUEL,<br/>Your name is called Immanuel.<br/>You're God with us, revealed in us,<br/>Your name is called Immanuel.</lines>
    </verse>
  </lyrics>
</song>
