<?xml version='1.0' encoding='UTF-8'?>
<song xmlns="http://openlyrics.info/namespace/2009/song" version="0.8" createdIn="OpenLP 3.1.3" modifiedIn="OpenLP 3.1.3" modifiedDate="2024-12-03T16:23:39">
  <properties>
    <titles>
      <title>CB 6 How Lovely is Your Dwelling Place, Lord My God #6</title>
    </titles>
    <copyright>1974,1981
Lion of Judah Music
(Brentwood-Benson Music
Publishing, Inc.)</copyright>
    <verseOrder>v1</verseOrder>
    <ccliNo>94912</ccliNo>
    <authors>
      <author>Ted Sandquist</author>
    </authors>
    <songbooks>
      <songbook name="DCCF Chorus Book" entry="6"/>
    </songbooks>
  </properties>
  <lyrics>
    <verse name="v1">
      <lines>HOW LOVELY IS YOUR DWELLING PLACE, O<br/>LORD MY GOD.<br/>My soul longs and yearns for Your courts.<br/>And I would rather be a doorkeeper in Your<br/>house,<br/>Than to live my life somewhere else.<br/>You are my Sun and my Shield,<br/>You are my Beloved from the start,<br/>And the highway to Your city runs through my<br/>heart.</lines>
    </verse>
  </lyrics>
</song>
