<?xml version='1.0' encoding='UTF-8'?>
<song xmlns="http://openlyrics.info/namespace/2009/song" version="0.8" createdIn="OpenLP 3.1.3" modifiedIn="OpenLP 3.1.3" modifiedDate="2024-12-03T16:29:44">
  <properties>
    <titles>
      <title>CB 63 Let There Be Glory, And Honor And Praise</title>
    </titles>
    <copyright>© 1978 Integrity's
Hosanna! Music (Integrity
Music)</copyright>
    <verseOrder>v1</verseOrder>
    <ccliNo>19351</ccliNo>
    <authors>
      <author>James and Elizabeth Greeneish</author>
    </authors>
    <songbooks>
      <songbook name="DCCF Chorus Book" entry="63"/>
    </songbooks>
  </properties>
  <lyrics>
    <verse name="v1">
      <lines>LET THERE BE GLORY, AND HONOR AND<br/>PRAISES,<br/>Glory and honor to Jesus. Glory, honor, glory and<br/>honor to Him.</lines>
    </verse>
  </lyrics>
</song>
