<?xml version='1.0' encoding='UTF-8'?>
<song xmlns="http://openlyrics.info/namespace/2009/song" version="0.8" createdIn="OpenLP 3.1.3" modifiedIn="OpenLP 3.1.3" modifiedDate="2024-12-03T16:30:02">
  <properties>
    <titles>
      <title>CB 67 Whoso Offereth Praise, O Lord</title>
    </titles>
    <verseOrder>v1 v2 v3</verseOrder>
    <authors>
      <author>Unknown</author>
    </authors>
    <songbooks>
      <songbook name="DCCF Chorus Book" entry="67"/>
    </songbooks>
  </properties>
  <lyrics>
    <verse name="v1">
      <lines>WHOSO OFFERETH PRAISE, O LORD,<br/>Glorifieth Thee; whoso offereth praise, O Lord,<br/>glorifies Thee in Zion.</lines>
    </verse>
    <verse name="v2">
      <lines>Praise waiteth for Thee, O Lord; praise waiteth for<br/>Thee. Praise waiteth for Thee, O Lord, waiteth for<br/>Thee in Zion.</lines>
    </verse>
    <verse name="v3">
      <lines>Thou art worthy of praise, O Lord, Thou art<br/>worthy of praise. Thou art worthy of praise, O<br/>Lord, worthy of praise in Zion.</lines>
    </verse>
  </lyrics>
</song>
