<?xml version='1.0' encoding='UTF-8'?>
<song xmlns="http://openlyrics.info/namespace/2009/song" version="0.8" createdIn="OpenLP 3.1.3" modifiedIn="OpenLP 3.1.3" modifiedDate="2024-12-03T16:29:58">
  <properties>
    <titles>
      <title>CB 66 Holy Lord, Most Holy Lord</title>
    </titles>
    <copyright>©1984 Maranatha Praise
Inc. (Maranatha! Music)</copyright>
    <verseOrder>v1</verseOrder>
    <ccliNo>25863</ccliNo>
    <authors>
      <author>Steve and Vikki Cook</author>
    </authors>
    <songbooks>
      <songbook name="DCCF Chorus Book" entry="66"/>
    </songbooks>
  </properties>
  <lyrics>
    <verse name="v1">
      <lines>HOLY LORD, MOST HOLY LORD,<br/>You alone are worthy of our praise.<br/>Holy Lord, most holy Lord,<br/>With all of our hearts we sing.<br/>Great are you, Lord, worthy of praise. Holy and<br/>true, great are you, Lord, most Holy Lord.</lines>
    </verse>
  </lyrics>
</song>
