<?xml version='1.0' encoding='UTF-8'?>
<song xmlns="http://openlyrics.info/namespace/2009/song" version="0.8" createdIn="OpenLP 3.1.3" modifiedIn="OpenLP 3.1.3" modifiedDate="2024-12-03T16:30:07">
  <properties>
    <titles>
      <title>CB 68 Blessing and Honor and Glory Be Thine</title>
    </titles>
    <verseOrder>v1 v2 v1</verseOrder>
    <authors>
      <author>Unknown</author>
    </authors>
    <songbooks>
      <songbook name="DCCF Chorus Book" entry="68"/>
    </songbooks>
  </properties>
  <lyrics>
    <verse name="v1">
      <lines>BLESSING AND HONOR AND GLORY BE<br/>THINE,<br/>And glory be Thine, and glory be Thine. Blessing<br/>and honor and glory be Thine, for Thou art on the<br/>throne.</lines>
    </verse>
    <verse name="v2">
      <lines>Praise Him, praise Him, all ye saints adore Him.<br/>Praise Him, praise Him, for He is on the throne.<br/>Hallelujah!<br/>(Repeat first verse)</lines>
    </verse>
  </lyrics>
</song>
