<?xml version='1.0' encoding='UTF-8'?>
<song xmlns="http://openlyrics.info/namespace/2009/song" version="0.8" createdIn="OpenLP 3.1.3" modifiedIn="OpenLP 3.1.3" modifiedDate="2024-12-03T16:29:50">
  <properties>
    <titles>
      <title>CB 64 Lord, You Are So Precious to Me</title>
    </titles>
    <copyright>©1986
Thankyou Music (EMI
Christian Music Publishing)</copyright>
    <verseOrder>v1</verseOrder>
    <ccliNo>1314</ccliNo>
    <authors>
      <author>Graham Kendrick</author>
    </authors>
    <songbooks>
      <songbook name="DCCF Chorus Book" entry="64"/>
    </songbooks>
  </properties>
  <lyrics>
    <verse name="v1">
      <lines>LORD, YOU ARE SO PRECIOUS TO ME,<br/>Lord, You are so precious to me.<br/>And I love You, yes, I love You,<br/>Because You first loved me.</lines>
    </verse>
  </lyrics>
</song>
