<?xml version='1.0' encoding='UTF-8'?>
<song xmlns="http://openlyrics.info/namespace/2009/song" version="0.8" createdIn="OpenLP 3.1.3" modifiedIn="OpenLP 3.1.3" modifiedDate="2024-12-03T16:29:21">
  <properties>
    <titles>
      <title>CB 60 The Lord Liveth</title>
    </titles>
    <verseOrder>v1 v2 v1</verseOrder>
    <authors>
      <author>Unknown</author>
    </authors>
    <songbooks>
      <songbook name="DCCF Chorus Book" entry="60"/>
    </songbooks>
  </properties>
  <lyrics>
    <verse name="v1">
      <lines>THE LORD LIVETH,<br/>And blessed be my Rock.<br/>Let the God of my salvation be exalted.<br/>(Repeat)</lines>
    </verse>
    <verse name="v2">
      <lines>Therefore will I give thanks unto Thee, O Lord,<br/>and sing praises to Thy name.<br/>(Repeat first verse)</lines>
    </verse>
  </lyrics>
</song>
