<?xml version='1.0' encoding='UTF-8'?>
<song xmlns="http://openlyrics.info/namespace/2009/song" version="0.8" createdIn="OpenLP 3.1.3" modifiedIn="OpenLP 3.1.3" modifiedDate="2024-12-03T16:29:37">
  <properties>
    <titles>
      <title>CB 62 Majesty, Worship His Majesty</title>
    </titles>
    <copyright>©1981 New
Spring (Brentwood-Benson
Music Publishing Inc.)</copyright>
    <verseOrder>v1 v2 v3</verseOrder>
    <ccliNo>1527</ccliNo>
    <authors>
      <author>Jack Hayford</author>
    </authors>
    <songbooks>
      <songbook name="DCCF Chorus Book" entry="62"/>
    </songbooks>
  </properties>
  <lyrics>
    <verse name="v1">
      <lines>MAJESTY, WORSHIP HIS MAJESTY,<br/>Unto Jesus be all glory, honor and praise.<br/>Majesty, kingdom authority,<br/>Flow from His throne unto His own,<br/>His anthems raise.</lines>
    </verse>
    <verse name="v2">
      <lines>So exalt, lift up on high, the name of Jesus.<br/>Magnify, come glorify Christ Jesus the King.</lines>
    </verse>
    <verse name="v3">
      <lines>Majesty, worship His majesty,<br/>Jesus who died, now glorified, King of all kings.</lines>
    </verse>
  </lyrics>
</song>
