<?xml version='1.0' encoding='UTF-8'?>
<song xmlns="http://openlyrics.info/namespace/2009/song" version="0.8" createdIn="OpenLP 3.1.3" modifiedIn="OpenLP 3.1.3" modifiedDate="2024-12-03T16:29:54">
  <properties>
    <titles>
      <title>CB 65 He Alone is Worthy</title>
    </titles>
    <verseOrder>v1 v2 v3</verseOrder>
    <authors>
      <author>Unknown</author>
    </authors>
    <songbooks>
      <songbook name="DCCF Chorus Book" entry="65"/>
    </songbooks>
  </properties>
  <lyrics>
    <verse name="v1">
      <lines>HE ALONE IS WORTHY.<br/>Christ alone is worthy. He alone is worthy of all<br/>praise.<br/>(Repeat)<br/></lines>
    </verse>
    <verse name="v2">
      <lines>For He's the King of all kings, the Lord of all lords,<br/>and I love Him, I adore Him, yes, I do.</lines>
    </verse>
    <verse name="v3">
      <lines>For He alone is worthy. Christ alone is worthy.<br/>He alone is worthy of all praise.</lines>
    </verse>
  </lyrics>
</song>
