<?xml version='1.0' encoding='UTF-8'?>
<song xmlns="http://openlyrics.info/namespace/2009/song" version="0.8" createdIn="OpenLP 3.1.3" modifiedIn="OpenLP 3.1.3" modifiedDate="2024-12-03T16:29:26">
  <properties>
    <titles>
      <title>CB 61 Making Melody in Our Hearts</title>
    </titles>
    <verseOrder>v1 v2</verseOrder>
    <authors>
      <author>Unknown</author>
    </authors>
    <songbooks>
      <songbook name="DCCF Chorus Book" entry="61"/>
    </songbooks>
  </properties>
  <lyrics>
    <verse name="v1">
      <lines>MAKING MELODY IN OUR HEARTS,<br/>Making melody in our hearts, making melody in<br/>our hearts unto the King of kings.</lines>
    </verse>
    <verse name="v2">
      <lines>Worship and adore Him, worship and adore Him.<br/>Making melody in our hearts unto the King of<br/>kings.</lines>
    </verse>
  </lyrics>
</song>
