<?xml version='1.0' encoding='UTF-8'?>
<song xmlns="http://openlyrics.info/namespace/2009/song" version="0.8" createdIn="OpenLP 3.1.3" modifiedIn="OpenLP 3.1.3" modifiedDate="2024-12-03T16:30:21">
  <properties>
    <titles>
      <title>CB 71 In the Presence of a Holy God</title>
    </titles>
    <copyright>©1989
Integrity's Praise! Music
Sovereign Grace Praise</copyright>
    <ccliNo>29688</ccliNo>
    <authors>
      <author>Mark Altrogge</author>
    </authors>
    <songbooks>
      <songbook name="DCCF Chorus Book" entry="71"/>
    </songbooks>
  </properties>
  <lyrics>
    <verse name="v1">
      <lines>IN THE PRESENCE OF A HOLY GOD<br/>There’s new meaning now to grace.<br/>You took all my sins upon Yourself,<br/>I can only stand amazed.</lines>
    </verse>
    <verse name="v2">
      <lines>In the presence of Your infinite might<br/>I’m so small and frail and weak.<br/>When I see Your power and wisdom, Lord,<br/>I have no words left to speak.</lines>
    </verse>
    <verse name="c1">
      <lines>And I cry holy, holy, holy God,<br/>How awesome is Your name.<br/>Holy, holy, holy God,<br/>How majestic is Your reign.<br/>And I am changed<br/>In the presence of a holy God.</lines>
    </verse>
    <verse name="v3">
      <lines>In the presence of Your glory<br/>All my crowns lie in the dust.<br/>You are righteous in Your judgments, Lord,<br/>You are faithful, true and just.</lines>
    </verse>
  </lyrics>
</song>
