<?xml version='1.0' encoding='UTF-8'?>
<song xmlns="http://openlyrics.info/namespace/2009/song" version="0.8" createdIn="OpenLP 3.1.3" modifiedIn="OpenLP 3.1.3" modifiedDate="2024-12-03T16:30:41">
  <properties>
    <titles>
      <title>CB 75 All Heaven Declares</title>
    </titles>
    <copyright>©1987, 1997 Thank-
you Music (EMI Christian

Music Publishing)</copyright>
    <verseOrder>v1 v2 v3 v4</verseOrder>
    <ccliNo>120556</ccliNo>
    <authors>
      <author>Noel Richards</author>
    </authors>
    <songbooks>
      <songbook name="DCCF Chorus Book" entry="75"/>
    </songbooks>
  </properties>
  <lyrics>
    <verse name="v1">
      <lines>ALL HEAVEN DECLARES,<br/>The glory of the risen Lord.<br/>Who can compare<br/>With the beauty of the Lord?</lines>
    </verse>
    <verse name="v2">
      <lines>Forever He will be (forever)<br/>The Lamb upon the throne (on the throne)<br/>I gladly bow the knee (we bow)<br/>And worship Him alone (alone).</lines>
    </verse>
    <verse name="v3">
      <lines>I will proclaim,<br/>The glory of the risen Lord.<br/>Who once was slain<br/>To reconcile man to God</lines>
    </verse>
    <verse name="v4">
      <lines>Forever You will be (forever)<br/>The Lamb upon the throne (on the throne).<br/>I gladly bow the knee (we bow)<br/>And worship You alone (alone).</lines>
    </verse>
  </lyrics>
</song>
