<?xml version='1.0' encoding='UTF-8'?>
<song xmlns="http://openlyrics.info/namespace/2009/song" version="0.8" createdIn="OpenLP 3.1.3" modifiedIn="OpenLP 3.1.3" modifiedDate="2024-12-03T16:30:51">
  <properties>
    <titles>
      <title>CB 77 You Are Worthy, Father, Creator</title>
    </titles>
    <copyright>©1988 McKinney
Music, Inc.Van Ness Press,
Inc.(Lifeway Christian
Resources)</copyright>
    <verseOrder>v1</verseOrder>
    <ccliNo>82869</ccliNo>
    <authors>
      <author>Terry York</author>
      <author>Mark Blankenship</author>
    </authors>
    <songbooks>
      <songbook name="DCCF Chorus Book" entry="77"/>
    </songbooks>
  </properties>
  <lyrics>
    <verse name="v1">
      <lines>YOU ARE WORTHY, FATHER, CREATOR.<br/>You are worthy, Savior, Sustainer.<br/>You are worthy, worthy and wonderful;<br/>Worthy of worship and praise.<br/>(Repeat).</lines>
    </verse>
  </lyrics>
</song>
