<?xml version='1.0' encoding='UTF-8'?>
<song xmlns="http://openlyrics.info/namespace/2009/song" version="0.8" createdIn="OpenLP 3.1.3" modifiedIn="OpenLP 3.1.3" modifiedDate="2024-12-03T16:31:03">
  <properties>
    <titles>
      <title>CB 79 My Lord, What Love Is This</title>
      <title>Amazing Love</title>
    </titles>
    <copyright>©1989
Make Way Music (Music
Services Inc)</copyright>
    <verseOrder>v1 c1 v2 c1 v3 c1</verseOrder>
    <ccliNo>192553</ccliNo>
    <authors>
      <author>Graham Kendrick</author>
    </authors>
    <songbooks>
      <songbook name="DCCF Chorus Book" entry="79"/>
    </songbooks>
  </properties>
  <lyrics>
    <verse name="v1">
      <lines>MY LORD, WHAT LOVE IS THIS,<br/>That pays so dearly; that I, the guilty one,<br/>May go free?</lines>
    </verse>
    <verse name="c1">
      <lines>Amazing love, O what sacrifice<br/>The Son of God giv'n for me.<br/>My debt He pays, and my death He dies<br/>That I might live, that I might live.</lines>
    </verse>
    <verse name="v2">
      <lines>And so they watched Him die<br/>Despised, rejected. But O, the blood He shed,<br/>Flowed for me.</lines>
    </verse>
    <verse name="v3">
      <lines>And now this love of Christ<br/>Shall flow like rivers. Come wash your guilt away;<br/>Live in Him.</lines>
    </verse>
  </lyrics>
</song>
