<?xml version='1.0' encoding='UTF-8'?>
<song xmlns="http://openlyrics.info/namespace/2009/song" version="0.8" createdIn="OpenLP 3.1.3" modifiedIn="OpenLP 3.1.3" modifiedDate="2024-12-03T16:30:35">
  <properties>
    <titles>
      <title>CB 74 Here is Love</title>
    </titles>
    <copyright>©2004
Thankyou Music (EMI
Christian Music Publishing)</copyright>
    <verseOrder>v1 v2 v3 v4</verseOrder>
    <ccliNo>3287884</ccliNo>
    <authors>
      <author>Matt Redman</author>
      <author>Robert Lowry</author>
      <author>William Rees</author>
    </authors>
    <songbooks>
      <songbook name="DCCF Chorus Book" entry="74"/>
    </songbooks>
  </properties>
  <lyrics>
    <verse name="v1">
      <lines>HERE IS LOVE<br/>Vast as the ocean,<br/>Lovingkindness as a flood,<br/>When the Prince of life our ransom<br/>Shed for us His precious blood.</lines>
    </verse>
    <verse name="v2">
      <lines>Who His love will not remember?<br/>Who can cease to sing His praise?<br/>He will never be forgotten<br/>Throughout heaven’s eternal days.</lines>
    </verse>
    <verse name="v3">
      <lines>On the mount of crucifixion<br/>Fountains opened deep and wide.<br/>Through the flood gates of God’s mercy<br/>Flowed a vast and gracious tide.</lines>
    </verse>
    <verse name="v4">
      <lines>Grace and love like mighty rivers<br/>Poured incessant from above.<br/>Heaven’s peace and perfect justice<br/>Kissed a guilty world in love.</lines>
    </verse>
  </lyrics>
</song>
