<?xml version='1.0' encoding='UTF-8'?>
<song xmlns="http://openlyrics.info/namespace/2009/song" version="0.8" createdIn="OpenLP 3.1.3" modifiedIn="OpenLP 3.1.3" modifiedDate="2024-12-03T16:30:57">
  <properties>
    <titles>
      <title>CB 78 How Great is Our God</title>
    </titles>
    <verseOrder>v1</verseOrder>
    <authors>
      <author>Unknown</author>
    </authors>
    <songbooks>
      <songbook name="DCCF Chorus Book" entry="78"/>
    </songbooks>
  </properties>
  <lyrics>
    <verse name="v1">
      <lines>HOW GREAT IS OUR GOD,<br/>How great is His name. How great is His love,<br/>forever the same. He rolled back the waters of<br/>the mighty Red Sea. And He said, "I'll never<br/>leave you. Put your trust in Me."</lines>
    </verse>
  </lyrics>
</song>
