<?xml version='1.0' encoding='UTF-8'?>
<song xmlns="http://openlyrics.info/namespace/2009/song" version="0.8" createdIn="OpenLP 3.1.3" modifiedIn="OpenLP 3.1.3" modifiedDate="2024-12-03T16:30:47">
  <properties>
    <titles>
      <title>CB 76 You Are Lord of Creation</title>
    </titles>
    <copyright>©1984 New
Spring (Brentwood-Benson
Music Publishing Co.)</copyright>
    <verseOrder>v1 v2 v3 v4</verseOrder>
    <ccliNo>20003</ccliNo>
    <authors>
      <author>Twila Paris</author>
    </authors>
    <songbooks>
      <songbook name="DCCF Chorus Book" entry="76"/>
    </songbooks>
  </properties>
  <lyrics>
    <verse name="v1">
      <lines>YOU ARE LORD OF CREATION<br/>And Lord of my life, Lord of the land and the sea.<br/>You were Lord of the heavens before there was<br/>time,<br/>And Lord of all lords You will be.</lines>
    </verse>
    <verse name="v2">
      <lines>We bow down, and we worship You, Lord (3x)<br/>Lord of all lords You will be.</lines>
    </verse>
    <verse name="v3">
      <lines>You are King of creation and King of my life, King<br/>of the land and the sea.<br/>You were King of the heavens before there was<br/>time,<br/>And King of all kings You will be.</lines>
    </verse>
    <verse name="v4">
      <lines>We bow down, and we crown You the King (3x)<br/>King of all kings You will be.</lines>
    </verse>
  </lyrics>
</song>
