<?xml version='1.0' encoding='UTF-8'?>
<song xmlns="http://openlyrics.info/namespace/2009/song" version="0.8" createdIn="OpenLP 3.1.3" modifiedIn="OpenLP 3.1.3" modifiedDate="2024-12-03T16:31:13">
  <properties>
    <titles>
      <title>CB 81 O Sing Unto the Lord a New Song</title>
    </titles>
    <verseOrder>v1 v2 v3 v1</verseOrder>
    <authors>
      <author>Unknown</author>
    </authors>
    <songbooks>
      <songbook name="DCCF Chorus Book" entry="81"/>
    </songbooks>
  </properties>
  <lyrics>
    <verse name="v1">
      <lines>O SING UNTO THE LORD A NEW SONG,<br/>For He hath done marvelous things;<br/>His right hand and His holy arm<br/>Have gotten Him the victory.</lines>
    </verse>
    <verse name="v2">
      <lines>The Lord hath made known His salvation,<br/>His righteousness hath He openly<br/>showed;<br/>In the sight of the heathen,<br/>O sing unto the Lord a new song.</lines>
    </verse>
    <verse name="v3">
      <lines>He hath remembered His mercy,<br/>And His truth toward the house of Israel,<br/>All the ends of the earth have seen<br/>The salvation of our God.</lines>
    </verse>
  </lyrics>
</song>
