<?xml version='1.0' encoding='UTF-8'?>
<song xmlns="http://openlyrics.info/namespace/2009/song" version="0.8" createdIn="OpenLP 3.1.3" modifiedIn="OpenLP 3.1.3" modifiedDate="2024-12-03T16:31:29">
  <properties>
    <titles>
      <title>CB 84 Here I am to Worship</title>
    </titles>
    <copyright>©2000
Thankyou Music (EMI
Christian Music Publishing)</copyright>
    <verseOrder>v1 c1 v2 c1 b1</verseOrder>
    <ccliNo>3266032</ccliNo>
    <authors>
      <author>Tim Hughes</author>
    </authors>
    <songbooks>
      <songbook name="DCCF Chorus Book" entry="84"/>
    </songbooks>
  </properties>
  <lyrics>
    <verse name="v1">
      <lines>LIGHT OF THE WORLD,<br/>You stepped down into darkness,<br/>Opened my eyes, let me see<br/>Beauty that made this heart adore You,<br/>Hope of our lives spent with You.</lines>
    </verse>
    <verse name="c1">
      <lines>Here I am to worship,<br/>Here I am to bow down,<br/>Here I am to say that You’re my God;<br/>You’re altogether lovely, altogether worthy,<br/>Altogether wonderful to me.</lines>
    </verse>
    <verse name="v2">
      <lines>King of all days, oh so highly exalted,<br/>Glorious in heaven above;<br/>Humbly You came to the earth You created,<br/>All for love’s sake became poor.</lines>
    </verse>
    <verse name="b1">
      <lines>I’ll never know how much it cost<br/>To see my sin upon that cross.<br/>(Repeat)</lines>
    </verse>
  </lyrics>
</song>
