<?xml version='1.0' encoding='UTF-8'?>
<song xmlns="http://openlyrics.info/namespace/2009/song" version="0.8" createdIn="OpenLP 3.1.3" modifiedIn="OpenLP 3.1.3" modifiedDate="2024-12-03T16:31:09">
  <properties>
    <titles>
      <title>CB 80 Great is the Lord</title>
    </titles>
    <copyright>©1982 Meadow-
green Music Co. (EMI

Christian Music Publishing)</copyright>
    <verseOrder>c1 v1 c1 v2</verseOrder>
    <ccliNo>1149</ccliNo>
    <authors>
      <author>Michael W Smith</author>
      <author>Deborah D Smith</author>
    </authors>
    <songbooks>
      <songbook name="DCCF Chorus Book" entry="80"/>
    </songbooks>
  </properties>
  <lyrics>
    <verse name="c1">
      <lines>GREAT IS THE LORD,<br/>He is holy and just;<br/>By His power we trust in His love.<br/>Great is the Lord,<br/>He is faithful and true;<br/>By His mercy He proves He is love.</lines>
    </verse>
    <verse name="v1">
      <lines>Great is the Lord and worthy of glory!<br/>Great is the Lord and worthy of praise.<br/>Great is the Lord; now lift up your voice,<br/>Now lift up your voice:<br/>Great is the Lord! Great is the Lord!</lines>
    </verse>
    <verse name="v2">
      <lines>Great are You, Lord, and worthy of glory!<br/>Great are You, Lord, and worthy of praise.<br/>Great are You, Lord; I lift up my voice,<br/>I lift up my voice:<br/>Great are You, Lord! Great are You, Lord!</lines>
    </verse>
  </lyrics>
</song>
