<?xml version='1.0' encoding='UTF-8'?>
<song xmlns="http://openlyrics.info/namespace/2009/song" version="0.8" createdIn="OpenLP 3.1.3" modifiedIn="OpenLP 3.1.3" modifiedDate="2024-12-03T16:31:58">
  <properties>
    <titles>
      <title>CB 89 He is Lord, He is Lord I Know it in my Spirit</title>
    </titles>
    <verseOrder>v1</verseOrder>
    <authors>
      <author>Unknown</author>
    </authors>
    <songbooks>
      <songbook name="DCCF Chorus Book" entry="89"/>
    </songbooks>
  </properties>
  <lyrics>
    <verse name="v1">
      <lines>HE IS LORD, HE IS LORD, I KNOW IT IN MY<br/>SPIRIT.<br/>He is Lord, He is Lord, I know it in my heart.<br/>He is Lord, He is Lord, alive and arisen.<br/>He is Lord, He is Lord, He is Lord.</lines>
    </verse>
  </lyrics>
</song>
