<?xml version='1.0' encoding='UTF-8'?>
<song xmlns="http://openlyrics.info/namespace/2009/song" version="0.8" createdIn="OpenLP 3.1.3" modifiedIn="OpenLP 3.1.3" modifiedDate="2024-12-03T16:23:53">
  <properties>
    <titles>
      <title>CB 8 Father, We Have Confidence</title>
    </titles>
    <copyright>1979
Wordspring Music LLC.
(Word Music Group Inc)</copyright>
    <verseOrder>v1 v2</verseOrder>
    <ccliNo>55030</ccliNo>
    <authors>
      <author>Steve Chapman</author>
    </authors>
    <songbooks>
      <songbook name="DCCF Chorus Book" entry="8"/>
    </songbooks>
  </properties>
  <lyrics>
    <verse name="v1">
      <lines>FATHER, WE HAVE CONFIDENCE<br/>By the blood of Jesus<br/>To come into the place where You are,<br/>To come into the place where You are.</lines>
    </verse>
    <verse name="v2">
      <lines>So, by the new and living way<br/>We enter into the holy place;<br/>We come to worship You with our hearts,<br/>We come to worship You with all our hearts.</lines>
    </verse>
  </lyrics>
</song>
