<?xml version='1.0' encoding='UTF-8'?>
<song xmlns="http://openlyrics.info/namespace/2009/song" version="0.8" createdIn="OpenLP 3.1.3" modifiedIn="OpenLP 3.1.3" modifiedDate="2024-12-03T16:31:19">
  <properties>
    <titles>
      <title>CB 82 Lion of Judah on the Throne</title>
    </titles>
    <copyright>©1976 Lion

of Judah Publ. (Brentwood-
Benson Music Publ. Inc)</copyright>
    <verseOrder>v1 v2 v3 c1 v1</verseOrder>
    <ccliNo>16990</ccliNo>
    <authors>
      <author>Ted Sandquist</author>
    </authors>
    <songbooks>
      <songbook name="DCCF Chorus Book" entry="82"/>
    </songbooks>
  </properties>
  <lyrics>
    <verse name="v1">
      <lines>LION OF JUDAH ON THE THRONE,<br/>I shout Your name, let it be known<br/>That You are King of kings<br/>You are the Prince of Peace;<br/>May Your kingdom's reign never cease.<br/>Hail to the King! Hail to the King!</lines>
    </verse>
    <verse name="v2">
      <lines>Lion of Judah come to earth,<br/>I want to thank You for Your birth,<br/>For the living Word<br/>For Your death on the tree<br/>For Your resurrection victory.<br/>Hallelujah! Hallelujah!</lines>
    </verse>
    <verse name="v3">
      <lines>Lion of Judah, come again,<br/>Take up Your throne, Jerusalem.<br/>Bring release to this earth<br/>And the consummation<br/>Of Your kingdom's reign, let it come.<br/>Maranatha! Maranatha! <br/>(repeat first verse)</lines>
    </verse>
    <verse name="c1">
      <lines>Hail to the King! Hail to the King!<br/>You are my King!</lines>
    </verse>
  </lyrics>
</song>
