<?xml version='1.0' encoding='UTF-8'?>
<song xmlns="http://openlyrics.info/namespace/2009/song" version="0.8" createdIn="OpenLP 3.1.3" modifiedIn="OpenLP 3.1.3" modifiedDate="2024-12-03T16:31:49">
  <properties>
    <titles>
      <title>CB 87 Praise the Name of Jesus</title>
    </titles>
    <copyright>1976 Latter Rain Music (EMI Christian Music Publishing)</copyright>
    <verseOrder>v1</verseOrder>
    <ccliNo>12712</ccliNo>
    <authors>
      <author type="words">Roy Jr. Hicks</author>
    </authors>
    <songbooks>
      <songbook name="DCCF Chorus Book" entry="87"/>
    </songbooks>
  </properties>
  <lyrics>
    <verse name="v1">
      <lines>PRAISE THE NAME OF JESUS.<br/>Praise the name of Jesus.<br/>He's my rock, He's my fortress,<br/>He's my deliverer, in Him will I trust.<br/>Praise the name of Jesus.</lines>
    </verse>
  </lyrics>
</song>
