<?xml version='1.0' encoding='UTF-8'?>
<song xmlns="http://openlyrics.info/namespace/2009/song" version="0.8" createdIn="OpenLP 3.1.3" modifiedIn="OpenLP 3.1.3" modifiedDate="2024-12-03T16:31:40">
  <properties>
    <titles>
      <title>CB 86 I am covered over</title>
    </titles>
    <verseOrder>v1</verseOrder>
    <authors>
      <author>Unknown</author>
    </authors>
    <songbooks>
      <songbook name="DCCF Chorus Book" entry="86"/>
    </songbooks>
  </properties>
  <lyrics>
    <verse name="v1">
      <lines>I AM COVERED OVER<br/>With the robe of righteousness<br/>That Jesus gives to me,<br/>I am covered over<br/>With the righteous blood of Jesus,<br/>And He lives in me.<br/>What a joy to know<br/>The Heavenly Father loves me so<br/>And gives to me--my Jesus.<br/>When He looks at me<br/>He sees not what I used to be,<br/>But He sees Jesus.</lines>
    </verse>
  </lyrics>
</song>
