<?xml version='1.0' encoding='UTF-8'?>
<song xmlns="http://openlyrics.info/namespace/2009/song" version="0.8" createdIn="OpenLP 3.1.3" modifiedIn="OpenLP 3.1.3" modifiedDate="2024-12-03T16:31:54">
  <properties>
    <titles>
      <title>CB 88 He is Lord, He is Lord</title>
    </titles>
    <verseOrder>v1</verseOrder>
    <authors>
      <author>Unknown</author>
    </authors>
    <songbooks>
      <songbook name="DCCF Chorus Book" entry="88"/>
    </songbooks>
  </properties>
  <lyrics>
    <verse name="v1">
      <lines>HE IS LORD, HE IS LORD.<br/>He is risen from the dead, and He is Lord.<br/>Every knee shall bow, every tongue confess<br/>That Jesus Christ is Lord.</lines>
    </verse>
  </lyrics>
</song>
