<?xml version='1.0' encoding='UTF-8'?>
<song xmlns="http://openlyrics.info/namespace/2009/song" version="0.8" createdIn="OpenLP 3.1.3" modifiedIn="OpenLP 3.1.3" modifiedDate="2024-12-03T16:31:34">
  <properties>
    <titles>
      <title>CB 85 How Great is Our God</title>
      <title>The Splendour of the King</title>
    </titles>
    <copyright>© 2004 worship
together.com songs sixsteps
Music Alletrop Music (EMI
Christian Music Publishing
Christian Music Services)</copyright>
    <verseOrder>v1 c1 v2 c1 b1</verseOrder>
    <ccliNo>4348399</ccliNo>
    <authors>
      <author>Chris Tomlin</author>
      <author>Jesse Reeves</author>
      <author>Ed Cash</author>
    </authors>
    <songbooks>
      <songbook name="DCCF Chorus Book" entry="85"/>
    </songbooks>
  </properties>
  <lyrics>
    <verse name="v1">
      <lines>THE SPLENDOUR OF THE KING,<br/>Clothed in majesty;<br/>Let all the earth rejoice,<br/>All the earth rejoice.<br/>He wraps Himself in light,<br/>And darkness tries to hide,<br/>And trembles at His voice,<br/>And trembles at His voice.</lines>
    </verse>
    <verse name="c1">
      <lines>How great is our God, sing with me,<br/>How great is our God, and all will see<br/>How great, how great is our God.</lines>
    </verse>
    <verse name="v2">
      <lines>And age to age He stands,<br/>And time is in His hands;<br/>Beginning and the end,<br/>Beginning and the end.<br/>The Godhead, three in one,<br/>Father, Spirit, Son,<br/>The Lion and the Lamb,<br/>The Lion and the Lamb.</lines>
    </verse>
    <verse name="b1">
      <lines>Name above all names, worthy of all praise;<br/>My heart will sing: How great is our God.<br/>(Repeat)</lines>
    </verse>
  </lyrics>
</song>
