<?xml version='1.0' encoding='UTF-8'?>
<song xmlns="http://openlyrics.info/namespace/2009/song" version="0.8" createdIn="OpenLP 3.1.3" modifiedIn="OpenLP 3.1.3" modifiedDate="2024-12-03T16:32:31">
  <properties>
    <titles>
      <title>CB 95 The Fullness of The Godhead</title>
    </titles>
    <copyright>©1977 Pilot
Point Music (The Copyright
Company)</copyright>
    <verseOrder>v1 c1 v2 c1</verseOrder>
    <ccliNo>59782</ccliNo>
    <authors>
      <author>Tom Fettke</author>
    </authors>
    <songbooks>
      <songbook name="DCCF Chorus Book" entry="95"/>
    </songbooks>
  </properties>
  <lyrics>
    <verse name="v1">
      <lines>A<br/><br/>The fullness of the Godhead bodily<br/>Dwelleth in the Lord x3<br/>And we are complete in Him</lines>
    </verse>
    <verse name="c1">
      <lines>Complete complete<br/>complete in Him<br/>We are complete in Him<br/>(sisters: glory allelu)<br/>Complete complete<br/>complete in Him<br/>We are complete in Him</lines>
    </verse>
    <verse name="v2">
      <lines>There's nothing more that I can do<br/>Cause Jesus paid it all x3<br/>And we are complete in Him</lines>
    </verse>
  </lyrics>
</song>
