<?xml version='1.0' encoding='UTF-8'?>
<song xmlns="http://openlyrics.info/namespace/2009/song" version="0.8" createdIn="OpenLP 3.1.3" modifiedIn="OpenLP 3.1.3" modifiedDate="2024-12-03T16:32:40">
  <properties>
    <titles>
      <title>CB 97 Oh The Valleys Shall Ring</title>
    </titles>
    <copyright>©1980
Thankyou Music (EMI
Christian Music Publ.)</copyright>
    <ccliNo>180015</ccliNo>
    <authors>
      <author>Dave Bilbrough</author>
    </authors>
    <songbooks>
      <songbook name="DCCF Chorus Book" entry="97"/>
    </songbooks>
  </properties>
  <lyrics>
    <verse name="v1">
      <lines>Oh the valleys shall ring<br/>with the sound of praise<br/>And the lion shall lie with the lamb<br/>Of His government<br/>there shall be no end<br/>And His glory shall fill the earth</lines>
    </verse>
    <verse name="v2">
      <lines>May your will be done<br/>May your kingdom come<br/>Let it rule, let it reign in our lives<br/>There's a shout in the camp<br/>As we answer the call,<br/>Hail the King!<br/>Hail the Lord of Lords!</lines>
    </verse>
  </lyrics>
</song>
