<?xml version='1.0' encoding='UTF-8'?>
<song xmlns="http://openlyrics.info/namespace/2009/song" version="0.8" createdIn="OpenLP 3.1.3" modifiedIn="OpenLP 3.1.3" modifiedDate="2024-12-03T16:32:03">
  <properties>
    <titles>
      <title>CB 90 The Steadfast Love of the Lord Never Ceases</title>
    </titles>
    <copyright>©1974, 1975
Celebration</copyright>
    <ccliNo>21590</ccliNo>
    <authors>
      <author>Edith McNeil</author>
    </authors>
    <songbooks>
      <songbook name="DCCF Chorus Book" entry="90"/>
    </songbooks>
  </properties>
  <lyrics>
    <verse name="v1">
      <lines>THE STEADFAST LOVE OF THE LORD NEVER<br/>CEASES,<br/>His mercies never come to an end.<br/>They are new every morning, new every morning.<br/>Great is Thy faithfulness, O Lord,<br/>Great is Thy faithfulness.</lines>
    </verse>
  </lyrics>
</song>
