<?xml version='1.0' encoding='UTF-8'?>
<song xmlns="http://openlyrics.info/namespace/2009/song" version="0.8" createdIn="OpenLP 3.1.3" modifiedIn="OpenLP 3.1.3" modifiedDate="2024-12-03T16:32:19">
  <properties>
    <titles>
      <title>CB 93 Praise Him</title>
    </titles>
    <copyright>1984 New Spring, Administered by Brentwood-Benson Music Publishing, Inc.</copyright>
    <verseOrder>v1 c1 v2 c1 v3 c1</verseOrder>
    <ccliNo>15812</ccliNo>
    <authors>
      <author>Twila Paris</author>
    </authors>
    <songbooks>
      <songbook name="DCCF Chorus Book" entry="93"/>
    </songbooks>
  </properties>
  <lyrics>
    <verse name="v1">
      <lines>D<br/><br/>Praise Him praise Him<br/>Praise Him with your song<br/>Praise Him praise Him<br/>Praise Him all day long</lines>
    </verse>
    <verse name="c1">
      <lines>For the Lord is worthy<br/>Worthy to receive our praise<br/>For the Lord is worthy<br/>Worthy to receive our praise</lines>
    </verse>
    <verse name="v2">
      <lines>Praise Him praise Him<br/>Praise Him with your heart<br/>Praise Him praise Him<br/>Give Him all you are</lines>
    </verse>
    <verse name="v3">
      <lines>Praise Him praise Him<br/>Praise Him with your life<br/>Praise Him praise Him<br/>Lift His Name up high</lines>
    </verse>
  </lyrics>
</song>
