<?xml version='1.0' encoding='UTF-8'?>
<song xmlns="http://openlyrics.info/namespace/2009/song" version="0.8" createdIn="OpenLP 3.1.3" modifiedIn="OpenLP 3.1.3" modifiedDate="2024-12-03T16:32:36">
  <properties>
    <titles>
      <title>CB 96 His Name is Higher Than Any Other</title>
    </titles>
    <verseOrder>v1</verseOrder>
    <authors>
      <author>Author Unknown</author>
    </authors>
    <songbooks>
      <songbook name="DCCF Chorus Book" entry="96"/>
    </songbooks>
  </properties>
  <lyrics>
    <verse name="v1">
      <lines>His Name is higher than any other<br/>His Name is Jesus<br/>His Name is Lord<br/>(repeat)<br/><br/>His Name is Wonderful<br/>His Name is Counselor<br/>His Name is Prince of Peace<br/>The Mighty God<br/>(repeat first verse)</lines>
    </verse>
  </lyrics>
</song>
