<?xml version='1.0' encoding='UTF-8'?>
<song xmlns="http://openlyrics.info/namespace/2009/song" version="0.8" createdIn="OpenLP 3.1.3" modifiedIn="OpenLP 3.1.3" modifiedDate="2024-12-03T16:23:59">
  <properties>
    <titles>
      <title>CB 9 I Will Enter His Gates</title>
    </titles>
    <copyright>©1976
Maranatha Praise Inc</copyright>
    <verseOrder>v1 c1</verseOrder>
    <ccliNo>1493</ccliNo>
    <authors>
      <author type="words">Leona Von Brethorst</author>
    </authors>
    <songbooks>
      <songbook name="DCCF Chorus Book" entry="9"/>
    </songbooks>
  </properties>
  <lyrics>
    <verse name="v1">
      <lines>I WILL ENTER HIS GATES<br/>With thanksgiving in my heart. I will enter His<br/>courts with praise. I will say this is the day that<br/>the Lord has made. I will rejoice for He has made<br/>me glad.</lines>
    </verse>
    <verse name="c1">
      <lines>He has made me glad, He has made me glad.<br/>I will rejoice for He has made me glad.<br/>(Repeat)</lines>
    </verse>
  </lyrics>
</song>
