<?xml version='1.0' encoding='UTF-8'?>
<song xmlns="http://openlyrics.info/namespace/2009/song" version="0.8" createdIn="OpenLP 3.1.1" modifiedIn="OpenLP 3.1.1" modifiedDate="2023-01-09T20:17:37">
  <properties>
    <titles>
      <title>022 All That We Were</title>
    </titles>
    <authors>
      <author>Author Unknown</author>
    </authors>
  </properties>
  <lyrics>
    <verse name="v1">
      <lines>All that we were-<br/>Our sin our guilt our death-<br/>Was all our own<br/>All that we are we Owe to Thee<br/>Thou God of grace alone</lines>
    </verse>
    <verse name="v2">
      <lines>Thy mercy found Us in our sins<br/>And gave us to believe<br/>Then in believing Peace we found<br/>And in Thy Christ we live</lines>
    </verse>
    <verse name="v3">
      <lines>All that we are, as Saints on earth<br/>All that we hope to be<br/>When Jesues comes And glory dawns,<br/>We owe it all to Thee</lines>
    </verse>
    <verse name="v4">
      <lines>O God, how rich, how Vast Thy love<br/>Whoe'er can Thee repay?<br/>Thy love is past man's Finding out<br/>Thy grace no man can say</lines>
    </verse>
    <verse name="v5">
      <lines>But Lord, to me I Pray Thee grant<br/>More clearly may I see<br/>That I may e'er more Fully know<br/>How much I owe to Thee</lines>
    </verse>
    <verse name="v6">
      <lines>But if man's heart should E'er suppose<br/>He could repay Thy love<br/>It only means he Nothing knows<br/>Of love, all loves above</lines>
    </verse>
    <verse name="v7">
      <lines>So may we never Bargains make<br/>With that dear love of Thine<br/>The love that made Thine Heart once break<br/>Whoe'er that love should win</lines>
    </verse>
    <verse name="v8">
      <lines>Then nevermore Suggest return<br/>His love is far too high<br/>But let our hearts with Rapture burn<br/>That He for us should die</lines>
    </verse>
    <verse name="v9">
      <lines>O Father God, we Owe Thee all<br/>All that we are and have<br/>With greatful thanks Before Thee fall<br/>Tis all that we can give</lines>
    </verse>
  </lyrics>
</song>
