<?xml version='1.0' encoding='UTF-8'?>
<song xmlns="http://openlyrics.info/namespace/2009/song" version="0.8" createdIn="OpenLP 3.1.1" modifiedIn="OpenLP 3.1.1" modifiedDate="2023-01-09T20:17:37">
  <properties>
    <titles>
      <title>051 O Blessed Savior</title>
    </titles>
    <authors>
      <author>Author Unknown</author>
    </authors>
  </properties>
  <lyrics>
    <verse name="v1">
      <lines>oh blessed savior is Thy love so great<br/>so full so free<br/>fain would we have our thoughts our hearts<br/>our lives engaged with Thee</lines>
    </verse>
    <verse name="v2">
      <lines>we love Thee for the glorious worth<br/>which in Thyself we see<br/>we love Thee for that shameful cross<br/>endured so patiently</lines>
    </verse>
    <verse name="v3">
      <lines>no man of greater love can boast<br/>than for His friend to die<br/>thou for Thine enemies wast slain<br/>what love with Thine can vie</lines>
    </verse>
    <verse name="v4">
      <lines>though in the very form of god<br/>with heav'nly glory crowned<br/>thou didst a servant's form assume<br/>besest with sorrow round</lines>
    </verse>
    <verse name="v5">
      <lines>thou wouldst like wretched man be made<br/>in everything but sin<br/>that we as like Thee might become<br/>as we unlike had been</lines>
    </verse>
    <verse name="v6">
      <lines>like Thee in faith in meekness love<br/>in every beauteous grace<br/>from glory unto glory changed<br/>till we behold Thy face</lines>
    </verse>
    <verse name="v7">
      <lines>O Lord we treausre in our souls<br/>the memory of Thy love<br/>and ever shall Thy name to us<br/>a grateful odor prove</lines>
    </verse>
  </lyrics>
</song>
