<?xml version='1.0' encoding='UTF-8'?>
<song xmlns="http://openlyrics.info/namespace/2009/song" version="0.8" createdIn="OpenLP 3.1.1" modifiedIn="OpenLP 3.1.1" modifiedDate="2023-03-19T20:02:07">
  <properties>
    <titles>
      <title>052 Blessed Be The Name - hymn</title>
    </titles>
    <verseOrder>v1 c1 v2 c1 v3 c1 v4 c1</verseOrder>
    <authors>
      <author>Author Unknown</author>
    </authors>
  </properties>
  <lyrics>
    <verse name="v1">
      <lines>G<br/><br/>All praise to Him who reigns on high<br/>In majesty supreme<br/>Who gave His Son for man to die<br/>That He might man redeem</lines>
    </verse>
    <verse name="c1">
      <lines>Blessed be the name<br/>Blessed be the name<br/>Blessed be the name of the Lord<br/>Blessed be the name<br/>Blessed be the name<br/>Blessed be the name of the Lord</lines>
    </verse>
    <verse name="v2">
      <lines>His name above all names shall stand<br/>Exalted more and more<br/>At God the Father's own right hand<br/>Where angel hosts adore</lines>
    </verse>
    <verse name="v3">
      <lines>Redeemer Savior Friend of man<br/>Once ruined by the fall<br/>Thou hast devised salvation's plan<br/>For Thou hast died for all</lines>
    </verse>
    <verse name="v4">
      <lines>His name shall be the Counselor<br/>The mighty Prince of Peace<br/>Of all earth's kingdoms Conqueror<br/>Whose reign shall never cease</lines>
    </verse>
  </lyrics>
</song>
