<?xml version='1.0' encoding='UTF-8'?>
<song xmlns="http://openlyrics.info/namespace/2009/song" version="0.8" createdIn="OpenLP 3.1.1" modifiedIn="OpenLP 3.1.1" modifiedDate="2023-01-09T20:17:37">
  <properties>
    <titles>
      <title>063 When Morning Gilds The Skies</title>
    </titles>
    <authors>
      <author>Author Unknown</author>
    </authors>
  </properties>
  <lyrics>
    <verse name="v1">
      <lines>When morning gilds the skies<br/>My heart awaking cries<br/>May Jesus Christ be praised<br/>Alike at work and prayer<br/>To Jesus I repair<br/>May Jesus Christ be praised</lines>
    </verse>
    <verse name="v2">
      <lines>To Thee my God above<br/>I cry with glowing love<br/>May Jesus Christ be praised<br/>The fairest graces spring<br/>In hearts that ever sing<br/>May Jesus Christ be praised</lines>
    </verse>
    <verse name="v3">
      <lines>Does sadness fill my mind<br/>A solace here I find<br/>May Jesus Christ be praised<br/>Or fades my earthly bliss<br/>My comfort still is this<br/>May Jesus Christ be praised</lines>
    </verse>
    <verse name="v4">
      <lines>When evil thoughts molest<br/>With this I shield my breast<br/>May Jesus Christ be praised<br/>The powers of darkness fear<br/>When this sweet chant they hear<br/>May Jesus Christ be praised</lines>
    </verse>
    <verse name="v5">
      <lines>When sleep her balm denies<br/>My silent spirit sighs<br/>May Jesus Christ be praised<br/>The night becomes as day<br/>When from the heart we say<br/>May Jesus Christ be praised</lines>
    </verse>
    <verse name="v6">
      <lines>Be this while life is mine<br/>My canticle divine<br/>May Jesus Christ be praised<br/>Be this th'eternal song<br/>Through all the ages long<br/>May Jesus Christ be praised</lines>
    </verse>
  </lyrics>
</song>
