<?xml version='1.0' encoding='UTF-8'?>
<song xmlns="http://openlyrics.info/namespace/2009/song" version="0.8" createdIn="OpenLP 3.1.1" modifiedIn="OpenLP 3.1.1" modifiedDate="2023-03-19T20:20:47">
  <properties>
    <titles>
      <title>075 Lamb Of God Our Souls Adore Thee</title>
    </titles>
    <authors>
      <author>Author Unknown</author>
    </authors>
  </properties>
  <lyrics>
    <verse name="v1a">
      <lines>C<br/><br/>Lamb of God<br/>Our souls adore Thee<br/>While upon Thy face we gaze<br/>There the Father's love and glory<br/>Shine in all their brightest rays</lines>
    </verse>
    <verse name="v1b">
      <lines>Thine Almighty pow'r and wisdom<br/>All creation's works proclaim<br/>Heav'n and earth alike confess Thee<br/>As the ever great I Am</lines>
    </verse>
    <verse name="v2a">
      <lines>Son of god<br/>Thy Father's bosom<br/>Ever was Thy dwelling place<br/>His delight in Him rejoicing<br/>One with Him in pow'r and grace</lines>
    </verse>
    <verse name="v2b">
      <lines>O what wondrous love and mercy<br/>Thou didst lay Thy glory by<br/>And for us didst<br/>Come from heaven<br/>As the Lamb of God to die</lines>
    </verse>
    <verse name="v3a">
      <lines>Lamb of god<br/>When we behold Thee<br/>Lowly in the manger laid<br/>Wand'ring as a homeless stranger<br/>In the world Thy hands had made</lines>
    </verse>
    <verse name="v3b">
      <lines>When we see Thee in the garden<br/>In Thine agony of blood<br/>At Thy grace we are confounded<br/>Holy spotless Lamb of God</lines>
    </verse>
    <verse name="v4a">
      <lines>When we see Thee as the victim<br/>Bound to the accursed tree<br/>For our guilt and folly stricken<br/>All our judgement borne by Thee</lines>
    </verse>
    <verse name="v4b">
      <lines>Lord we own with hearts adoring<br/>Thou hast loved us unto blood<br/>Glory glory everlasting<br/>Be to Thee<br/>Thou Lamb of God</lines>
    </verse>
    <verse name="v5a">
      <lines>Lamb of God<br/>Thou now art seated<br/>High upon Thy Father's throne<br/>All Thy gracious work completed<br/>All Thy mighty victory won</lines>
    </verse>
    <verse name="v5b">
      <lines>Every knee in heaven is bending<br/>To the Lamb for sinners slain<br/>Every voice and harp is swelling<br/>Worthy is the Lamb to reign</lines>
    </verse>
    <verse name="v6a">
      <lines>Lamb of God<br/>Thou soon in glory<br/>Wilt to this sad earth return<br/>All Thy foes shall quake before Thee<br/>All that now despise Thee morn</lines>
    </verse>
    <verse name="v6b">
      <lines>Then Thy saints all gathered to Thee<br/>With Thee in Thy kingdom reign<br/>Thine the praise and Thine the glory<br/>Lamb of God<br/>For sinners slain</lines>
    </verse>
  </lyrics>
</song>
