<?xml version='1.0' encoding='UTF-8'?>
<song xmlns="http://openlyrics.info/namespace/2009/song" version="0.8" createdIn="OpenLP 3.1.1" modifiedIn="OpenLP 3.1.1" modifiedDate="2023-03-19T20:25:45">
  <properties>
    <titles>
      <title>083 Lord Accept Our Feeble Song</title>
    </titles>
    <authors>
      <author>Author Unknown</author>
    </authors>
  </properties>
  <lyrics>
    <verse name="v1">
      <lines>C<br/><br/>Lord accept our feeble song<br/>Pow'r and praise to Thee belong<br/>We would all Thy grace record<br/>Holy gracious loving Lord</lines>
    </verse>
    <verse name="v2">
      <lines>Rich in glory<br/>Thou didst stoop<br/>Thence is all Thy people's hope<br/>Thou wast poor<br/>That we might be<br/>Rich in glory<br/>Lord with Thee</lines>
    </verse>
    <verse name="v3">
      <lines>Wherefore Thou high heaven didst spurn<br/>Wherefore Thou to earth didst turn<br/>Why leave heav'n to come to earth<br/>Lonely scorned e'en suffering death</lines>
    </verse>
    <verse name="v4">
      <lines>Thou in heav'n<br/>The glorious One<br/>Thou on earth<br/>The outcast Man<br/>Though this suffering<br/>Thou didst know<br/>Love would come to bear our woe</lines>
    </verse>
    <verse name="v5">
      <lines>When we think of love like this<br/>Joy and shame our hearts possess<br/>Joy that Thou couldst pity thus<br/>Shame for such returns from us</lines>
    </verse>
    <verse name="v6">
      <lines>Yet we hope the day to see<br/>When from every hindrance free<br/>When to Thee in glory brought<br/>We shall serve Thee as we ought</lines>
    </verse>
    <verse name="v7">
      <lines>Now O Lord we wait for Thee<br/>Wait the blessed hope to see<br/>May we ever for Thee live<br/>Till Thy church<br/>Thou dost receive</lines>
    </verse>
  </lyrics>
</song>
