<?xml version='1.0' encoding='UTF-8'?>
<song xmlns="http://openlyrics.info/namespace/2009/song" version="0.8" createdIn="OpenLP 3.1.1" modifiedIn="OpenLP 3.1.1" modifiedDate="2023-01-09T20:17:37">
  <properties>
    <titles>
      <title>101 Silent Night Holy Night</title>
    </titles>
    <authors>
      <author>Author Unknown</author>
    </authors>
  </properties>
  <lyrics>
    <verse name="v1">
      <lines>Silent night Holy night<br/>All is calm all is bright<br/>Round yon virgin mother and Child<br/>Holy infant so tender and mild<br/>Sleep in heavenly peace<br/>Sleep in heavenly peace</lines>
    </verse>
    <verse name="v2">
      <lines>Silent night Holy night<br/>Shepherds quake at the sight<br/>Glories stream from heaven afar<br/>Heav'nly hosts sing alleluia<br/>Christ the savior is born<br/>Christ the savior is born</lines>
    </verse>
    <verse name="v3">
      <lines>Silent night Holy night<br/>Son of God love's pure light<br/>Radiant beams from Thy holy face<br/>With the dawn of redeeming grace<br/>Jesus Lord at Thy birth<br/>Jesus Lord at Thy birth</lines>
    </verse>
  </lyrics>
</song>
