<?xml version='1.0' encoding='UTF-8'?>
<song xmlns="http://openlyrics.info/namespace/2009/song" version="0.8" createdIn="OpenLP 3.1.1" modifiedIn="OpenLP 3.1.1" modifiedDate="2023-01-09T20:26:42">
  <properties>
    <titles>
      <title>103 Meekness and Majesty</title>
    </titles>
    <verseOrder>v1 c1 v2 c1 v3 c1</verseOrder>
    <authors>
      <author>Author Unknown</author>
    </authors>
  </properties>
  <lyrics>
    <verse name="v1">
      <lines>C<br/>Meekness and majesty,<br/>Manhood and deity<br/>In perfect harmony<br/>The Man who is God<br/>Lord of eternity<br/>Dwells in humanity<br/>Kneels in humility<br/>And washes our feet</lines>
    </verse>
    <verse name="c1">
      <lines>O what a mystery,<br/>Meekness And majesty<br/>Bow down and worship<br/>For this is your God<br/>This is your God</lines>
    </verse>
    <verse name="v2">
      <lines>Father's pure radiance,<br/>Perfect in innocence<br/>Yet learns obedience<br/>To death on a cross<br/>Suffering to give us life<br/>Conquering through sacrifice<br/>And as they crucify prays<br/>Father forgive</lines>
    </verse>
    <verse name="v3">
      <lines>Wisdom unsearchable,<br/>God the invisible<br/>Love indestructible<br/>In frailty appears<br/>Lord of infinity<br/>Stooping so tenderly<br/>Lifts our humanity<br/>To the heights of His throne</lines>
    </verse>
  </lyrics>
</song>
