<?xml version='1.0' encoding='UTF-8'?>
<song xmlns="http://openlyrics.info/namespace/2009/song" version="0.8" createdIn="OpenLP 3.1.1" modifiedIn="OpenLP 3.1.1" modifiedDate="2023-01-09T20:17:37">
  <properties>
    <titles>
      <title>107 How Beauteous The Marks Divine</title>
    </titles>
    <authors>
      <author>Author Unknown</author>
    </authors>
  </properties>
  <lyrics>
    <verse name="v1">
      <lines>how beauteous were the marks divine<br/>that in Thy meekness used to shine<br/>that lit Thy lonely pathway<br/>in wondrous love O Son of God</lines>
    </verse>
    <verse name="v2">
      <lines>oh who like Thee so calm so bright<br/>thou god of god thou Light of Light<br/>oh who like Thee did ever go<br/>so patient through a world of woe</lines>
    </verse>
    <verse name="v3">
      <lines>oh who like Thee<br/>so humbly bore<br/>the scorn the scoffs of men before<br/>so meek forgiving godlike high<br/>so glorious in humility</lines>
    </verse>
    <verse name="v4">
      <lines>e'en death which sets the prisoner free<br/>was pang and scoff and scorn to Thee<br/>yet love through all Thy torture glowed<br/>and mercy with Thy life-blood flowed</lines>
    </verse>
    <verse name="v5">
      <lines>oh in Thy light be mine to go<br/>illuming all my way of woe<br/>and give me ever on the road<br/>to trace Thy footsteps Son of God</lines>
    </verse>
  </lyrics>
</song>
