<?xml version='1.0' encoding='UTF-8'?>
<song xmlns="http://openlyrics.info/namespace/2009/song" version="0.8" createdIn="OpenLP 3.1.1" modifiedIn="OpenLP 3.1.1" modifiedDate="2023-01-09T20:17:37">
  <properties>
    <titles>
      <title>114 Behold A Spotless Victim Dies</title>
    </titles>
    <authors>
      <author>Author Unknown</author>
    </authors>
  </properties>
  <lyrics>
    <verse name="v1">
      <lines>behold a spotless Victim dies<br/>my Surety on the tree<br/>the Lamb of god<br/>the Sacrifice<br/>he gave Himself for me</lines>
    </verse>
    <verse name="v2">
      <lines>whatever curse was mine He bore<br/>the wormwood and the gall<br/>there in the lone mysterious hour<br/>my cup-He drained it all</lines>
    </verse>
    <verse name="v3">
      <lines>lord jesus thou and none beside<br/>its bitterness could know<br/>nor other tell Thy joy's full tide<br/>that from that cup shall flow</lines>
    </verse>
    <verse name="v4">
      <lines>thine is the glory<br/>but yet 'tis mine<br/>'Tis ours as one with Thee<br/>my joy flows from that grief of Thine<br/>They death brings life to me</lines>
    </verse>
    <verse name="v5">
      <lines>and while the ages roll along<br/>this shall my glory be<br/>and this the new and endless song<br/>thy love to us-to me</lines>
    </verse>
  </lyrics>
</song>
