<?xml version='1.0' encoding='UTF-8'?>
<song xmlns="http://openlyrics.info/namespace/2009/song" version="0.8" createdIn="OpenLP 3.1.1" modifiedIn="OpenLP 3.1.1" modifiedDate="2023-03-19T20:41:23">
  <properties>
    <titles>
      <title>119 On Calvary's Brow My Savior Died</title>
    </titles>
    <verseOrder>v1 c1 v2 c1 v3 c1</verseOrder>
    <authors>
      <author>Author Unknown</author>
    </authors>
  </properties>
  <lyrics>
    <verse name="v1">
      <lines>on Calvary's brow my savior died<br/>'Twas there my lord was crucified<br/>'Twas on the cross He bled for me<br/>and purchased there my pardon free</lines>
    </verse>
    <verse name="c1">
      <lines>o Calvary dark Calvary<br/>where jesus shed His blood for me<br/>o Calvary blest Calvary<br/>'Twas there my savior died for me</lines>
    </verse>
    <verse name="v2">
      <lines>'Mid rending rocks and darkening skies<br/>my savior bows His head and dies<br/>the opening veil reveals the way<br/>to heaven's joy and endless day</lines>
    </verse>
    <verse name="v3">
      <lines>o jesus lord how can it be<br/>that thou shouldst give Thy life for me<br/>to bear the cross and agony<br/>in that dread hour on Calvary</lines>
    </verse>
  </lyrics>
</song>
