<?xml version='1.0' encoding='UTF-8'?>
<song xmlns="http://openlyrics.info/namespace/2009/song" version="0.8" createdIn="OpenLP 3.1.1" modifiedIn="OpenLP 3.1.1" modifiedDate="2023-01-09T20:17:38">
  <properties>
    <titles>
      <title>141 O Joyful Day! O Glorious Hour</title>
    </titles>
    <authors>
      <author>Author Unknown</author>
    </authors>
  </properties>
  <lyrics>
    <verse name="v1">
      <lines>O joyful day O glorious hour<br/>When Jesus by almighty pow'r<br/>Revived and left the grave<br/>In all His works behold Him great<br/>Before almighty to create<br/>Before almighty to create<br/>Almighty now to save</lines>
    </verse>
    <verse name="v2">
      <lines>The First Begotten from the dead<br/>He's rised now His people's Head<br/>And thus their life's secure<br/>And if like Him they yield their breath<br/>Like Him they'll burst the bonds of death<br/>Like Him they'll burst the bonds of death<br/>Their resurredtion sure</lines>
    </verse>
    <verse name="v3">
      <lines>Why should His people then be sad<br/>None have such reason to be glad<br/>As those redeemed to God<br/>Jesus the mighty Savior lives<br/>To them eternal life He gives<br/>To them eternal life He gives<br/>The purchse of His blood</lines>
    </verse>
    <verse name="v4">
      <lines>Then let our gladsome praise resound<br/>And let us in His work abound<br/>Whose blessed name is Love<br/>We're sure our labor's not in vain<br/>For we with Him ere long shall reign<br/>For we with Him ere long shall reign<br/>With Jesus dwell above</lines>
    </verse>
  </lyrics>
</song>
