<?xml version='1.0' encoding='UTF-8'?>
<song xmlns="http://openlyrics.info/namespace/2009/song" version="0.8" createdIn="OpenLP 3.1.1" modifiedIn="OpenLP 3.1.1" modifiedDate="2023-03-19T23:45:50">
  <properties>
    <titles>
      <title>166 Oh God Thou Now Has Glorified</title>
    </titles>
    <authors>
      <author>Author Unknown</author>
    </authors>
  </properties>
  <lyrics>
    <verse name="v1">
      <lines>C<br/><br/>O God thou now hast glorified<br/>Thy holy blest eternal Son<br/>The Nazarene the Crucified<br/>Now sits exalted on Thy throne<br/>To Him in faith we cry aloud<br/>'Worthy art Thou O Lamb of God'</lines>
    </verse>
    <verse name="v2">
      <lines>Father, Thy holy Name we bless<br/>And gladly hail Thy just decree<br/>That every tongue shall soon confess<br/>Jesus the Lord of all to be<br/>But, oh! Thy grace has taught us now<br/>Before that Lord the knee to bow</lines>
    </verse>
    <verse name="v3">
      <lines>Him as our Lord we gladly own<br/>To Him alone we now would live<br/>Who bowed our hearts before Thy throne<br/>And gave us all that love could give<br/>Our willing voices cry aloud<br/>"Worthy art Thou, O Lamb of God!"</lines>
    </verse>
  </lyrics>
</song>
