<?xml version='1.0' encoding='UTF-8'?>
<song xmlns="http://openlyrics.info/namespace/2009/song" version="0.8" createdIn="OpenLP 3.1.1" modifiedIn="OpenLP 3.1.1" modifiedDate="2023-01-09T20:17:38">
  <properties>
    <titles>
      <title>174 Thou Art Coming (familiar Tune)</title>
    </titles>
    <authors>
      <author>Author Unknown</author>
    </authors>
  </properties>
  <lyrics>
    <verse name="v1">
      <lines>Thou art coming, O my Saviour,<br/>Thou art coming, O my King,<br/>In Thy beauty all resplendent,<br/>In Thy glory all transcendent,<br/>Well may we rejoice and sing<br/>Coming - In the opening east<br/>Herald brightness slowly swells<br/>Coming - O my glorious Priest<br/>Hear we not Thy golden bells?.</lines>
    </verse>
    <verse name="v2">
      <lines>Thou art coming - Thou art coming<br/>We shall meet Thee on Thy way<br/>We shall see Thee we shall know Thee<br/>We shall bless Thee we shall show Thee<br/>All our hearts could never say<br/>What an anthem that will be<br/>Ringing out our love to Thee<br/>Pouring out our rapture sweet<br/>At Thine own all-glorious feet</lines>
    </verse>
    <verse name="v3">
      <lines>Thou art coming at Thy table<br/>We are witnesses for this<br/>While rememb'ring hearts Thou meetest<br/>In communion clearest sweetest<br/>Earnest of our coming bliss<br/>Showing not Thy death alone<br/>And Thy love exceeding great<br/>But thy coming and Thy throne<br/>All for which we long and wait</lines>
    </verse>
    <verse name="v4">
      <lines>O, the joy to see Thee reigning,<br/>Thee my own beloved Lord.<br/>Every tongue Thy name confessing<br/>Worship honor glory blessing<br/>Brought to Thee with one accord.<br/>Thee my Master and my Friend<br/>Vindicated and enthroned<br/>Unto earth's remotest end<br/>Glorified adored and owned</lines>
    </verse>
  </lyrics>
</song>
