<?xml version='1.0' encoding='UTF-8'?>
<song xmlns="http://openlyrics.info/namespace/2009/song" version="0.8" createdIn="OpenLP 3.1.1" modifiedIn="OpenLP 3.1.1" modifiedDate="2023-03-20T00:02:57">
  <properties>
    <titles>
      <title>179 When Jesus Comes</title>
    </titles>
    <verseOrder>v1 c1 v2 c1 v3 c1 v4 c1</verseOrder>
    <authors>
      <author>Author Unknown</author>
    </authors>
  </properties>
  <lyrics>
    <verse name="v1">
      <lines>When Jesus comes to reward His servants<br/>Whether it be noon or night<br/>Faithful to Him will He find us watching<br/>With our lamps all trimmed and bright</lines>
    </verse>
    <verse name="c1">
      <lines>Chrous:<br/>Oh can we say we are ready brother<br/>Ready for the soul's bright home<br/>Say will He find you and me<br/>still watching<br/>Waiting<br/>waiting when the Lord shall come</lines>
    </verse>
    <verse name="v2">
      <lines>If at the dawn of the early morning<br/>He shall call us one by one<br/>When to the Lord we restore our talents<br/>Will He answer thee - "Well done"?</lines>
    </verse>
    <verse name="v3">
      <lines>Have we been true to the trust He left us<br/>Do we seek to do our best<br/>If in our hearts there is naught condemns us<br/>We shall have a glorious rest</lines>
    </verse>
    <verse name="v4">
      <lines>Blessed are those whom the Lord finds watching<br/>In His glory they shall share<br/>If He shall come at the dawn or mid-night<br/>Will He find us watching there</lines>
    </verse>
  </lyrics>
</song>
