<?xml version='1.0' encoding='UTF-8'?>
<song xmlns="http://openlyrics.info/namespace/2009/song" version="0.8" createdIn="OpenLP 3.1.1" modifiedIn="OpenLP 3.1.1" modifiedDate="2023-03-20T00:15:22">
  <properties>
    <titles>
      <title>196 Majestic Sweetness Sits Enthroned (familiar tu</title>
    </titles>
    <authors>
      <author>Author Unknown</author>
    </authors>
  </properties>
  <lyrics>
    <verse name="v1">
      <lines>F<br/><br/>Majestic sweetness sits enthroned<br/>Upon the Savior's brow<br/>His head with radiant glories crowned<br/>His lips with grace o'er flow<br/>His lips with grace o'er flow</lines>
    </verse>
    <verse name="v2">
      <lines>No mortal can with Him compare<br/>Among the sons of men<br/>Fairer is He than all the fair<br/>That fill the heavenly train<br/>That fill the heavenly train</lines>
    </verse>
    <verse name="v3">
      <lines>He saw me plunged in deep distress<br/>He flew to my relief<br/>For me He bore the shameful cross<br/>And carried all my grief<br/>And carried all my grief</lines>
    </verse>
    <verse name="v4">
      <lines>To Him I owe my life and breath<br/>And all the joys I have<br/>He makes me triumph over death<br/>And saves me from the grave<br/>And saves me from the grave</lines>
    </verse>
    <verse name="v5">
      <lines>To God the Father my abode<br/>He brings my weary feet<br/>Shows me the glories of my God<br/>And makes my joys complete<br/>And makes my joys complete</lines>
    </verse>
    <verse name="v6">
      <lines>Since from His bounty I receive<br/>Such proofs of love divine<br/>Had I a thousand hearts to give<br/>Lord they should all be Thine<br/>Lord they should all be Thine</lines>
    </verse>
  </lyrics>
</song>
