<?xml version='1.0' encoding='UTF-8'?>
<song xmlns="http://openlyrics.info/namespace/2009/song" version="0.8" createdIn="OpenLP 3.1.1" modifiedIn="OpenLP 3.1.1" modifiedDate="2023-01-09T20:17:38">
  <properties>
    <titles>
      <title>205 Jesus Loves Even Me (familiar)</title>
    </titles>
    <verseOrder>v1 c1 v2 c1 v3 c1 v4 c1 v5 c1 v6 c1</verseOrder>
    <authors>
      <author>Author Unknown</author>
    </authors>
  </properties>
  <lyrics>
    <verse name="v1">
      <lines>I am so glad that our Father in heav'n<br/>Tells of His love in the Book He has given<br/>Wonderful things in The Bible I see<br/>This is the dearest that Jesus loves me</lines>
    </verse>
    <verse name="c1">
      <lines>I am so glad that<br/>Jesus loves me<br/>Jesus loves me<br/>Jesus loves me<br/>I am so glad that<br/>Jesus loves me<br/>Jesus loves even me</lines>
    </verse>
    <verse name="v2">
      <lines>Though I forget him And wander away<br/>Still He doth love me Wherever I stray<br/>Back to his dear loving Arms do I flee<br/>When I remember that Jesus loves me</lines>
    </verse>
    <verse name="v3">
      <lines>Oh if there's only one Song I can sing<br/>When in His beauty I See the great King<br/>This shall my song In eternity be<br/>"O what a wonder that Jesus loves me"</lines>
    </verse>
    <verse name="v4">
      <lines>Jesus loves me and I know I love Him<br/>Love brought Him down My poor soul to redeem<br/>Yes it was love<br/>Made Him die on the tree<br/>Oh I am certain that Jesus loves me</lines>
    </verse>
    <verse name="v5">
      <lines>If one should ask of Me how can I tell<br/>Glory to Jesus<br/>I know very well<br/>God's Holy Spirit<br/>With mine doth agree<br/>Constantly witnessing Jesus loves me</lines>
    </verse>
    <verse name="v6">
      <lines>In this assurance<br/>I find sweetest rest<br/>Trusting in Jesus<br/>I know I am blest<br/>Satan dismayed from my Soul now doth flee<br/>When I just tell him<br/>That Jesus loves me</lines>
    </verse>
  </lyrics>
</song>
