<?xml version='1.0' encoding='UTF-8'?>
<song xmlns="http://openlyrics.info/namespace/2009/song" version="0.8" createdIn="OpenLP 3.1.1" modifiedIn="OpenLP 3.1.1" modifiedDate="2023-01-09T20:17:38">
  <properties>
    <titles>
      <title>214 O Love Divine How Sweet Thou Art (not too hard</title>
    </titles>
    <authors>
      <author>Author Unknown</author>
    </authors>
  </properties>
  <lyrics>
    <verse name="v1">
      <lines>O Love divine how sweet Thou art<br/>When shall I find my willing heart<br/>All taken up by Thee<br/>I thirst I faint I die to prove<br/>The greatness of redeeming love<br/>The love of Christ to me</lines>
    </verse>
    <verse name="v2">
      <lines>Stronger His love than death and hell<br/>Its riches are unsearchable<br/>The first-born sons of light<br/>Desire in vain its depths to see<br/>They cannot reach the mystery<br/>The length and breadth and height</lines>
    </verse>
    <verse name="v3">
      <lines>God only knows the love of God<br/>Oh that it now were shed abroad<br/>In this poor stony heart<br/>For love I sigh for love I pine<br/>This only portion Lord be mine<br/>Be mine this better part</lines>
    </verse>
    <verse name="v4">
      <lines>Oh that I could forever sit<br/>Like Mary at the Master's feet<br/>Be this my happy choice<br/>My only care delight and bliss<br/>My joy my heaven on earth be this<br/>To hear the<br/>Bridegroom's voice</lines>
    </verse>
    <verse name="v5">
      <lines>O that I could with favored John<br/>Recline my weary head upon<br/>The dear Redeemer's breast<br/>From care and sin and sorrow free<br/>Give me O Lord to find in Thee<br/>My everlasting rest</lines>
    </verse>
  </lyrics>
</song>
