<?xml version='1.0' encoding='UTF-8'?>
<song xmlns="http://openlyrics.info/namespace/2009/song" version="0.8" createdIn="OpenLP 3.1.1" modifiedIn="OpenLP 3.1.1" modifiedDate="2023-01-09T20:17:38">
  <properties>
    <titles>
      <title>215 Jesus Thy Boundless Love To Me (familiar tune)</title>
    </titles>
    <authors>
      <author>Author Unknown</author>
    </authors>
  </properties>
  <lyrics>
    <verse name="v1">
      <lines>Jesus Thy boundless love to me<br/>No thought can reach no tongue declare<br/>Oh knit my thankful heart to Thee<br/>And reign without a rival there<br/>Thine wholly Thine alone I am<br/>Lord with Thy love my heart inflame</lines>
    </verse>
    <verse name="v2">
      <lines>Oh grant that nothing in my soul<br/>May dwell but Thy pure love alone<br/>Oh may Thy love posses me whole<br/>My joy my treasure and my crown<br/>All coldness from my heart remove<br/>May every act word thought be love</lines>
    </verse>
    <verse name="v3">
      <lines>O Love how cheering is Thy ray<br/>All pain before Thy presence flies<br/>Care anguish sorrow melt away<br/>Where'er Thy healing beams arise<br/>O Jesus nothing may I see<br/>And naught desire or seek but Thee</lines>
    </verse>
    <verse name="v4">
      <lines>Still let Thy love point out my way<br/>What wondrous things Thy love hath wrought<br/>Still lead me lest I go astray<br/>Direct my work<br/>Inspire my thought<br/>And if I fall soon may I hear<br/>Thy voice and know that love is near</lines>
    </verse>
    <verse name="v5">
      <lines>In suff'ring be Thy love my peace<br/>In weakness be<br/>Thy love my power<br/>And when the storms of life shall cease<br/>Jesus in that eventful hour<br/>In death as life be Guide and Friend<br/>That I may love Thee without end</lines>
    </verse>
  </lyrics>
</song>
