<?xml version='1.0' encoding='UTF-8'?>
<song xmlns="http://openlyrics.info/namespace/2009/song" version="0.8" createdIn="OpenLP 3.1.1" modifiedIn="OpenLP 3.1.1" modifiedDate="2023-01-09T20:17:38">
  <properties>
    <titles>
      <title>218 Thou Whose Name Is Called Jesus</title>
    </titles>
    <authors>
      <author>Author Unknown</author>
    </authors>
  </properties>
  <lyrics>
    <verse name="v1">
      <lines>Thou whose name is called Jesus<br/>Risen Lord of life and pow'r<br/>Oh it is so sweet to trust Thee<br/>Ev'ry day and ev'ry hour<br/>Of Thy wondrous grace I sing<br/>Savior Counsellor and King</lines>
    </verse>
    <verse name="v2">
      <lines>Thou canst keep my feet from falling<br/>Even my poor wayward feet<br/>Thou who dost present me faultless<br/>In Thy righteousness complete<br/>Jesus Lord in knowing Thee<br/>Oh what strength and victory</lines>
    </verse>
    <verse name="v3">
      <lines>All the sin in me my Savior<br/>Thou canst conquer and subdue<br/>With Thy sanctifying power<br/>Permeate my spirit through<br/>Let Thy govenment increase<br/>Risen crowned Prince of Peace</lines>
    </verse>
    <verse name="v4">
      <lines>Thou canst keep me upward looking<br/>Ever upward in Thy face<br/>Thou canst make me stand upholden<br/>By the greatness of Thy grace<br/>Every promise of Thy word<br/>Now I claim from Thee dear Lord</lines>
    </verse>
    <verse name="v5">
      <lines>Oh what joy to trust Thee Jesus<br/>Mighty Victor o'er the grave<br/>And to learn amid earth shadows<br/>Thine unceasing power to save<br/>Only those who prove Thee know<br/>What the grace thou dost bestow</lines>
    </verse>
    <verse name="v6">
      <lines>Make my life a bright outshining<br/>Of Thy life that all may see<br/>Thine own resurrection power<br/>Mightily put forth in me<br/>Ever let my heart become<br/>Yet more consciously Thy home</lines>
    </verse>
  </lyrics>
</song>
