<?xml version='1.0' encoding='UTF-8'?>
<song xmlns="http://openlyrics.info/namespace/2009/song" version="0.8" createdIn="OpenLP 3.1.1" modifiedIn="OpenLP 3.1.1" modifiedDate="2023-01-09T20:17:38">
  <properties>
    <titles>
      <title>226 Jesus thy blood and righteousness (Awesome)</title>
    </titles>
    <authors>
      <author>Author Unknown</author>
    </authors>
  </properties>
  <lyrics>
    <verse name="v1">
      <lines>G<br/>Verse 1<br/>Jesus Thy blood<br/>And righteousness<br/>My beauty are<br/>My glorious dress<br/>'Midst flaming worlds in these arrayed<br/>With joy shall I lift up my head</lines>
    </verse>
    <verse name="v2">
      <lines>Lord I believe<br/>Thy precious blood<br/>Which at the mercy seat of God<br/>Forever doth<br/>For sinners plead<br/>For me e'en for my soul was shed</lines>
    </verse>
    <verse name="v3">
      <lines>Lord I believe<br/>Were sinners more<br/>Than sands upon the ocean shore<br/>Thou hast for all a ransom paid<br/>For all<br/>A full atonement made</lines>
    </verse>
    <verse name="v4">
      <lines>Bold shall I stand in that great day<br/>For who aught to<br/>My charge shall lay<br/>Fully, by Thee,<br/>Absolved I am<br/>From sin and fear<br/>From guilt and shame</lines>
    </verse>
    <verse name="v5">
      <lines>This spotless robe the same appears<br/>When ruined nature sinks in years<br/>No age can change its glorious hue<br/>Its glory is forever new</lines>
    </verse>
    <verse name="v6">
      <lines>Oh! Let the dead<br/>Now hear Thy voice<br/>Now bid Thy banished ones rejoice<br/>their beauty this<br/>Their glorious dress<br/>Jesus Thy blood<br/>And righteousness</lines>
    </verse>
    <verse name="v7">
      <lines>Thou God of power Thou God of love<br/>Let all the world<br/>Thy mercy prove<br/>Their beauty this<br/>Their glorious dress<br/>Jesus their Lord<br/>Our Righteousness</lines>
    </verse>
  </lyrics>
</song>
