<?xml version='1.0' encoding='UTF-8'?>
<song xmlns="http://openlyrics.info/namespace/2009/song" version="0.8" createdIn="OpenLP 3.1.1" modifiedIn="OpenLP 3.1.1" modifiedDate="2023-01-09T20:17:38">
  <properties>
    <titles>
      <title>241 My God My Portion and My Love (familiar tune)</title>
    </titles>
    <authors>
      <author>Author Unknown</author>
    </authors>
  </properties>
  <lyrics>
    <verse name="v1">
      <lines>My God my portion and my Love<br/>My everlasting All.<br/>I've none but Thee in heav'n above<br/>Or on this earthly ball<br/>or on this earthly ball</lines>
    </verse>
    <verse name="v2">
      <lines>What empty things are all the skies<br/>and this inferior clod<br/>There's nothing here deserves my joys<br/>There's nothing like my God<br/>There's nothing like my God</lines>
    </verse>
    <verse name="v3">
      <lines>To Thee I owe my wealth and friends<br/>and health and safe abode<br/>Thanks to Thy name for meaner things<br/>But they are not my God<br/>But they are not my God</lines>
    </verse>
    <verse name="v4">
      <lines>How vain a toy is glittering wealth<br/>If once compared to Thee<br/>Or what's my saftey or my health<br/>Or all my friends to me<br/>Or all my friends to me</lines>
    </verse>
    <verse name="v5">
      <lines>Were I possessor of the earth<br/>and called the stars my own<br/>Without Thy graces and Thyself<br/>I were a wretch undone<br/>I were a wretch undone</lines>
    </verse>
    <verse name="v6">
      <lines>Let others stretch their arms like seas<br/>And grasp in all the shore<br/>Grant me the visits of Thy grace<br/>And I desire no more<br/>And I desire no more</lines>
    </verse>
  </lyrics>
</song>
