<?xml version='1.0' encoding='UTF-8'?>
<song xmlns="http://openlyrics.info/namespace/2009/song" version="0.8" createdIn="OpenLP 3.1.1" modifiedIn="OpenLP 3.1.1" modifiedDate="2023-01-09T20:17:38">
  <properties>
    <titles>
      <title>247 Complete in Thee (easy tune)</title>
    </titles>
    <authors>
      <author>Author Unknown</author>
    </authors>
  </properties>
  <lyrics>
    <verse name="v1">
      <lines>Complete in Thee<br/>No work of mine<br/>May take dear Lord<br/>The place of Thine<br/>Thy blood hath pardon<br/>Brought for me<br/>And I am now<br/>Complete in Thee</lines>
    </verse>
    <verse name="c1">
      <lines>Yes justified -<br/>O blessed tho't<br/>And sanctified<br/>Salvation wrought<br/>Thy blood hath pardon<br/>Bought for me<br/>And glorified<br/>I too shall be</lines>
    </verse>
    <verse name="v2">
      <lines>Compete in Thee<br/>No more shall sin<br/>Thy grace hath conquered<br/>Reign within<br/>Thy voice shall bid<br/>The tempter flee<br/>And I shall stand<br/>Complete in Thee</lines>
    </verse>
    <verse name="v3">
      <lines>Complete in Thee<br/>Each want supplied<br/>And no good thing<br/>To me denied<br/>Since Thou my portion<br/>Lord will be<br/>I ask no more<br/>Complete in Thee</lines>
    </verse>
    <verse name="v4">
      <lines>Dear Savior when<br/>Before Thy bar<br/>All tribes and tongues<br/>Assembled are<br/>Among Thy chosen<br/>Will I be<br/>At Thy right hand<br/>Complete in Thee</lines>
    </verse>
  </lyrics>
</song>
