<?xml version='1.0' encoding='UTF-8'?>
<song xmlns="http://openlyrics.info/namespace/2009/song" version="0.8" createdIn="OpenLP 3.1.1" modifiedIn="OpenLP 3.1.1" modifiedDate="2023-01-09T20:17:39">
  <properties>
    <titles>
      <title>276 I Will Praise Him ("We" Dora)</title>
    </titles>
    <verseOrder>v1 c1 v2 c1 v3 c1 v4 c1 v5 c1</verseOrder>
    <authors>
      <author>Author Unknown</author>
    </authors>
  </properties>
  <lyrics>
    <verse name="v1">
      <lines>C<br/>Verse 1<br/>When I saw the cleansing Fountain<br/>Open wide for all my sin<br/>I obeyed the Spirit's wooing<br/>When He said wilt thou be clean</lines>
    </verse>
    <verse name="c1">
      <lines>We will praise Him<br/>We will praise Him<br/>Praise the Lamb for sinners slain<br/>Give Him glory all ye people<br/>For His blood can wash Away each stain</lines>
    </verse>
    <verse name="v2">
      <lines>Tho' the way seemed Straight and narrow<br/>All I claimed was swept away<br/>My ambitions plans and wishes<br/>At my feet in ashes lay</lines>
    </verse>
    <verse name="v3">
      <lines>Then God's fire upon the altar<br/>Of my heart was set aflame<br/>I shall never cease to praise Him<br/>Glory glory to His name</lines>
    </verse>
    <verse name="v4">
      <lines>Blessed be the name of Jesus<br/>I'm so glad He took me in<br/>He's forgiven my transgressions<br/>He has cleansed my Heart from sin</lines>
    </verse>
    <verse name="v5">
      <lines>Glory glory to the Father<br/>Glory glory to the Son<br/>Glory glory to the Spirit<br/>Glory to the Three in One</lines>
    </verse>
  </lyrics>
</song>
