<?xml version='1.0' encoding='UTF-8'?>
<song xmlns="http://openlyrics.info/namespace/2009/song" version="0.8" createdIn="OpenLP 3.1.1" modifiedIn="OpenLP 3.1.1" modifiedDate="2023-01-09T20:17:39">
  <properties>
    <titles>
      <title>281 At Calvary</title>
    </titles>
    <verseOrder>v1 c1 v2 c1 v3 c1 v4 c1</verseOrder>
    <authors>
      <author>Author Unknown</author>
    </authors>
  </properties>
  <lyrics>
    <verse name="v1">
      <lines>A<br/>Verse 1<br/>Years I spent in vanity and pride<br/>Caring not my Lord was crucified<br/>Knowing not it was for me<br/>He died on Calvary</lines>
    </verse>
    <verse name="c1">
      <lines>Mercy there was great<br/>And grace was free<br/>Pardon there was multiplied to me<br/>There my burdened soul found liberty<br/>At Calvary</lines>
    </verse>
    <verse name="v2">
      <lines>By God's Word at last my sin I learned<br/>Then I trembled at the law I'd spurned<br/>Till my guilty soul imploring turned<br/>To Calvary</lines>
    </verse>
    <verse name="v3">
      <lines>Now I've giv'n to Jesus ev'rything<br/>Now I gladly own Him as my King<br/>Now my ransomed soul can only sing<br/>Of Calvary</lines>
    </verse>
    <verse name="v4">
      <lines>Oh the love that drew salvation's plan<br/>Oh the grace that brought it down to man<br/>Oh the mighty gulf that God did span<br/>At Calvary</lines>
    </verse>
  </lyrics>
</song>
