<?xml version='1.0' encoding='UTF-8'?>
<song xmlns="http://openlyrics.info/namespace/2009/song" version="0.8" createdIn="OpenLP 3.1.1" modifiedIn="OpenLP 3.1.1" modifiedDate="2023-01-09T20:17:39">
  <properties>
    <titles>
      <title>297 Wonderful Peace (easy nice)</title>
    </titles>
    <copyright>Public Domain</copyright>
    <ccliNo>36925</ccliNo>
    <authors>
      <author>W. George Cooper | Warren D. Cornell</author>
    </authors>
  </properties>
  <lyrics>
    <verse name="v1">
      <lines>Far away in the depths of my spirit tonight<br/>Rolls a melody sweeter than psalm<br/>In celestial-like strains it unceasingly falls<br/>O'er my soul like an infinite calm</lines>
    </verse>
    <verse name="c1">
      <lines>Peace peace wonderful peace<br/>Coming down from the Father above<br/>Sweep over my spirit forever I pray<br/>In fathomless billows of love</lines>
    </verse>
    <verse name="v2">
      <lines>What a treasure I have in this wonderful peace<br/>Buried deep in the heart of my soul<br/>So secure that no power can mine it away<br/>While the years of eternity roll</lines>
    </verse>
    <verse name="v3">
      <lines>I am resting tonight in this wonderful peace<br/>Resting sweetly in Jesus' control<br/>For I'm kept from all danger by night and by day<br/>And His glory is flooding my soul</lines>
    </verse>
    <verse name="v4">
      <lines>And I think when I rise to that city of peace<br/>Where the Author of peace I shall see<br/>That one strain of the song<br/>Which the ransomed will sing<br/>In that heavenly kingdom shall be</lines>
    </verse>
    <verse name="v5">
      <lines>Ah soul are you here without comfort and rest<br/>Marching down the rough pathway of time<br/>Make Jesus your friend ere the shadows grow dark<br/>O accept this sweet peace so sublime</lines>
    </verse>
  </lyrics>
</song>
