<?xml version='1.0' encoding='UTF-8'?>
<song xmlns="http://openlyrics.info/namespace/2009/song" version="0.8" createdIn="OpenLP 3.1.1" modifiedIn="OpenLP 3.1.1" modifiedDate="2023-01-09T20:17:39">
  <properties>
    <titles>
      <title>309 There Is A Safe And Secret Place (easy nice)</title>
    </titles>
    <authors>
      <author>Author Unknown</author>
    </authors>
  </properties>
  <lyrics>
    <verse name="v1">
      <lines>There is a safe<br/>And secret place<br/>Beneath the<br/>Wings divine<br/>Reserved for all<br/>The heirs of grace<br/>O be that refuge mine</lines>
    </verse>
    <verse name="v2">
      <lines>The least<br/>And feeblest<br/>There may bide<br/>Uninjured and unawed<br/>While thousands fall on every side<br/>He rests secure in God</lines>
    </verse>
    <verse name="v3">
      <lines>He feeds in pastures large and fair<br/>Of love<br/>And truth divine<br/>O child of God O glory's heir<br/>How rich a lot is thine</lines>
    </verse>
    <verse name="v4">
      <lines>A hand almighty to defend<br/>An ear for every call<br/>An honored life a peaceful end<br/>And Heaven to crown it all</lines>
    </verse>
  </lyrics>
</song>
