<?xml version='1.0' encoding='UTF-8'?>
<song xmlns="http://openlyrics.info/namespace/2009/song" version="0.8" createdIn="OpenLP 3.1.1" modifiedIn="OpenLP 3.1.1" modifiedDate="2023-01-09T20:17:39">
  <properties>
    <titles>
      <title>313 Speak To The Rock (takes a little work)</title>
    </titles>
    <authors>
      <author>Author Unknown</author>
    </authors>
  </properties>
  <lyrics>
    <verse name="v1">
      <lines>Fainting in the desert<br/>Israels's thousands stand<br/>At the rock of Kadesh<br/>Hark the Lord's command<br/>Speak to the Rock<br/>Bid the waters flow<br/>Strike not its bosom<br/>Opened long ago<br/>Speak to the Rock<br/>'Till the waters flow</lines>
    </verse>
    <verse name="c1">
      <lines>Speak to the Rock<br/>Bid the waters flow<br/>Doubt not the Spirit<br/>Given long ago<br/>Take what He waiteth<br/>Freely to bestow<br/>Drink till its fullness<br/>All thy being know</lines>
    </verse>
    <verse name="v2">
      <lines>Blessed Rock of Ages<br/>Thou art open still<br/>Blessed Holy Spirit<br/>All our being fill<br/>Still Thou dost say<br/>Wherefore struggle so<br/>Call for the Spirit<br/>Whisper soft and low<br/>Speak to the Rock<br/>Bid the waters flow</lines>
    </verse>
    <verse name="v3">
      <lines>Oh for trust more simple<br/>Fully to believe<br/>Oh for hearts more childlike<br/>Freely to receive<br/>E'en as a babe<br/>On its mother's breast<br/>So on Thy bosom<br/>Let my spirit rest<br/>Filled with Thy life<br/>With Thy blessing blest</lines>
    </verse>
  </lyrics>
</song>
