<?xml version='1.0' encoding='UTF-8'?>
<song xmlns="http://openlyrics.info/namespace/2009/song" version="0.8" createdIn="OpenLP 3.1.1" modifiedIn="OpenLP 3.1.1" modifiedDate="2023-01-09T20:17:39">
  <properties>
    <titles>
      <title>337 Be Still My Heart (sweet smooth gracious)</title>
    </titles>
    <authors>
      <author>Author Unknown</author>
    </authors>
  </properties>
  <lyrics>
    <verse name="v1">
      <lines>Be still my heart<br/>These anxious cares<br/>To Thee are burdens<br/>Thorns and snares<br/>They cast dishonor<br/>On the Lord<br/>And contradict<br/>His gracious word</lines>
    </verse>
    <verse name="v2">
      <lines>Brought safely by<br/>His hand thus far<br/>Why wilt thou now<br/>Give place to fear<br/>How canst thou want<br/>If He provide<br/>Or lose thy way<br/>With such a Guide</lines>
    </verse>
    <verse name="v3">
      <lines>When first before<br/>His mercy-seat<br/>Thou didst to Him<br/>Thine all commit<br/>He gave thee warrant<br/>From that hour<br/>To trust His wisdom<br/>Love and power</lines>
    </verse>
    <verse name="v4">
      <lines>Did ever trouble<br/>Yet befall<br/>And He refuse<br/>To hear thy call<br/>And has He not<br/>His promise passed<br/>That thou shalt<br/>overcome at last</lines>
    </verse>
    <verse name="v5">
      <lines>He who has helped<br/>Me hitherto<br/>Will help me all<br/>my journey through<br/>And give me daily<br/>Cause to raise<br/>New Ebenezers<br/>To His praise</lines>
    </verse>
    <verse name="v6">
      <lines>Though rough and thorny<br/>Be the road<br/>It leads thee on<br/>Apace to God<br/>Then count thy present<br/>Trials small<br/>For God will make<br/>Amends for all</lines>
    </verse>
  </lyrics>
</song>
