<?xml version='1.0' encoding='UTF-8'?>
<song xmlns="http://openlyrics.info/namespace/2009/song" version="0.8" createdIn="OpenLP 3.1.1" modifiedIn="OpenLP 3.1.1" modifiedDate="2023-01-09T20:17:39">
  <properties>
    <titles>
      <title>352 Lord If It Be Thou (easy tune)</title>
    </titles>
    <authors>
      <author>Author Unknown</author>
    </authors>
  </properties>
  <lyrics>
    <verse name="v1">
      <lines>Be strong beloved<br/>When the storm shall rage<br/>Look not like Peter<br/>At the angry crest<br/>Of yon great billow<br/>Foaming seething surge<br/>Can only drive thee<br/>To thy Saviors breast</lines>
    </verse>
    <verse name="v2">
      <lines>See how serene<br/>And calm how undismayed<br/>Thy Lord doth stand<br/>Smiling upon thy fear<br/>Wondering that thou<br/>Dost dare to be afraid<br/>When He the Lord of glory<br/>Is so near</lines>
    </verse>
    <verse name="v3">
      <lines>Thou at His "Come"<br/>Thy little boat hast left<br/>See it is tossing<br/>Now beyond thy call<br/>Look not behind thee<br/>Look into His face<br/>Whose "Come" once uttered<br/>Now is past recall</lines>
    </verse>
    <verse name="v4">
      <lines>Strong be thy heart<br/>And calm and glad and brave<br/>For angels wonder<br/>At thy fearless faith<br/>And Christ is glad and<br/>Men are whispering<br/>Their thanks to God<br/>"Be faithful, yea to death"</lines>
    </verse>
  </lyrics>
</song>
