<?xml version='1.0' encoding='UTF-8'?>
<song xmlns="http://openlyrics.info/namespace/2009/song" version="0.8" createdIn="OpenLP 3.1.1" modifiedIn="OpenLP 3.1.1" modifiedDate="2023-01-09T20:17:39">
  <properties>
    <titles>
      <title>361 As The Bridegroom to His Chosen (nice easy tun</title>
    </titles>
    <authors>
      <author>Author Unknown</author>
    </authors>
  </properties>
  <lyrics>
    <verse name="v1">
      <lines>As the bridegroom to his chosen<br/>As the king unto his realm<br/>As the keep unto the castle<br/>As the pilot to the helm<br/>So dear Lord<br/>Art Thou to me<br/>So dear Lord<br/>Art Thou to me</lines>
    </verse>
    <verse name="v2">
      <lines>As the fountain in the garden<br/>As the candle in the dark<br/>As the treasure in the coffer<br/>As the manna in the ark<br/>So, dear Lord<br/>Art Thou to me<br/>So dear Lord<br/>Art Thou to me</lines>
    </verse>
    <verse name="v3">
      <lines>As the music at the banquet<br/>As the stamp unto the seal<br/>As the medicine to the fainting<br/>As the wine-cup at the meal<br/>So dear Lord<br/>Art Thou to me<br/>So dear Lord<br/>Art Thou to me</lines>
    </verse>
    <verse name="v4">
      <lines>As the ruby in the setting<br/>As the honey in the comb<br/>As the light<br/>Within the lantern<br/>As the father in the home<br/>So dear Lord<br/>Art Thou to me<br/>So dear Lord<br/>Art Thou to me</lines>
    </verse>
    <verse name="v5">
      <lines>As the sunshine to the heaven<br/>As the image to the glass<br/>As the fruit unto the fig-tree<br/>As the dew unto the grass<br/>So dear Lord<br/>Art Thou to me<br/>So dear Lord<br/>Art Thou to me</lines>
    </verse>
  </lyrics>
</song>
