<?xml version='1.0' encoding='UTF-8'?>
<song xmlns="http://openlyrics.info/namespace/2009/song" version="0.8" createdIn="OpenLP 3.1.1" modifiedIn="OpenLP 3.1.1" modifiedDate="2023-01-09T20:17:40">
  <properties>
    <titles>
      <title>394 The Lord's My Shepherd (familiar easy)</title>
    </titles>
    <authors>
      <author>Author Unknown</author>
    </authors>
  </properties>
  <lyrics>
    <verse name="v1">
      <lines>The Lord's my Shepherd<br/>I'll not want<br/>He makes me down to lie<br/>In pastures green<br/>He leadeth me<br/>The quiet waters by</lines>
    </verse>
    <verse name="v2">
      <lines>My soul He doth<br/>Restore again<br/>And me to walk<br/>Doth make<br/>Within the paths<br/>Of righteousness<br/>E'en for His<br/>Own name's sake</lines>
    </verse>
    <verse name="v3">
      <lines>Yea though I walk<br/>In death's dark vale<br/>Yet will I fear no ill<br/>For Thou art with me<br/>And Thy rod<br/>And staff me<br/>Comfort still</lines>
    </verse>
    <verse name="v4">
      <lines>My table Thou<br/>Hast furnished<br/>In presence of<br/>My foes<br/>My head Thou dost<br/>With oil annoint<br/>And my cup overflows</lines>
    </verse>
    <verse name="v5">
      <lines>Goodness and mercy<br/>All my life<br/>Shall surely follow me<br/>And in God's house<br/>Forevermore<br/>My dwelling place shall be</lines>
    </verse>
  </lyrics>
</song>
