<?xml version='1.0' encoding='UTF-8'?>
<song xmlns="http://openlyrics.info/namespace/2009/song" version="0.8" createdIn="OpenLP 3.1.1" modifiedIn="OpenLP 3.1.1" modifiedDate="2023-01-09T20:17:40">
  <properties>
    <titles>
      <title>395 How Tedious and Tasteless The Hours (easy)</title>
    </titles>
    <authors>
      <author>Author Unknown</author>
    </authors>
  </properties>
  <lyrics>
    <verse name="v1">
      <lines>How tedious and tasteless the hours<br/>When Jesus no longer I see<br/>Sweet prospects sweet birds and sweet flow'rs<br/>Have all lost their sweetness to me<br/>The midsummer sun shines but dim<br/>The fields strive in vain to look gay<br/>But when I am happy in Him<br/>December's as pleasant as May</lines>
    </verse>
    <verse name="v2">
      <lines>His name yields the richest perfume<br/>And sweeter than music His voice<br/>His presence disperses my gloom<br/>And makes all within me rejoice<br/>I should were He always thus nigh<br/>Have nothing to wish or to fear<br/>No mortal so happy as I<br/>My summer would last all the year</lines>
    </verse>
    <verse name="v3">
      <lines>Content with beholding His face<br/>My all to His pleasure resigned<br/>No changes of season or place<br/>Would make any change in my mind<br/>While blessed with a sense of His love<br/>A palace a toy would appear<br/>And prisons would palaces prove<br/>If Jesus would dwell with me there</lines>
    </verse>
    <verse name="v4">
      <lines>My Lord if indeed I am Thine<br/>If Thou art my sun and my song<br/>Say why do I languish and pine<br/>And why are my winters so long<br/>Oh drive these dark clouds<br/>From the sky<br/>Thy soul-cheering presence restore<br/>Or take me to Thee up on high<br/>Where winter and clouds are no more</lines>
    </verse>
  </lyrics>
</song>
