<?xml version='1.0' encoding='UTF-8'?>
<song xmlns="http://openlyrics.info/namespace/2009/song" version="0.8" createdIn="OpenLP 3.1.1" modifiedIn="OpenLP 3.1.1" modifiedDate="2023-01-09T20:17:40">
  <properties>
    <titles>
      <title>403 The Sands Of Time Are Sinking</title>
    </titles>
    <authors>
      <author>Author Unknown</author>
    </authors>
  </properties>
  <lyrics>
    <verse name="v1a">
      <lines>D<br/>The sands of time<br/>Are sinking<br/>The dawn<br/>Of heaven breaks<br/>The summer morn<br/>I've sighed for<br/>The fair sweet<br/>Morn awakes</lines>
    </verse>
    <verse name="v1b">
      <lines>Dark dark<br/>Hath been the midnight<br/>But dayspring is at hand<br/>And glory glory dwelleth<br/>In Immanuel's land.</lines>
    </verse>
    <verse name="v2a">
      <lines>O Christ!<br/>He is the fountain<br/>The deep sweet well of love<br/>The streams<br/>On earth I've tasted<br/>More deep I'll drink above</lines>
    </verse>
    <verse name="v2b">
      <lines>There to an ocean's fullness<br/>His mercies doth expand<br/>And glory glory dwelleth<br/>In Immanuel's land</lines>
    </verse>
    <verse name="v3a">
      <lines>With mercy<br/>And with judgment<br/>My web of time He wove<br/>And aye the dews<br/>Of sorrow<br/>Were lustered<br/>With His love</lines>
    </verse>
    <verse name="v3b">
      <lines>I'll bless the hand<br/>That guided<br/>I'll bless the heart<br/>That planned<br/>When throned<br/>Where glory dwelleth<br/>In Immanuel's land</lines>
    </verse>
    <verse name="v4a">
      <lines>Oh I am my Beloved's<br/>And my Beloved's mine<br/>He brings a poor vile sinner<br/>Into his house of wine.</lines>
    </verse>
    <verse name="v4b">
      <lines>I stand upon His merit<br/>I know no other stand<br/>Not e'en<br/>Where glory dwelleth<br/>In Immanuel's land</lines>
    </verse>
    <verse name="v5a">
      <lines>The Bride eyes not her garment<br/>But her<br/>dear Bridegroom's face<br/>I will not gaze at glory<br/>But on my King of grace</lines>
    </verse>
    <verse name="v5b">
      <lines>Not at the crown He giveth<br/>But on His pierced hand<br/>The Lamb is all the glory<br/>Of Immanuel's land</lines>
    </verse>
  </lyrics>
</song>
