<?xml version='1.0' encoding='UTF-8'?>
<song xmlns="http://openlyrics.info/namespace/2009/song" version="0.8" createdIn="OpenLP 3.1.1" modifiedIn="OpenLP 3.1.1" modifiedDate="2023-01-09T20:17:40">
  <properties>
    <titles>
      <title>408 Jesus Only Is Our Message (nice easy)</title>
    </titles>
    <verseOrder>v1 c1 v2 v3 c1 v4 v5 v6</verseOrder>
    <authors>
      <author>Author Unknown</author>
    </authors>
  </properties>
  <lyrics>
    <verse name="v1">
      <lines>Jesus only<br/>Is our message<br/>Jesus all<br/>Our theme shall be<br/>We will lift up<br/>Jesus ever<br/>Jesus only will we see</lines>
    </verse>
    <verse name="c1">
      <lines>Jesus only - Jesus ever<br/>Jesus all in all we sing<br/>Savior Sanctifier and Healer<br/>Glorious Lord<br/>And coming King</lines>
    </verse>
    <verse name="v2">
      <lines>Jesus only is our Savior<br/>All our guilt<br/>He bore away<br/>All our righteousness<br/>He gives us<br/>All our strength<br/>From day to day</lines>
    </verse>
    <verse name="v3">
      <lines>Jesus is our Sanctifier<br/>Saving us from<br/>Self and sin<br/>And with all<br/>His Spirit's fullness<br/>Filling all our<br/>Hearts within</lines>
    </verse>
    <verse name="v4">
      <lines>Jesus only is our Healer<br/>All our sicknesses<br/>He bare<br/>And His risen<br/>Life and fullness<br/>All His members<br/>Still may share</lines>
    </verse>
    <verse name="v5">
      <lines>Jesus only is our Power<br/>He the gift<br/>Of Pentecost<br/>Jesus breathe<br/>Thy pow'r upon us<br/>Fill us with<br/>The Holy Ghost</lines>
    </verse>
    <verse name="v6">
      <lines>And for Jesus<br/>We are waiting<br/>List'ning for the<br/>Advent Call<br/>But 'twill still be<br/>Jesus only<br/>Jesus ever all in all</lines>
    </verse>
  </lyrics>
</song>
