<?xml version='1.0' encoding='UTF-8'?>
<song xmlns="http://openlyrics.info/namespace/2009/song" version="0.8" createdIn="OpenLP 3.1.1" modifiedIn="OpenLP 3.1.1" modifiedDate="2023-01-09T20:17:40">
  <properties>
    <titles>
      <title>409 When All Thy Mercies O My God (familiar easy t</title>
    </titles>
    <authors>
      <author>Author Unknown</author>
    </authors>
  </properties>
  <lyrics>
    <verse name="v1">
      <lines>When all Thy mercies O my God<br/>My rising soul surverys<br/>Transported with the view<br/>I'm lost<br/>In wonder love and praise</lines>
    </verse>
    <verse name="v2">
      <lines>Unnumbered comforts to my soul<br/>Thy tender care bestowed<br/>Before my infant heart conceived<br/>From whom those comforts flowed</lines>
    </verse>
    <verse name="v3">
      <lines>When worn with sickness oft hast Thou<br/>With health renewed my face<br/>And when in sins and sorrows sunk<br/>Revived my soul with grace</lines>
    </verse>
    <verse name="v4">
      <lines>Ten thousand thousand precious gifts<br/>My daily thanks employ<br/>Nor is the least a cheerful heart<br/>That tastes those gifts with joy</lines>
    </verse>
    <verse name="v5">
      <lines>Through ev'ry period of my life<br/>Thy goodness I'll pursue<br/>And after death in distant worlds<br/>The glorious theme renew</lines>
    </verse>
    <verse name="v6">
      <lines>Through all eterntiy to Thee<br/>A joyful song I'll raise<br/>But oh eternity's too short<br/>To utter all Thy praise</lines>
    </verse>
  </lyrics>
</song>
