<?xml version='1.0' encoding='UTF-8'?>
<song xmlns="http://openlyrics.info/namespace/2009/song" version="0.8" createdIn="OpenLP 3.1.1" modifiedIn="OpenLP 3.1.1" modifiedDate="2023-01-09T20:17:40">
  <properties>
    <titles>
      <title>413 I Must Tell Jesus (nice a few unexpected turns</title>
    </titles>
    <authors>
      <author>Author Unknown</author>
    </authors>
  </properties>
  <lyrics>
    <verse name="v1">
      <lines>I must tell Jesus<br/>All of my trials<br/>I cannot bear these<br/>Burdens alone<br/>In my distress<br/>He kindly will help me<br/>He ever loves<br/>And cares for His own</lines>
    </verse>
    <verse name="c1">
      <lines>I must tell Jesus<br/>I must tell Jesus<br/>I cannot bear my<br/>Burdens alone<br/>I must tell Jesus<br/>I must tell Jesus<br/>Jesus can help me<br/>Jesus alone</lines>
    </verse>
    <verse name="v2">
      <lines>I must tell Jesus<br/>All of my troubles<br/>He is a kind<br/>Compasionate friend<br/>If I but ask Him<br/>He will deliver<br/>Make of my troubles<br/>Quickly an end</lines>
    </verse>
    <verse name="v3">
      <lines>Tempted and tried<br/>I need a great Savior<br/>One who can help<br/>My burdens to bear<br/>I must tell Jesus<br/>I must tell Jesus<br/>He all my cares<br/>And sorrows will share</lines>
    </verse>
    <verse name="v4">
      <lines>O how the world<br/>To evil allures me<br/>O how my heart<br/>Is tempted to sin<br/>I must tell Jesus<br/>And He will help me<br/>Over the world<br/>The victory to win</lines>
    </verse>
  </lyrics>
</song>
