<?xml version='1.0' encoding='UTF-8'?>
<song xmlns="http://openlyrics.info/namespace/2009/song" version="0.8" createdIn="OpenLP 3.1.1" modifiedIn="OpenLP 3.1.1" modifiedDate="2023-01-09T20:17:40">
  <properties>
    <titles>
      <title>437 Though Troubles Assail (familiar easy)</title>
    </titles>
    <authors>
      <author>Author Unknown</author>
    </authors>
  </properties>
  <lyrics>
    <verse name="v1">
      <lines>Tho' troubles assail<br/>And dangers affright<br/>Tho' friends should all fail<br/>And foes all unite<br/>Yet one thing secures us<br/>What ever betide<br/>The Scripture assures us<br/>The Lord will provide</lines>
    </verse>
    <verse name="v2">
      <lines>The birds without barn<br/>Or storehouse are fed<br/>From them let us learn<br/>To trust for our bread<br/>His saints what is fitting<br/>Shall ne'er be denied<br/>So long as 'tis written<br/>The Lord will provide</lines>
    </verse>
    <verse name="v3">
      <lines>His call we obey<br/>Like Abra'm of old<br/>No knowing our way<br/>But faith makes us bold<br/>For though we are strangers<br/>We have a good guide<br/>And trust in all dangers<br/>The Lord will provide</lines>
    </verse>
    <verse name="v4">
      <lines>When Satan appears<br/>To stop up our path<br/>And fills us with fears<br/>We triumph by faith<br/>He cannot take from us<br/>Though oft he has tried<br/>The heart-cheeting promise<br/>The Lord will provide</lines>
    </verse>
    <verse name="v5">
      <lines>He tells us we're weak<br/>Our hope is in vain<br/>The good that we seek<br/>We ne'er shall obtain<br/>But when such suggestions<br/>Our spirits have plied<br/>This answers all questions<br/>The Lord will provide</lines>
    </verse>
    <verse name="v6">
      <lines>No strength of our own<br/>Nor goodness we claim<br/>Yet since we have known<br/>The Savior's dear name<br/>In this our strong tower<br/>For safety we hide the<br/>Lord is our power<br/>The Lord will provide</lines>
    </verse>
    <verse name="v7">
      <lines>When life sinks apace<br/>And death is in view<br/>The word of His grace<br/>Shall comfort us through<br/>No fearing or doubting<br/>With Christ on our side<br/>We hope to die shouting<br/>The Lord will provide</lines>
    </verse>
  </lyrics>
</song>
