<?xml version='1.0' encoding='UTF-8'?>
<song xmlns="http://openlyrics.info/namespace/2009/song" version="0.8" createdIn="OpenLP 3.1.1" modifiedIn="OpenLP 3.1.1" modifiedDate="2023-01-09T20:17:40">
  <properties>
    <titles>
      <title>440 Wonderful Wonderful Jesus (nice a few word tim</title>
    </titles>
    <copyright>© 1982 Fred Bock Music Company</copyright>
    <ccliNo>67932</ccliNo>
    <authors>
      <author>Anna B. Russell | Darrell Rodman | Ernest O. Selle</author>
    </authors>
  </properties>
  <lyrics>
    <verse name="v1">
      <lines>There is never a day so dreary<br/>There is never a night so long<br/>But the soul that is trusting Jesus<br/>Will somewhere find a new song</lines>
    </verse>
    <verse name="c1">
      <lines>Wonderful wonderful Jesus<br/>In the heart He implanteth a song<br/>A song of deliv'rance<br/>Of courage of strength<br/>In the heart He implanteth a song</lines>
    </verse>
    <verse name="v2">
      <lines>There is never a cross so heavy<br/>There is never a weight or woe<br/>But that Jesus will help to carry<br/>Because He loveth so</lines>
    </verse>
    <verse name="v3">
      <lines>There is never a care or burden<br/>There is never a grief or loss<br/>But that Jesus in love will lighten<br/>When carried to the cross</lines>
    </verse>
    <verse name="v4">
      <lines>There is never a guilty sinner<br/>There is never a wand'ring one<br/>But that God can in mercy pardon<br/>Through Jesus Christ His Son</lines>
    </verse>
  </lyrics>
</song>
