<?xml version='1.0' encoding='UTF-8'?>
<song xmlns="http://openlyrics.info/namespace/2009/song" version="0.8" createdIn="OpenLP 3.1.1" modifiedIn="OpenLP 3.1.1" modifiedDate="2023-01-09T20:17:40">
  <properties>
    <titles>
      <title>460 O Lord With Thy Holy Ghost (easy nice)</title>
    </titles>
    <authors>
      <author>Author Unknown</author>
    </authors>
  </properties>
  <lyrics>
    <verse name="v1">
      <lines>O Lord with Thy Holy Ghost<br/>Fill me to the uttermost<br/>Let my life Thy channel be<br/>Just a channel Lord for Thee<br/>Through me all Thy riches pour<br/>Give me ever more and more</lines>
    </verse>
    <verse name="v2">
      <lines>O Lord with Thy Holy Ghost<br/>Fill me to the uttermost<br/>Be it unto me O Lord<br/>Now according to Thy Word<br/>Let the life of Jesus be<br/>Ever filling even me</lines>
    </verse>
    <verse name="v3">
      <lines>O Lord with Thy Holy Ghost<br/>Fill me to the uttermost<br/>Cleansed and holy - pure and clean<br/>Let the Life of Christ be seen<br/>Hold o'er me Thy gracious sway<br/>Every hour of every day</lines>
    </verse>
    <verse name="v4">
      <lines>O Lord with Thy Holy Ghost<br/>Fill me to the uttermost<br/>For Thy love Thy light Thy grace<br/>Just a channel all my days<br/>Till my Savior's face I see<br/>Fill me Lord - fill even me</lines>
    </verse>
  </lyrics>
</song>
