<?xml version='1.0' encoding='UTF-8'?>
<song xmlns="http://openlyrics.info/namespace/2009/song" version="0.8" createdIn="OpenLP 3.1.1" modifiedIn="OpenLP 3.1.1" modifiedDate="2023-01-09T20:17:40">
  <properties>
    <titles>
      <title>467 Spirit Of God Descend Upon My Heart (familiar</title>
    </titles>
    <authors>
      <author>Author Unknown</author>
    </authors>
  </properties>
  <lyrics>
    <verse name="v1">
      <lines>Spirit of God<br/>Descend upon my heart<br/>Wean it from earth<br/>Thro' all its pulses move<br/>Stoop to my weakness<br/>Mighty as Thou art<br/>And make me love Thee<br/>As I ought to love</lines>
    </verse>
    <verse name="v2">
      <lines>Hast Thou not bid us<br/>Love Thee God and King<br/>All, all Thine own, soul,<br/>Heart and strength and mind<br/>I see Thy cross<br/>There teach my heart to cling<br/>Oh let me seek Thee<br/>And Oh let me find</lines>
    </verse>
    <verse name="v3">
      <lines>Teach me to feel that<br/>Thou art always nigh<br/>Teach me the struggles<br/>of the soul to bear<br/>To check the rising<br/>doubt the rebel sigh<br/>Teach me the patience<br/>of unanswered prayer</lines>
    </verse>
    <verse name="v4">
      <lines>Teach me to love Thee<br/>as Thine angels love<br/>One holy passion<br/>filling all my frame<br/>The baptism of the<br/>heav'n descended Dove<br/>My heart an altar<br/>and Thy love the flame</lines>
    </verse>
  </lyrics>
</song>
