<?xml version='1.0' encoding='UTF-8'?>
<song xmlns="http://openlyrics.info/namespace/2009/song" version="0.8" createdIn="OpenLP 3.1.1" modifiedIn="OpenLP 3.1.1" modifiedDate="2023-01-09T20:17:40">
  <properties>
    <titles>
      <title>495 O Lamb Of God Still Keep Me (easy nice)</title>
    </titles>
    <authors>
      <author>Author Unknown</author>
    </authors>
  </properties>
  <lyrics>
    <verse name="v1">
      <lines>O Lamb of God still keep me<br/>Close to Thy wounded side<br/>'Tis only there in safety<br/>And peace I can abide</lines>
    </verse>
    <verse name="v2">
      <lines>What foes and snares surround me<br/>What lusts and fears within<br/>The grace that sought and found me<br/>Alone can keep me clean</lines>
    </verse>
    <verse name="v3">
      <lines>'Tis only in Thee hiding<br/>I feel myself secure<br/>Only in Thee abiding<br/>The conflict can endure</lines>
    </verse>
    <verse name="v4">
      <lines>Thine arm the victory gaineth<br/>O'er every hateful foe<br/>Thy love my heart sustaineth<br/>In all its care and woe</lines>
    </verse>
    <verse name="v5">
      <lines>Soon shall my eyes behold Thee<br/>With rapture face to face<br/>One half hath not been told me<br/>Of all Thy power and grace</lines>
    </verse>
    <verse name="v6">
      <lines>Thy beauty Lord and glory<br/>The wonders of Thy love<br/>Shall be the endless story<br/>Of all Thy saints above</lines>
    </verse>
  </lyrics>
</song>
