<?xml version='1.0' encoding='UTF-8'?>
<song xmlns="http://openlyrics.info/namespace/2009/song" version="0.8" createdIn="OpenLP 3.1.1" modifiedIn="OpenLP 3.1.1" modifiedDate="2023-01-09T20:17:40">
  <properties>
    <titles>
      <title>497 One With Thee</title>
    </titles>
    <authors>
      <author>Author Unknown</author>
    </authors>
  </properties>
  <lyrics>
    <verse name="v1">
      <lines>I am one with Thee Lord Jesus<br/>One in spirit now with Thee<br/>All Thyself I now posess Lord<br/>All Thou art now lives in me</lines>
    </verse>
    <verse name="c1">
      <lines>One with Thee - One with Thee<br/>One with Thee - One with Thee<br/>Day by day I share Thy riches<br/>Thou art ev'rything to me</lines>
    </verse>
    <verse name="v2">
      <lines>Now I share Thy human life Lord<br/>Filled with Thy humanity<br/>All of Thy complete obedience<br/>Is available to me</lines>
    </verse>
    <verse name="v3">
      <lines>One with Thee in crucifixion<br/>On the cross I died in Thee<br/>I am dead unto the world Lord<br/>And the world is dead to me</lines>
    </verse>
    <verse name="v4">
      <lines>One with Thee in resurrection<br/>Risen now to live in Thee<br/>With that life which is Thyself Lord<br/>Now in me Lord even me</lines>
    </verse>
    <verse name="v5">
      <lines>One with Thee in Thine ascension<br/>In the heavens now with Thee<br/>Here a pilgrim and a stranger<br/>My true life is hid in Thee</lines>
    </verse>
    <verse name="v6">
      <lines>One with Thee in Thine enthronement<br/>Sharing Thine authority<br/>Even as I share Thy life Lord<br/>I in Thee and Thou in me</lines>
    </verse>
  </lyrics>
</song>
