<?xml version='1.0' encoding='UTF-8'?>
<song xmlns="http://openlyrics.info/namespace/2009/song" version="0.8" createdIn="OpenLP 3.1.1" modifiedIn="OpenLP 3.1.1" modifiedDate="2023-01-09T20:17:40">
  <properties>
    <titles>
      <title>498 Jesus, Immutably The Same</title>
    </titles>
    <authors>
      <author>Author Unknown</author>
    </authors>
  </properties>
  <lyrics>
    <verse name="v1">
      <lines>Jesus immutably the same<br/>Thou true and living vine<br/>Around Thy all supporting stem<br/>My feeble arms I twine</lines>
    </verse>
    <verse name="v2">
      <lines>Quickened by Thee and kept alive<br/>I flourish and bear fruit<br/>My life I fromThy sap derive<br/>My vigor from Thy root</lines>
    </verse>
    <verse name="v3">
      <lines>Grafted in Thee by grace alone<br/>In growth I daily rise<br/>And raised on this foundation-stone<br/>My top shall reach the skies</lines>
    </verse>
    <verse name="v4">
      <lines>I can do nothing without thee<br/>My strength is wholly Thine<br/>Withered and barren should I be<br/>If severed from the vine</lines>
    </verse>
    <verse name="v5">
      <lines>Upon my leaf when parched with heat<br/>Refreshing dew shall drop<br/>The plant which Thy right hand hath set<br/>Shall ne'er be rooted up</lines>
    </verse>
    <verse name="v6">
      <lines>Till Thou hast led me to the place<br/>Of pure immortal joy<br/>The riches of Thy glorious grace<br/>Shall all my need supply</lines>
    </verse>
    <verse name="v7">
      <lines>Who from eternity decreed<br/>To glorify His own<br/>Will not forske the holy seed<br/>Nor take away their crown</lines>
    </verse>
    <verse name="v8">
      <lines>The righteous shall hold on their way<br/>Nor miss the promised land<br/>Jesus shall guard them night and day<br/>And hide them in His hand</lines>
    </verse>
    <verse name="v9">
      <lines>Each moment watered by Thy care<br/>And fenced with power divine<br/>Fruit to eternal life shall bear<br/>The feeblest branch of Thine</lines>
    </verse>
  </lyrics>
</song>
