<?xml version='1.0' encoding='UTF-8'?>
<song xmlns="http://openlyrics.info/namespace/2009/song" version="0.8" createdIn="OpenLP 3.1.1" modifiedIn="OpenLP 3.1.1" modifiedDate="2023-01-09T20:17:41">
  <properties>
    <titles>
      <title>527 Not A Sound Invades The Stillness (majestic &amp;</title>
    </titles>
    <authors>
      <author>Author Unknown</author>
    </authors>
  </properties>
  <lyrics>
    <verse name="v1">
      <lines>Not a sound invades the stillness<br/>Not a form invades the scene<br/>Save the voice of my Beloved<br/>And the person of my King</lines>
    </verse>
    <verse name="c1">
      <lines>Precious gentle holy Jesus<br/>Blessed Bridegroom of my heart<br/>In Thy secret inner chamber<br/>Thou wilt whisper what Thou art</lines>
    </verse>
    <verse name="v2">
      <lines>And within those heav'nly places<br/>Calmly hushed in sweet repose<br/>There I drink with joy absorbing<br/>All the love Thou wouldst disclose</lines>
    </verse>
    <verse name="v3">
      <lines>Wrapt in deep adoring silence<br/>Jesus Lord I dare not move<br/>Lest I lose the smallest saying<br/>Meant to catch the ear of love</lines>
    </verse>
    <verse name="v4">
      <lines>Rest then O my soul contented<br/>Thou hast reached thy happy place<br/>In the bosom of thy Savior<br/>Gazing up in His dear face</lines>
    </verse>
  </lyrics>
</song>
