<?xml version='1.0' encoding='UTF-8'?>
<song xmlns="http://openlyrics.info/namespace/2009/song" version="0.8" createdIn="OpenLP 3.1.1" modifiedIn="OpenLP 3.1.1" modifiedDate="2023-01-09T20:17:41">
  <properties>
    <titles>
      <title>534 Prayer Is The Soul's Sincere Desire (easy nice</title>
    </titles>
    <authors>
      <author>Author Unknown</author>
    </authors>
  </properties>
  <lyrics>
    <verse name="v1">
      <lines>Prayer is the soul's sincere desire<br/>Uttered or unexpressed<br/>The motion of a hidden fire<br/>That trembles in the breast</lines>
    </verse>
    <verse name="v2">
      <lines>Prayer is the burden of a sigh<br/>The falling of a tear<br/>The upward glancing of an eye<br/>When none but God is near</lines>
    </verse>
    <verse name="v3">
      <lines>Prayer is the simplest form of speech<br/>That infant lips can try<br/>Prayer the sublimest strains that reach<br/>The Majesty on high</lines>
    </verse>
    <verse name="v4">
      <lines>Prayer is the Christian's vital breath<br/>The Christian's native air<br/>His watchword at the gates of death<br/>He enters rest with prayer</lines>
    </verse>
    <verse name="v5">
      <lines>The Saints in prayer appear as one<br/>In word and deed and mind<br/>While with the Father and the Son<br/>Sweet fellowship they find</lines>
    </verse>
    <verse name="v6">
      <lines>O Thou by whom we come to God<br/>The Life the Truth the Way<br/>The path of prayer Thyself hast trod<br/>Lord teach us how to pray</lines>
    </verse>
  </lyrics>
</song>
