<?xml version='1.0' encoding='UTF-8'?>
<song xmlns="http://openlyrics.info/namespace/2009/song" version="0.8" createdIn="OpenLP 3.1.1" modifiedIn="OpenLP 3.1.1" modifiedDate="2023-01-09T20:17:41">
  <properties>
    <titles>
      <title>543 I Come To The Garden (easy familiar)</title>
    </titles>
    <authors>
      <author>Author Unknown</author>
    </authors>
  </properties>
  <lyrics>
    <verse name="v1">
      <lines>I come to the garden alone<br/>While the dew<br/>is still on the roses<br/>And the voice I hear<br/>falling on my ear<br/>The Son of God discloses</lines>
    </verse>
    <verse name="c1">
      <lines>And He walks with me<br/>And He talks with me<br/>And He tells me I am His own<br/>And the joy we share<br/>as we tarry there<br/>None other has ever known</lines>
    </verse>
    <verse name="v2">
      <lines>He speaks<br/>And the sound of His voice<br/>Is so sweet<br/>The birds hush their singing<br/>And the melody<br/>That He gave to me<br/>Within my heart is ringing</lines>
    </verse>
    <verse name="v3">
      <lines>I'd stay in the garden with Him<br/>Tho' the night<br/>Around me be falling<br/>But He bids me go<br/>Thro' the voice of woe<br/>His voice to me is calling</lines>
    </verse>
  </lyrics>
</song>
