<?xml version='1.0' encoding='UTF-8'?>
<song xmlns="http://openlyrics.info/namespace/2009/song" version="0.8" createdIn="OpenLP 3.1.1" modifiedIn="OpenLP 3.1.1" modifiedDate="2023-01-09T20:17:41">
  <properties>
    <titles>
      <title>544 As John Upon His Dear Lord's Breast (easy nice</title>
    </titles>
    <authors>
      <author>Author Unknown</author>
    </authors>
  </properties>
  <lyrics>
    <verse name="v1">
      <lines>As John upon<br/>His dear Lord's breast<br/>So would I lean<br/>so would I rest<br/>As empty shell<br/>In depths of sea<br/>So would I sink<br/>Be filled with Thee</lines>
    </verse>
    <verse name="v2">
      <lines>As singing bird<br/>in high blue air<br/>So would I soar<br/>And sing Thee there<br/>Nor rain nor stormy wind can be<br/>When all the air is full of Thee</lines>
    </verse>
    <verse name="v3">
      <lines>And so though<br/>Daily duties crowd<br/>And dust of earth<br/>Be like a cloud<br/>Through noise of words<br/>O Lord my Rest<br/>Thy John would lean<br/>Upon Thy breast</lines>
    </verse>
  </lyrics>
</song>
