<?xml version='1.0' encoding='UTF-8'?>
<song xmlns="http://openlyrics.info/namespace/2009/song" version="0.8" createdIn="OpenLP 3.1.1" modifiedIn="OpenLP 3.1.1" modifiedDate="2023-01-09T20:17:41">
  <properties>
    <titles>
      <title>548 As Pants The Hart For Cooling Streams (familia</title>
    </titles>
    <copyright>Public Domain</copyright>
    <ccliNo>2808336</ccliNo>
    <authors>
      <author>Nahum Tate | Nicholas Brady</author>
    </authors>
  </properties>
  <lyrics>
    <verse name="v1">
      <lines>As pants the hart for cooling streams<br/>When heated in the chase<br/>So longs my soul O God for thee<br/>And Thy refreshing grace</lines>
    </verse>
    <verse name="v2">
      <lines>Why restless why cast down my soul<br/>Trust God who will employ<br/>His aid for thee<br/>And change these sighs<br/>To thankful hymns of joy</lines>
    </verse>
    <verse name="v3">
      <lines>For thee my God the living God<br/>My thirsty soul doth pine<br/>O when shall I behold thy face<br/>Thou majesty divine</lines>
    </verse>
    <verse name="v4">
      <lines>God of my Strength how long shall I<br/>Like one forgotten mourn<br/>Forlorn forsaken and exposed<br/>To my oppressor's scorn</lines>
    </verse>
    <verse name="v5">
      <lines>Why restless why cast down my soul<br/>Hope still and thou shalt sing<br/>The praise of him who is thy God<br/>Thy health's eternal spring</lines>
    </verse>
  </lyrics>
</song>
