<?xml version='1.0' encoding='UTF-8'?>
<song xmlns="http://openlyrics.info/namespace/2009/song" version="0.8" createdIn="OpenLP 3.1.1" modifiedIn="OpenLP 3.1.1" modifiedDate="2023-01-09T20:17:41">
  <properties>
    <titles>
      <title>550 Bowed With A Burden (familiar easy nice)</title>
    </titles>
    <authors>
      <author>Author Unknown</author>
    </authors>
  </properties>
  <lyrics>
    <verse name="v1">
      <lines>Bowed with a burden<br/>None can weigh save Thee<br/>Strength of my life on Thee<br/>I cast my care<br/>My heart must prove<br/>Its own infirmity<br/>But what shall move me<br/>If my God be there</lines>
    </verse>
    <verse name="v2">
      <lines>Oh for a thankful song<br/>With every breath<br/>While amid fading flowers<br/>And withering grass<br/>I with Thee<br/>Through the grave<br/>And gate of death<br/>On to my joyful<br/>Resurrection pass</lines>
    </verse>
    <verse name="v3">
      <lines>Armed with the spirit<br/>Of my Master's mind<br/>How shall I spare<br/>A thought that He would slay<br/>Lord I would leave<br/>Those things which are behind<br/>And press toward<br/>Heav'n through all<br/>The narrow way</lines>
    </verse>
    <verse name="v4">
      <lines>Bright be my prospect<br/>As I pass along<br/>And ardent service<br/>At the cost of all<br/>Love by untiring<br/>Ministry made strong<br/>And ready for the first<br/>The softest call</lines>
    </verse>
    <verse name="v5">
      <lines>Yes God is faithful<br/>And my lot is cast<br/>Oh not myself to serve<br/>My own to be<br/>Light of my life<br/>The darkness now is past<br/>And I beneath the Cross<br/>Can work for Thee</lines>
    </verse>
  </lyrics>
</song>
