<?xml version='1.0' encoding='UTF-8'?>
<song xmlns="http://openlyrics.info/namespace/2009/song" version="0.8" createdIn="OpenLP 3.1.1" modifiedIn="OpenLP 3.1.1" modifiedDate="2023-01-09T20:17:41">
  <properties>
    <titles>
      <title>551 Is Your All On The Altar (easy nice)</title>
    </titles>
    <authors>
      <author>Author Unknown</author>
    </authors>
  </properties>
  <lyrics>
    <verse name="v1">
      <lines>You have longed for sweet peace<br/>And for faith to increase<br/>And have earnestly fervently prayed <br/>But you cannot have rest<br/>Or be prefectly blest<br/>Until all on the altar is laid</lines>
    </verse>
    <verse name="c1">
      <lines>Is your all<br/>On the altar of sacrifice laid<br/>Your heart does the Spirit control<br/>You can only be blest<br/>And have peace and sweet rest <br/>As you yield Him your body and soul</lines>
    </verse>
    <verse name="v2">
      <lines>Would you walk<br/>With the Lord in the light of His Word<br/>And have peace<br/>And contentment alway<br/>You must do<br/>His sweet will<br/>To be free from all ill<br/>On the altar<br/>Your all you must lay</lines>
    </verse>
    <verse name="v3">
      <lines>Oh we never can know<br/>What the Lord will bestow<br/>Of the blessings<br/>For which we have prayed <br/>Till our body and soul<br/>He doth fully control<br/>And our all on the Altar is laid</lines>
    </verse>
    <verse name="v4">
      <lines>Who can tell<br/>All the love<br/>He will send from above<br/>Oh how happy<br/>Our heart will be made<br/>Oh what fellowship sweet<br/>We shall share<br/>At His feet<br/>When our all<br/>On the altar is laid</lines>
    </verse>
  </lyrics>
</song>
