<?xml version='1.0' encoding='UTF-8'?>
<song xmlns="http://openlyrics.info/namespace/2009/song" version="0.8" createdIn="OpenLP 3.1.1" modifiedIn="OpenLP 3.1.1" modifiedDate="2023-01-09T20:17:41">
  <properties>
    <titles>
      <title>553 Within The Veil Be This Belov'd Thy Portion (e</title>
    </titles>
    <authors>
      <author>Author Unknown</author>
    </authors>
  </properties>
  <lyrics>
    <verse name="v1">
      <lines>"Within the Veil"<br/>Be this belov'd thy portion<br/>Within the secret<br/>Of thy Lord to dwell<br/>Beholding Him<br/>Until thy face His glory<br/>Thy life His love<br/>Thy lips His praise shall tell</lines>
    </verse>
    <verse name="v2">
      <lines>"Within the Veil"<br/>For only as thou gazest<br/>Upon the matchless<br/>Beauty of His face<br/>Canst thou become<br/>A living revelation<br/>Of His great heart of love<br/>His untold grace</lines>
    </verse>
    <verse name="v3">
      <lines>"Within the Veil"<br/>His fragrance poured upon thee<br/>Without the Veil<br/>That fragrance shed abroad<br/>"Within the Veil"<br/>His hand shall tune the music<br/>Which sounds on earth<br/>The praises of Thy Lord</lines>
    </verse>
    <verse name="v4">
      <lines>"Within the Veil"<br/>Thy spirit deeply anchored<br/>Thou walkest calm<br/>Above a world of strife<br/>"Within the Veil"<br/>Thy soul with Him united<br/>Shall live on earth<br/>His resurrection life</lines>
    </verse>
  </lyrics>
</song>
