<?xml version='1.0' encoding='UTF-8'?>
<song xmlns="http://openlyrics.info/namespace/2009/song" version="0.8" createdIn="OpenLP 3.1.1" modifiedIn="OpenLP 3.1.1" modifiedDate="2023-01-09T20:17:41">
  <properties>
    <titles>
      <title>559 Day Is Dying In The West (familiar easy very n</title>
    </titles>
    <comments>
      <comment>verse 4 (optional)

[above are Song Tags with notes imported from EasyWorship]</comment>
    </comments>
    <copyright>Public Domain</copyright>
    <ccliNo>93621</ccliNo>
    <authors>
      <author>Mary Artemisia Lathbury | William Fiske Sherwin</author>
    </authors>
  </properties>
  <lyrics>
    <verse name="v1">
      <lines>Day is dying in the west<br/>Heaven is touching earth with rest<br/>Wait and worship while the night<br/>Sets her evening lamps alight<br/>Thro' all the sky</lines>
    </verse>
    <verse name="c1">
      <lines>Holy holy holy Lord God of hosts<br/>Heaven and earth are full of Thee<br/>Heaven and earth are praising Thee<br/>O Lord Most High</lines>
    </verse>
    <verse name="v2">
      <lines>Lord of life beneath the dome<br/>Of the universe Thy home<br/>Gather us who seek Thy face<br/>To the fold of Thy embrace<br/>For Thou art nigh</lines>
    </verse>
    <verse name="v3">
      <lines>While the deepning shadows fall<br/>Heart of Love enfolding all<br/>Through the glory and the grace<br/>Of the stars that veil Thy face<br/>Our hearts ascend</lines>
    </verse>
    <verse name="v4">
      <lines>When forever from our sight<br/>Pass the stars the day the night<br/>Lord of angels on our eyes<br/>Let eternal morning rise<br/>And shadows end</lines>
    </verse>
  </lyrics>
</song>
