<?xml version='1.0' encoding='UTF-8'?>
<song xmlns="http://openlyrics.info/namespace/2009/song" version="0.8" createdIn="OpenLP 3.1.1" modifiedIn="OpenLP 3.1.1" modifiedDate="2023-01-09T20:17:41">
  <properties>
    <titles>
      <title>563 Alone With Thee (easy nice)</title>
    </titles>
    <authors>
      <author>Author Unknown</author>
    </authors>
  </properties>
  <lyrics>
    <verse name="v1">
      <lines>Alone with Thee <br/>Alone with Thee<br/>O friend divine<br/>Thou friend of friends<br/>To me most dear<br/>Though all unseen<br/>I feel Thee near<br/>And with the love<br/>That knows no fear<br/>I call Thee mine</lines>
    </verse>
    <verse name="v2">
      <lines>Alone with Thee<br/>Alone with Thee<br/>Now through my breast<br/>There steals a breath<br/>Like breath of balm<br/>That healing brings<br/>And holy calm<br/>That soothes like<br/>Chanted song or psalm<br/>And makes me blest</lines>
    </verse>
    <verse name="v3">
      <lines>Alone with Thee<br/>Alone with Thee<br/>Thy grace more sweet<br/>Than music in the<br/>Twilight still<br/>Than airs that<br/>Groves of spices fill<br/>More fresh than<br/>Dews on Hermon's hill<br/>My soul doth greet</lines>
    </verse>
    <verse name="v4">
      <lines>Alone with Thee<br/>Alone with Thee<br/>In Thy pure light<br/>The splendid pomps<br/>And shows of time<br/>The tempting steeps<br/>That pride would climb<br/>The peaks where<br/>Glory rest sublime<br/>Pale on my sight</lines>
    </verse>
    <verse name="v5">
      <lines>Alone with Thee<br/>Alone with Thee<br/>My softened heart<br/>Floats on the flood<br/>Of love divine<br/>Feels all its wishes<br/>Drowned in Thine<br/>Content that every<br/>Good is mine<br/>Thou canst impart</lines>
    </verse>
    <verse name="v6">
      <lines>Alone with Thee<br/>Alone with Thee<br/>I want no more<br/>To make my earthly<br/>Bliss complete<br/>Than oft my Lord<br/>Unseen to meet<br/>For sight I wait<br/>Till tread my feet<br/>Yon glistering shore</lines>
    </verse>
    <verse name="v7">
      <lines>Alone with Thee<br/>Alone with Thee<br/>There not alone<br/>But with all saints<br/>The mighty throng<br/>My soul unfettered<br/>Pure and strong<br/>Her high communings<br/>Shall prolong<br/>Before Thy throne</lines>
    </verse>
  </lyrics>
</song>
