<?xml version='1.0' encoding='UTF-8'?>
<song xmlns="http://openlyrics.info/namespace/2009/song" version="0.8" createdIn="OpenLP 3.1.1" modifiedIn="OpenLP 3.1.1" modifiedDate="2023-01-09T20:17:41">
  <properties>
    <titles>
      <title>579 God In The Gospel Of His Son (familiar easy tu</title>
    </titles>
    <authors>
      <author>Author Unknown</author>
    </authors>
  </properties>
  <lyrics>
    <verse name="v1">
      <lines>God in the gospel<br/>Of His Son<br/>Makes His eternal<br/>Counsels known<br/>Where love in all<br/>Its glory shines<br/>And truth is drawn<br/>In fairest lines</lines>
    </verse>
    <verse name="v2">
      <lines>Here sinners of<br/>A humble frame<br/>May taste His grace<br/>And learn His name<br/>May read in characters<br/>Of blood<br/>The wisdom pow'r<br/>and grace of God</lines>
    </verse>
    <verse name="v3">
      <lines>The pris'ner here may<br/> Break his chains<br/>The weary<br/> Rest from all his pains<br/>The captive feel<br/> His bondage cease<br/>The mourner find<br/> The way of peace</lines>
    </verse>
    <verse name="v4">
      <lines>Here faith reveals<br/>To mortal eyes<br/>A brighter world<br/>Beyond the skies<br/>Here shines the light<br/>Which guides our way<br/>From earth<br/>To realms of endless day</lines>
    </verse>
    <verse name="v5">
      <lines>O grant us grace<br/>Almighty Lord<br/>To read and mark<br/>Thy holy Word<br/>Its truths with meekness<br/>To receive<br/>And by its<br/>holy precepts live</lines>
    </verse>
  </lyrics>
</song>
