<?xml version='1.0' encoding='UTF-8'?>
<song xmlns="http://openlyrics.info/namespace/2009/song" version="0.8" createdIn="OpenLP 3.1.1" modifiedIn="OpenLP 3.1.1" modifiedDate="2023-01-09T20:17:41">
  <properties>
    <titles>
      <title>582 Thou Sweet Beloved Will Of God (easy sweet)</title>
    </titles>
    <authors>
      <author>Author Unknown</author>
    </authors>
  </properties>
  <lyrics>
    <verse name="v1">
      <lines>Thou sweet beloved<br/>Will of God<br/>My anchor ground<br/>My fortress hill<br/>My spirit's silent<br/>Fair abode<br/>In Thee I hide me<br/>And am still</lines>
    </verse>
    <verse name="v2">
      <lines>O Will that<br/>Willest good alone<br/>Lead Thou the way<br/>Thou guidest best<br/>A little child<br/>I follow on<br/>And trusting lean<br/>Upon Thy breast</lines>
    </verse>
    <verse name="v3">
      <lines>God's will doth make<br/>The bitter sweet<br/>And all is well<br/>When it is done<br/>Unless His will<br/>Doth hallow it<br/>The glory of<br/>All joy is gone</lines>
    </verse>
    <verse name="v4">
      <lines>Thy beautiful<br/>Sweet will my God<br/>Holds fast in its<br/>Sublime embrace<br/>My captive will<br/>A gladsome bird<br/>Prison'd in such<br/>A realm of grace</lines>
    </verse>
    <verse name="v5">
      <lines>Within this place<br/>Of certain good<br/>Love evermore<br/>Expands her wings<br/>Or nestling in<br/>Thy perfect choice<br/>Abides content<br/>With what it brings</lines>
    </verse>
    <verse name="v6">
      <lines>Oh lightest burden<br/>Sweetest yoke<br/>It lifts<br/>It bears my happy soul<br/>It giveth wings<br/>To this poor heart<br/>My freedom is<br/>Thy grand control</lines>
    </verse>
    <verse name="v7">
      <lines>Upon God's will<br/>I lay me down<br/>As child upon<br/>Its mother's breast<br/>No silken couch<br/>Nor sofest bed<br/>Could ever give me<br/>Such deep rest</lines>
    </verse>
    <verse name="v8">
      <lines>Thy wonderful<br/>Grand will my God<br/>With triumph now<br/>I make it mine<br/>And faith shall cry<br/>A joyous Yes<br/>To every dear<br/>Command of Thine</lines>
    </verse>
  </lyrics>
</song>
