<?xml version='1.0' encoding='UTF-8'?>
<song xmlns="http://openlyrics.info/namespace/2009/song" version="0.8" createdIn="OpenLP 3.1.1" modifiedIn="OpenLP 3.1.1" modifiedDate="2023-01-09T20:17:41">
  <properties>
    <titles>
      <title>587 Source Of My Spirit's Deep Desire (easy)</title>
    </titles>
    <authors>
      <author>Author Unknown</author>
    </authors>
  </properties>
  <lyrics>
    <verse name="v1">
      <lines>Source of my spirit's<br/>Deep desire<br/>For living joys that<br/>Shall not perish<br/>The patient hope<br/>Thy words inspire<br/>Still let Thy tender<br/>Mercy cherish</lines>
    </verse>
    <verse name="v2">
      <lines>On Thee my humbled<br/>Soul would wait<br/>Her utmost weakness<br/>Calmly learning<br/>And see Thy grace its<br/>Way create<br/>Through thorns and briers<br/>Which Thou art burning</lines>
    </verse>
    <verse name="v3">
      <lines>Gladly my inmost<br/>Heart would know<br/>The love that now it<br/>Faintly traces<br/>And see the streams from<br/>Zion flow<br/>O'er all its waste<br/>And desert places</lines>
    </verse>
    <verse name="v4">
      <lines>And still I hope<br/>O not in vain<br/>I know this holy<br/>Seed possessing<br/>Thou wilt come down<br/>Like gentle rain<br/>And make the barren<br/>Ground a blessing</lines>
    </verse>
  </lyrics>
</song>
