<?xml version='1.0' encoding='UTF-8'?>
<song xmlns="http://openlyrics.info/namespace/2009/song" version="0.8" createdIn="OpenLP 3.1.1" modifiedIn="OpenLP 3.1.1" modifiedDate="2023-01-09T20:17:41">
  <properties>
    <titles>
      <title>593 Thou Art Lord Control Our Will (a little work)</title>
    </titles>
    <authors>
      <author>Author Unknown</author>
    </authors>
  </properties>
  <lyrics>
    <verse name="v1">
      <lines>Thou art our Lord<br/>Control our will<br/>And keep each fleshly<br/>movement still<br/>What safety in<br/>Thy rule is known<br/>What sure salvation<br/>As we own<br/>Thyself as Lord</lines>
    </verse>
    <verse name="v2">
      <lines>Thou art our Priest<br/>Thou dost sustain<br/>Our hearts in either<br/>Joy or pain<br/>The holiest<br/>Is now our place<br/>Our hearts are drawn<br/>There by Thy grace<br/>For Thou art Priest</lines>
    </verse>
    <verse name="v3">
      <lines>And Thou art Head<br/>In Thee the mind<br/>May wisdom and<br/>Direction find<br/>Love's own direction<br/>For the heart<br/>Now learns with Thee<br/>Its heavenly part<br/>With Thee the Head</lines>
    </verse>
  </lyrics>
</song>
