<?xml version='1.0' encoding='UTF-8'?>
<song xmlns="http://openlyrics.info/namespace/2009/song" version="0.8" createdIn="OpenLP 3.1.1" modifiedIn="OpenLP 3.1.1" modifiedDate="2023-01-09T20:17:41">
  <properties>
    <titles>
      <title>611 I Love I Love My Master (easy nice)</title>
    </titles>
    <authors>
      <author>Author Unknown</author>
    </authors>
  </properties>
  <lyrics>
    <verse name="v1a">
      <lines>I love I love my Master<br/>I will not go out free<br/>For He is my Redeemer<br/>He paid the price for me</lines>
    </verse>
    <verse name="v1b">
      <lines>I would not leave His service<br/>It is so sweet and blest<br/>And in the weariest moments<br/>He gives the truest rest</lines>
    </verse>
    <verse name="v2a">
      <lines>My Master shed His life-blood<br/>My vassal life to win<br/>And save me from the bondage<br/>Of tyrant self and sin</lines>
    </verse>
    <verse name="v2b">
      <lines>He chose me for His service<br/>And gave me power to choose<br/>That blessed perfect freedom<br/>Which I shall never lose</lines>
    </verse>
    <verse name="v3a">
      <lines>I would not halve my service<br/>His only it must be<br/>His only who so loved me<br/>And gave Himself for me</lines>
    </verse>
    <verse name="v3b">
      <lines>Rejoicing and adoring<br/>Henceforth my song shall be<br/>I love I love my Master<br/>I will not go out free</lines>
    </verse>
  </lyrics>
</song>
