<?xml version='1.0' encoding='UTF-8'?>
<song xmlns="http://openlyrics.info/namespace/2009/song" version="0.8" createdIn="OpenLP 3.1.1" modifiedIn="OpenLP 3.1.1" modifiedDate="2023-01-09T20:17:41">
  <properties>
    <titles>
      <title>612 I Give My Heart To Thee (familiar easy tune)</title>
    </titles>
    <authors>
      <author>Author Unknown</author>
    </authors>
  </properties>
  <lyrics>
    <verse name="v1">
      <lines>I give my heart to Thee<br/>O Jesus most desired<br/>And heart for heart<br/>The gift shall be<br/>For Thou my heart<br/>Hast fired</lines>
    </verse>
    <verse name="v2">
      <lines>Thou hearts alone wouldst move<br/>Thou only hearts dost love<br/>I would love Thee<br/>As Thou lov'st me<br/>O Jesus most desired</lines>
    </verse>
    <verse name="v3">
      <lines>What off'ring can I make<br/>Dear Lord to love like Thine<br/>That Thou the Word<br/>Didst stoop to take<br/>A human form like mine</lines>
    </verse>
    <verse name="v4">
      <lines>"Give me thy heart My son"<br/>Lord Thou my heart hast won<br/>I would love Thee<br/>As Thou lov'st me<br/>O Jesus most desired</lines>
    </verse>
    <verse name="v5">
      <lines>Thy heart is opened wide<br/>Its offered love most free<br/>Thy heart to heart I may abide<br/>And hide myself in Thee</lines>
    </verse>
    <verse name="v6">
      <lines>Ah how Thy love doth burn<br/>Till I that love return<br/>I would love Thee<br/>As Thou lov'st me<br/>O Jesus most desired</lines>
    </verse>
    <verse name="v7">
      <lines>Here finds my heart its rest<br/>Repose that knows no shock<br/>The strength of love<br/>That keeps it blest<br/>In Thee the riven Rock</lines>
    </verse>
    <verse name="v8">
      <lines>My soul as girt around<br/>Her citadel hath found<br/>I would love Thee<br/>As Thou lov'st me<br/>O Jesus most desired</lines>
    </verse>
  </lyrics>
</song>
