<?xml version='1.0' encoding='UTF-8'?>
<song xmlns="http://openlyrics.info/namespace/2009/song" version="0.8" createdIn="OpenLP 3.1.1" modifiedIn="OpenLP 3.1.1" modifiedDate="2023-01-09T20:17:41">
  <properties>
    <titles>
      <title>618 And Must I Part With All I Have (easy nice)</title>
    </titles>
    <authors>
      <author>Author Unknown</author>
    </authors>
  </properties>
  <lyrics>
    <verse name="v1">
      <lines>And must I part with all I have<br/>My dearest Lord for Thee<br/>It is but right since Thou hast done<br/>Much more than this for me</lines>
    </verse>
    <verse name="v2">
      <lines>Yes let it go - one look from Thee<br/>Will more than make amends<br/>For all the losses I sustain<br/>Of credit - riches - friends</lines>
    </verse>
    <verse name="v3">
      <lines>Ten thousand worlds<br/>Ten thousand lives<br/>How worthless they appear<br/>Compar'd with Thee<br/>Supremely good<br/>Divinely bright and fair</lines>
    </verse>
    <verse name="v4">
      <lines>Savior of souls<br/>Could I from Thee<br/>A single smile obtain<br/>Though destitute<br/>Of all things else<br/>I'd glory in my gain</lines>
    </verse>
  </lyrics>
</song>
