<?xml version='1.0' encoding='UTF-8'?>
<song xmlns="http://openlyrics.info/namespace/2009/song" version="0.8" createdIn="OpenLP 3.1.1" modifiedIn="OpenLP 3.1.1" modifiedDate="2023-01-09T20:17:41">
  <properties>
    <titles>
      <title>619 When On The Cross My Lord I See (easy nice)</title>
    </titles>
    <authors>
      <author>Author Unknown</author>
    </authors>
  </properties>
  <lyrics>
    <verse name="v1">
      <lines>When on the cross my Lord I see<br/>Bleeding to death for wretched me<br/>Satan and sin no more can move<br/>For I am all transform'd to love</lines>
    </verse>
    <verse name="v2">
      <lines>His thorns and nails pierce<br/>Through my heart<br/>In every groan I bear a part<br/>I view His wounds with<br/>Streaming eyes<br/>But see<br/>He bows His head and dies</lines>
    </verse>
    <verse name="v3">
      <lines>Come sinners view<br/>The Lamb of God<br/>Wounded and dead<br/>And bathed in blood<br/>Behold His side<br/>And venture near<br/>The well of endless life is here</lines>
    </verse>
    <verse name="v4">
      <lines>Here I forget my cares and pains<br/>I drink yet still my thirst remains<br/>Only the fountain-head above<br/>Can satisfy the thirst of love</lines>
    </verse>
    <verse name="v5">
      <lines>Oh that I thus could always feel<br/>Lord more and more<br/>Thy love reveal<br/>Then my glad tongue<br/>Shall loud proclaim<br/>The grace and glory of Thy name</lines>
    </verse>
    <verse name="v6">
      <lines>Thy name dispels my guilt and fear<br/>Revives my heart<br/>And charms my ear<br/>Affords a balm for every wound<br/>And Satan trembles at the sound</lines>
    </verse>
  </lyrics>
</song>
