<?xml version='1.0' encoding='UTF-8'?>
<song xmlns="http://openlyrics.info/namespace/2009/song" version="0.8" createdIn="OpenLP 3.1.1" modifiedIn="OpenLP 3.1.1" modifiedDate="2023-01-09T20:17:41">
  <properties>
    <titles>
      <title>620 I Gave My Life For Thee (easy nice)</title>
    </titles>
    <authors>
      <author>Author Unknown</author>
    </authors>
  </properties>
  <lyrics>
    <verse name="v1">
      <lines>Bb<br/>Verse 1<br/>I gave My life for thee<br/>My precious blood I shed<br/>That thou might'st ransomed be<br/>And quickened from the dead<br/>For thee for thee I gave My life<br/>What hast thou given for Me<br/>For thee for thee I gave My life<br/>What hast thou given for Me</lines>
    </verse>
    <verse name="v2">
      <lines>I spent long years for thee<br/>In weariness and woe<br/>That an eternity of joy<br/>Thou mightest know<br/>For thee for thee I spent long years<br/>Hast thou spent one for Me<br/>For thee for thee I spent long years<br/>Hast thou spent one for Me</lines>
    </verse>
    <verse name="v3">
      <lines>My Father's house of light<br/>My rainbow-circled throne<br/>I left for earthly night<br/>For wand'rings sad and lone<br/>For thee for thee I left it all<br/>Hast thou left aught for Me<br/>For thee for thee I left it all<br/>Hast thou left aught for Me</lines>
    </verse>
    <verse name="v4">
      <lines>I suffered much for thee<br/>More than thy tongue can tell<br/>Of bitt'rest agony<br/>To rescue thee from hell<br/>For thee for thee I suffered much<br/>What canst thou bear for Me<br/>For thee for thee I suffered much<br/>What canst thou bear for Me</lines>
    </verse>
    <verse name="v5">
      <lines>And I have bro't to thee<br/>Down from My home above<br/>Salvation full and free<br/>My pardon and My love<br/>To thee to thee great gifts I brought<br/>What hast thou brought to Me<br/>To thee to thee great gifts I brought<br/>What hast thou brought to Me</lines>
    </verse>
    <verse name="v6">
      <lines>Lord let my life be given<br/>And every moment spent<br/>For God for souls for heaven<br/>And all earth's ties be rent<br/>For me for me Thou gavest Thy self<br/>Now I give all for Thee<br/>For me for me Thou gavest Thy self<br/>Now I give all for Thee</lines>
    </verse>
  </lyrics>
</song>
