<?xml version='1.0' encoding='UTF-8'?>
<song xmlns="http://openlyrics.info/namespace/2009/song" version="0.8" createdIn="OpenLP 3.1.1" modifiedIn="OpenLP 3.1.1" modifiedDate="2023-01-09T20:17:41">
  <properties>
    <titles>
      <title>629 Christ Liveth In Me (easy nice - need to pract</title>
    </titles>
    <copyright>Public Domain</copyright>
    <ccliNo>99955</ccliNo>
    <authors>
      <author>Daniel Webster Whittle | James McGranahan</author>
    </authors>
  </properties>
  <lyrics>
    <verse name="v1">
      <lines>Once far from God and dead in sin<br/>No light my heart could see<br/>But in God's Word the light I found<br/>Now Christ liveth in me</lines>
    </verse>
    <verse name="c1">
      <lines>Christ liveth in me<br/> Brothers (Christ liveth in me)<br/>Christ liveth in me<br/> Brothers (Christ liveth in me)<br/>O what a salvation this<br/>That Christ liveth in me</lines>
    </verse>
    <verse name="v2">
      <lines>As rays of light from yonder sun<br/>The flow'rs of Earth set free<br/>So life and light and love came forth<br/>From Christ living in me</lines>
    </verse>
    <verse name="v3">
      <lines>As lives the flow'r within the seed<br/>As in the cone the tree<br/>So praise the God of truth and grace<br/>His Spirit dwelleth in me</lines>
    </verse>
    <verse name="v4">
      <lines>With longing all my heart is filled<br/>That like Him I may be<br/>As on the wondrous thought I dwell<br/>That Christ liveth in me</lines>
    </verse>
  </lyrics>
</song>
