<?xml version='1.0' encoding='UTF-8'?>
<song xmlns="http://openlyrics.info/namespace/2009/song" version="0.8" createdIn="OpenLP 3.1.1" modifiedIn="OpenLP 3.1.1" modifiedDate="2023-01-09T20:17:42">
  <properties>
    <titles>
      <title>633 Jesus Thy Life Is Mine (difficult to match wor</title>
    </titles>
    <authors>
      <author>Author Unknown</author>
    </authors>
  </properties>
  <lyrics>
    <verse name="v1">
      <lines>Jesus Thy life is mine<br/>Dwell evermore in me<br/>And let me see<br/>That nothing can<br/>Untwine Thy life from mine</lines>
    </verse>
    <verse name="v2">
      <lines>Thy life in me be shown<br/>Lord I would henceforth seek<br/>To think and speak<br/>Thy thoughts Thy words alone<br/>No more my own</lines>
    </verse>
    <verse name="v3">
      <lines>Thy love - Thy joy - Thy peace<br/>Continuously impart<br/>Unto my heart<br/>Fresh springs that never cease<br/>But still increase</lines>
    </verse>
    <verse name="v4">
      <lines>The blest reality<br/>Of resurrection power<br/>Thy Church's dower<br/>Life more abundantly<br/>Lord give to me</lines>
    </verse>
    <verse name="v5">
      <lines>Thy fullest gift O Lord<br/>Now at Thy word I claim<br/>Through Thy dear name<br/>And touch the reapturous chord<br/>Of praise forth-poured</lines>
    </verse>
    <verse name="v6">
      <lines>Jesus my life is Thine<br/>And evermore shall be<br/>Hiddedn in Thee<br/>For nothing can untwine<br/>Thy life from mine</lines>
    </verse>
  </lyrics>
</song>
