<?xml version='1.0' encoding='UTF-8'?>
<song xmlns="http://openlyrics.info/namespace/2009/song" version="0.8" createdIn="OpenLP 3.1.1" modifiedIn="OpenLP 3.1.1" modifiedDate="2023-01-09T20:17:42">
  <properties>
    <titles>
      <title>639 I Want A Principle Within (easy nice)</title>
    </titles>
    <copyright>Public Domain</copyright>
    <ccliNo>96013</ccliNo>
    <authors>
      <author>Charles Wesley | Louis Spohr</author>
    </authors>
  </properties>
  <lyrics>
    <verse name="v1">
      <lines>I want a principle within<br/>Of watchful godly fear<br/>A sensibility of sin<br/>A pain to feel it near<br/>Help me the first approach to feel<br/>Of pride or wrong desire<br/>To catch the wandering of my will<br/>And quench the kindling fire</lines>
    </verse>
    <verse name="v2">
      <lines>From Thee that I no more may stray<br/>No more Thy goodness grieve<br/>Grant me the filial awe I pray<br/>The tender conscience give<br/>Quick as the apple of an eye<br/>O God my conscience make<br/>Awake my soul when sin is nigh<br/>And keep it still awake</lines>
    </verse>
    <verse name="v3">
      <lines>Almighty God of truth and love<br/>To me Thy power impart<br/>The burden from my soul remove<br/>The hardness from my heart<br/>O may the least omission pain<br/>My reawakened soul<br/>And drive me to that grace again<br/>Which makes the wounded whole</lines>
    </verse>
  </lyrics>
</song>
