<?xml version='1.0' encoding='UTF-8'?>
<song xmlns="http://openlyrics.info/namespace/2009/song" version="0.8" createdIn="OpenLP 3.1.1" modifiedIn="OpenLP 3.1.1" modifiedDate="2023-01-09T20:17:42">
  <properties>
    <titles>
      <title>643 Jesus Cast A Look On Me (easy nice)</title>
    </titles>
    <authors>
      <author>Author Unknown</author>
    </authors>
  </properties>
  <lyrics>
    <verse name="v1">
      <lines>Jesus cast a look on me<br/>Give me sweet simplicity<br/>Make me poor and keep me low<br/>Seeking only Thee to know</lines>
    </verse>
    <verse name="v2">
      <lines>Weaned from all my lordly self<br/>Weaned from all the miser's pelf<br/>Weaned from all the scorner's ways<br/>Weaned from all the lust of praise</lines>
    </verse>
    <verse name="v3">
      <lines>All that feeds my busy pride<br/>Cast it evermore aside<br/>Bid my will to Thine submit<br/>Lay me humbly at Thy feet</lines>
    </verse>
    <verse name="v4">
      <lines>Make me like a little child<br/>Of my strength and wisdom spoiled<br/>Seeing only in Thy light<br/>Walking only in Thy might</lines>
    </verse>
    <verse name="v5">
      <lines>Leaning on Thy loving breast<br/>Where a weary soul may rest<br/>Feeling well the peace of God<br/>Flowing from Thy precious blood</lines>
    </verse>
    <verse name="v6">
      <lines>In this posture let me live<br/>And hosannas daily give<br/>In this temper let me die<br/>And hosannas ever cry</lines>
    </verse>
  </lyrics>
</song>
