<?xml version='1.0' encoding='UTF-8'?>
<song xmlns="http://openlyrics.info/namespace/2009/song" version="0.8" createdIn="OpenLP 3.1.1" modifiedIn="OpenLP 3.1.1" modifiedDate="2023-01-09T20:17:42">
  <properties>
    <titles>
      <title>649 Into the heart of Jesus</title>
    </titles>
    <authors>
      <author>Author Unknown</author>
    </authors>
  </properties>
  <lyrics>
    <verse name="v1">
      <lines>Into the heart of Jesus<br/>Deeper and deeper I go<br/>Seeking to know the reason<br/>Why He should love me so<br/>Why He should stoop to lift me<br/>Up from the miry clay<br/>Saving my soul making me whole<br/>Though I had wandered away</lines>
    </verse>
    <verse name="v2">
      <lines>Into the will of Jesus<br/>Deeper and deeper I go<br/>Praying for grace to follow<br/>Seeking His way to know<br/>Bowing in full surrender<br/>Low at His blessed feet<br/>Bidding Him take<br/>Break me and make<br/>Till I am molded complete</lines>
    </verse>
    <verse name="v3">
      <lines>Into the cross of Jesus<br/>Deeper and deeper I go<br/>Following through the garden<br/>Facing the dreaded foe<br/>Drinking the cup of sorrow<br/>Sobbing with broken heart<br/>O Savior help dear Savior help<br/>Grace for my weakness impart</lines>
    </verse>
    <verse name="v4">
      <lines>Into the joy of Jesus<br/>Deeper and deeper I go<br/>Rising with soul enraptured<br/>Far from the world below<br/>Joy in the place of sorrow<br/>Peace in the midst of pain<br/>Jesus will give Jesus will give<br/>He will uphold and sustain</lines>
    </verse>
    <verse name="v5">
      <lines>Into the love of Jesus<br/>Deeper and deeper I go<br/>Praising the One who brought me<br/>Out of my sin and woe<br/>And through eternal ages<br/>Gratefully I shall sing<br/>O how He loved O how He loved<br/>Jesus my Lord and my King</lines>
    </verse>
  </lyrics>
</song>
