<?xml version='1.0' encoding='UTF-8'?>
<song xmlns="http://openlyrics.info/namespace/2009/song" version="0.8" createdIn="OpenLP 3.1.1" modifiedIn="OpenLP 3.1.1" modifiedDate="2023-01-09T20:17:42">
  <properties>
    <titles>
      <title>668 If From The Right Course I Depart (easy)</title>
    </titles>
    <authors>
      <author>Author Unknown</author>
    </authors>
  </properties>
  <lyrics>
    <verse name="v1">
      <lines>If from the right course I depart<br/>Then ease my lot would be<br/>But I remember how my Lord<br/>Did suffer agony</lines>
    </verse>
    <verse name="v2">
      <lines>I'll utterly forsake this world<br/>And sever all its ties<br/>My path may narrow more and more<br/>And all against me rise</lines>
    </verse>
    <verse name="v3">
      <lines>Though men my scowl and laugh to scorn<br/>I only want His smile<br/>His "well done" only I'd secure<br/>While here this little while</lines>
    </verse>
    <verse name="v4">
      <lines>Not after greatness do I seek<br/>Nor glory here desire<br/>But humbly I would serve the Lord<br/>His praise that day acquire</lines>
    </verse>
    <verse name="v5">
      <lines>I'm daily gazing at the light<br/>Shed from His judgment seat<br/>That all my living and my work<br/>The test of fire may meet</lines>
    </verse>
    <verse name="v6">
      <lines>Let others seek for great success<br/>For glory wealth and name<br/>Let them procure their grandeur here<br/>Their followers and fame</lines>
    </verse>
    <verse name="v7">
      <lines>In solitude and poverty<br/>Though prospering not in soul<br/>Yet faithfully I'll follow Him<br/>Until I reach the goal</lines>
    </verse>
    <verse name="v8">
      <lines>I know that when on earth He dwelt<br/>His lot was but the cross<br/>And that is why I only wish<br/>With Him to suffer loss</lines>
    </verse>
    <verse name="v9">
      <lines>Since all my glories lie ahead<br/>I must to patience cleave<br/>I will not go before my Lord<br/>And glory here recieve</lines>
    </verse>
    <verse name="v10">
      <lines>That day my honors I will have<br/>The Lord will dry my tears<br/>So faithfully I'll still press on<br/>Until my Lord appears</lines>
    </verse>
  </lyrics>
</song>
