<?xml version='1.0' encoding='UTF-8'?>
<song xmlns="http://openlyrics.info/namespace/2009/song" version="0.8" createdIn="OpenLP 3.1.1" modifiedIn="OpenLP 3.1.1" modifiedDate="2023-01-09T20:17:42">
  <properties>
    <titles>
      <title>697 The Cross It Standeth Fast (a little work, nic</title>
    </titles>
    <verseOrder>v1 c1 v2 c1 v3 c1</verseOrder>
    <authors>
      <author>Author Unknown</author>
    </authors>
  </properties>
  <lyrics>
    <verse name="v1">
      <lines>The cross it standeth fast<br/>Hallelujah Hallelujah<br/>Defying ev'ry blast<br/>Hallelujah Hallelujah<br/>The winds of hell have blown<br/>The world its hate hath shown<br/>Yet it is not overthrown<br/>Hallelujah for the cross</lines>
    </verse>
    <verse name="c1">
      <lines>Hallelujah Hallelujah<br/>Hallelujah for the cross<br/>Hallelujah hallelujah<br/>It shall never suffer loss</lines>
    </verse>
    <verse name="v2">
      <lines>It is the old cross still<br/>Hallelujah Hallelujah<br/>Its triumph let us tell<br/>Hallelujah Hallelujah<br/>The grace of God here shone<br/>Through Christ the blessed Son<br/>Who did for sin atone<br/>Hallelujah for the cross</lines>
    </verse>
    <verse name="v3">
      <lines>'Twas here the debt was paid<br/>Hallelujah Hallelujah<br/>Our sins on Jesus laid<br/>Hallelujah Hallelujah<br/>So round the cross we sing<br/>Of Christ our offering<br/>Of Christ our living King<br/>Hallelujah for the cross</lines>
    </verse>
  </lyrics>
</song>
