<?xml version='1.0' encoding='UTF-8'?>
<song xmlns="http://openlyrics.info/namespace/2009/song" version="0.8" createdIn="OpenLP 3.1.1" modifiedIn="OpenLP 3.1.1" modifiedDate="2023-08-02T23:42:11">
  <properties>
    <titles>
      <title>733 Set Apart (easy nice)</title>
    </titles>
    <verseOrder>v1 c1 v2 c1 v3 c1 v4 c1</verseOrder>
    <authors>
      <author>Author Unknown</author>
    </authors>
  </properties>
  <lyrics>
    <verse name="v1">
      <lines>"Set apart"<br/>A chosen vessel<br/>To the King of kings<br/>"Set apart"<br/>Forever severed<br/>From all earthly things</lines>
    </verse>
    <verse name="c1">
      <lines>Chosen vessels<br/>Empty weak and small<br/>Bearing heaven's<br/>Greatest treasure<br/>Christ the Lord of all<br/>Christ the Lord of all</lines>
    </verse>
    <verse name="v2">
      <lines>"Set apart"<br/>To bear the fragrance<br/>Of His blessed Name<br/>And with Him<br/>To share the sufferings<br/>Of a cross of shame</lines>
    </verse>
    <verse name="v3">
      <lines>"Set apart"<br/>With Him to suffer<br/>O'er a world undone<br/>And to stand<br/>In fiercest conflict<br/>Till the fight be won</lines>
    </verse>
    <verse name="v4">
      <lines>"Set apart"<br/>An earthern vessel<br/>Empty weak and small<br/>Yet the treasure<br/>That it beareth<br/>Christ the Lord of all</lines>
    </verse>
  </lyrics>
</song>
