<?xml version='1.0' encoding='UTF-8'?>
<song xmlns="http://openlyrics.info/namespace/2009/song" version="0.8" createdIn="OpenLP 3.1.1" modifiedIn="OpenLP 3.1.1" modifiedDate="2023-01-09T20:17:42">
  <properties>
    <titles>
      <title>741 Burn Fire Of God (nice jumps a little)</title>
    </titles>
    <authors>
      <author>Author Unknown</author>
    </authors>
  </properties>
  <lyrics>
    <verse name="v1">
      <lines>Burn fire of God<br/>My ransom'd soul possessing<br/>Pure fire Thou art<br/>And I would dwell in Thee<br/>Light of my life<br/>True Source of every blessing<br/>Grant all my days<br/>One holy flame to be</lines>
    </verse>
    <verse name="v2">
      <lines>Burn fire of God<br/>Thy grace and glory knowing<br/>My cleansed heart<br/>Shall be all fire within<br/>Love all constraining<br/>Tenderness o'er flowing<br/>One kindling passion<br/>Other lives to win</lines>
    </verse>
    <verse name="v3">
      <lines>Burn fire of God<br/>Thy cloven tongue bestowing<br/>Baptizing me<br/>With heavenly energy<br/>Touched with live coals<br/>From off Thine altar glowing<br/>My purged lips<br/>Shall speak alone of Thee</lines>
    </verse>
    <verse name="v4">
      <lines>Burn fire of God<br/>With seven-fold refining<br/>Till mirrored from<br/>My deeps Thine eyes shall see<br/>In purest gold<br/>Thy perfect image shining<br/>Thy Christ revealed<br/>In clear irradiancy</lines>
    </verse>
    <verse name="v5">
      <lines>Burn fire of God<br/>By Thine own love transcending<br/>Let all I hold<br/>Be Thine and Thine alone<br/>Heart mind and will<br/>A sacrifice ascending<br/>Consumed by fire<br/>From out Thy fiery Throne</lines>
    </verse>
  </lyrics>
</song>
