<?xml version='1.0' encoding='UTF-8'?>
<song xmlns="http://openlyrics.info/namespace/2009/song" version="0.8" createdIn="OpenLP 3.1.1" modifiedIn="OpenLP 3.1.1" modifiedDate="2023-01-09T20:17:42">
  <properties>
    <titles>
      <title>743 While Toil And Warfare Urge Us On (easy nice)</title>
    </titles>
    <authors>
      <author>Author Unknown</author>
    </authors>
  </properties>
  <lyrics>
    <verse name="v1">
      <lines>While toil and warfare<br/>Urge us on our way<br/>And heart is answering<br/>Heart in signs of pain<br/>Have we no words of<br/>Strengthening joy to say<br/>No songs for those<br/>Who suffer but to reign</lines>
    </verse>
    <verse name="v2">
      <lines>O for the faithful mind<br/>The steadfast eye<br/>To keep our leader's<br/>Glory full in sight<br/>And make our converse<br/>Even while we die<br/>An interchange<br/>Of triumph and delight</lines>
    </verse>
    <verse name="v3">
      <lines>Behold the paths<br/>Of life are ours - we see<br/>Our blest inheritance<br/>Where'er we tread<br/>Sorrow and danger our security<br/>And disappointment<br/>Lifting up our head</lines>
    </verse>
    <verse name="v4">
      <lines>Kings unto God<br/>We may not doubt our power<br/>We may not languish<br/>When He says "Be strong"<br/>We must move on<br/>Through every adverse hour<br/>And take possession<br/>As we pass along</lines>
    </verse>
    <verse name="v5">
      <lines>Yes all is for us<br/>Nothing shall withstand<br/>Our faithful valiant<br/>Persevering claim<br/>The rod of God's<br/>Anointed in our hand<br/>And our assurance<br/>His unchanging name</lines>
    </verse>
    <verse name="v6">
      <lines>We need no haste<br/>Where He has said "Be still"<br/>No peace<br/>Where He has charged us<br/>To contend<br/>Only the fearless<br/>Love to do His will<br/>And to show forth<br/>His honor to the end</lines>
    </verse>
    <verse name="v7">
      <lines>O ye that faint and die<br/>Arise and live<br/>Sing ye that all things<br/>Have a charge to bless<br/>If He is faithful<br/>Who hath sworn to give<br/>Then be ye also faithful<br/>And possess</lines>
    </verse>
    <verse name="v8">
      <lines>Take thy whole portion<br/>With thy Master's mind<br/>Toil hinderance hardness<br/>With His virtue take<br/>And think how short<br/>A time thy heart may find<br/>To labor or to suffer<br/>For His sake</lines>
    </verse>
  </lyrics>
</song>
