<?xml version='1.0' encoding='UTF-8'?>
<song xmlns="http://openlyrics.info/namespace/2009/song" version="0.8" createdIn="OpenLP 3.1.1" modifiedIn="OpenLP 3.1.1" modifiedDate="2023-01-09T20:17:42">
  <properties>
    <titles>
      <title>747 Christ From Whom All Blessings Flow (easy nice</title>
    </titles>
    <authors>
      <author>Author Unknown</author>
    </authors>
  </properties>
  <lyrics>
    <verse name="v1">
      <lines>Christ from whom all blessings flow<br/>Perfecting the saints below<br/>Hear us who Thy nature share<br/>Who Thy mystic body are</lines>
    </verse>
    <verse name="v2">
      <lines>Join us in one spirit join<br/>Let us still receive of Thine<br/>Still for more on Thee we call<br/>Thou who fillest all in all</lines>
    </verse>
    <verse name="v3">
      <lines>Move and actuate and guide<br/>Diverse gifts to each divide<br/>Place according to Thy will<br/>Let us all our work fulfill</lines>
    </verse>
    <verse name="v4">
      <lines>Sweetly may we all agree<br/>Touched with softest sympathy<br/>Kindly for each other care<br/>Every member feel its share</lines>
    </verse>
    <verse name="v5">
      <lines>Never from Thy service move<br/>Needful to each other prove<br/>Use the grace on each bestowed<br/>Tempered by the art of God</lines>
    </verse>
    <verse name="v6">
      <lines>Many are we now and one<br/>We who Jesus have put on<br/>There is neither bond nor free<br/>Male nor female Lord in Thee</lines>
    </verse>
    <verse name="v7">
      <lines>Love like death hath all destroyed<br/>Rendered all distinctions void<br/>Names and sects and parties fall<br/>Thou O Christ art all in all</lines>
    </verse>
  </lyrics>
</song>
