<?xml version='1.0' encoding='UTF-8'?>
<song xmlns="http://openlyrics.info/namespace/2009/song" version="0.8" createdIn="OpenLP 3.1.1" modifiedIn="OpenLP 3.1.1" modifiedDate="2023-01-09T20:17:42">
  <properties>
    <titles>
      <title>749 Blest Be the Tie That Binds (hymn of the churc</title>
    </titles>
    <authors>
      <author>Author Unknown</author>
    </authors>
  </properties>
  <lyrics>
    <verse name="v1">
      <lines>Blest be the tie binds<br/>Our hearts in Christian love<br/>The fellowship of kindred minds<br/>Is like to that above</lines>
    </verse>
    <verse name="v2">
      <lines>Before our Father's throne<br/>We pour our ardent pray'rs<br/>Our fears our hopes our aims are one<br/>Our comforts and our cares</lines>
    </verse>
    <verse name="v3">
      <lines>We share our mutual woes<br/>Our mutual burdens bear<br/>And often for each other flows<br/>The sympathizing tear</lines>
    </verse>
    <verse name="v4">
      <lines>When we asunder part<br/>It gives us inward pain<br/>But we shall still be joined in heart<br/>And hope to meet again</lines>
    </verse>
    <verse name="v5">
      <lines>From sorrow toil and pain<br/>And sin we shall be free<br/>And perfect love and oneness reign<br/>Through all eternity</lines>
    </verse>
  </lyrics>
</song>
