<?xml version='1.0' encoding='UTF-8'?>
<song xmlns="http://openlyrics.info/namespace/2009/song" version="0.8" createdIn="OpenLP 3.1.1" modifiedIn="OpenLP 3.1.1" modifiedDate="2023-01-09T20:17:42">
  <properties>
    <titles>
      <title>750 Head Of The Church Triumphant (easy very nice</title>
    </titles>
    <authors>
      <author>Author Unknown</author>
    </authors>
  </properties>
  <lyrics>
    <verse name="v1">
      <lines>Head of the church triumphant<br/>We joyfully adore Thee<br/>Till Thou appear Thy members here<br/>Would sing like those in glory<br/>We lift our hearts and voices<br/>In blest anticipation<br/>And cry aloud and give to God<br/>The praise of our salvation</lines>
    </verse>
    <verse name="v2">
      <lines>While in affliction's furnace<br/>And passing through the fire<br/>The love we praise<br/>Which tries our ways<br/>And ever brings us nigher<br/>We lift our hearts exulting<br/>In Thine almighty favor<br/>The love divine which made us Thine<br/>Shall keep us Thine forever</lines>
    </verse>
    <verse name="v3">
      <lines>Thou dost conduct Thy people<br/>Safely through all temptations<br/>Nor will we fear since Thou art near<br/>The fire of tribulation<br/>The world with sin and Satan<br/>Display their strength before us<br/>By Thee we shall break through them all<br/>And join the heav'nly chorus</lines>
    </verse>
    <verse name="v4">
      <lines>By faith we see the glory<br/>Of which Thou dost assure us<br/>The world despise for that high prize<br/>Which Thou hast set before us<br/>And may we counted worthy<br/>To meet the Son from heaven<br/>There see our Lord by all adored<br/>To us in glory given</lines>
    </verse>
  </lyrics>
</song>
