<?xml version='1.0' encoding='UTF-8'?>
<song xmlns="http://openlyrics.info/namespace/2009/song" version="0.8" createdIn="OpenLP 3.1.1" modifiedIn="OpenLP 3.1.1" modifiedDate="2023-01-09T20:17:43">
  <properties>
    <titles>
      <title>757 All Praise To Our Redeeming Lord (easy familia</title>
    </titles>
    <copyright>© Words: Public Domain &#13;
Music: Public Domain</copyright>
    <ccliNo>178962</ccliNo>
    <authors>
      <author>Alexander Robert Reinagle | Carl Gotthelf Glaser |</author>
    </authors>
  </properties>
  <lyrics>
    <verse name="v1">
      <lines>All praise to our redeeming Lord<br/>Who joins us by His grace<br/>And bids us each to each restored<br/>Together seek His face<br/>Together seek His face</lines>
    </verse>
    <verse name="v2">
      <lines>He bids us build each other up<br/>And gathered into one<br/>To our high calling's glorious hope<br/>We hand in hand go on<br/>We hand in hand go on</lines>
    </verse>
    <verse name="v3">
      <lines>The gift which He on one bestows<br/>We all delight to prove<br/>The grace through every vessel flows<br/>In purest streams of love<br/>In purest streams of love</lines>
    </verse>
    <verse name="v4">
      <lines>We all partake the joy of one<br/>The common peace we feel<br/>A peace to worldly minds unknown<br/>A joy unspeakable<br/>A joy unspeakable</lines>
    </verse>
    <verse name="v5">
      <lines>And if our fellowship below<br/>In Jesus be so sweet<br/>What height of rapture shall we know<br/>When 'round His throne we meet<br/>When 'round His throne we meet</lines>
    </verse>
  </lyrics>
</song>
