<?xml version='1.0' encoding='UTF-8'?>
<song xmlns="http://openlyrics.info/namespace/2009/song" version="0.8" createdIn="OpenLP 3.1.1" modifiedIn="OpenLP 3.1.1" modifiedDate="2023-01-09T20:17:43">
  <properties>
    <titles>
      <title>758 Jesus Where'er Thy People Meet (takes work, tu</title>
    </titles>
    <authors>
      <author>Author Unknown</author>
    </authors>
  </properties>
  <lyrics>
    <verse name="v1">
      <lines>Jesus wheree're Thy people meet<br/>There they behold Thy mercy seat<br/>Were e're they seek Thee<br/>Thou art found<br/>And every place is hallowed ground</lines>
    </verse>
    <verse name="v2">
      <lines>For Thou within no walls confined<br/>Inhabitest the humble mind<br/>Such ever bring Thee where they come<br/>And going take Thee to their home</lines>
    </verse>
    <verse name="v3">
      <lines>Dear Shepherd of Thy chosen few<br/>Thy former mercies here renew<br/>Here to our waiting hearts proclaim<br/>The sweetness of Thy saving Name</lines>
    </verse>
    <verse name="v4">
      <lines>Here may we prove the power of prayer<br/>To strengthen faith and sweeten care<br/>To teach our faint desires to rise<br/>And bring all heaven before our eyes</lines>
    </verse>
    <verse name="v5">
      <lines>Lord we are few but Thou art near<br/>Nor short Thine arm nor deaf Thine ear<br/>Oh rend the heavens come quickly down<br/>And make our waiting hearts Thine own</lines>
    </verse>
  </lyrics>
</song>
