<?xml version='1.0' encoding='UTF-8'?>
<song xmlns="http://openlyrics.info/namespace/2009/song" version="0.8" createdIn="OpenLP 3.1.1" modifiedIn="OpenLP 3.1.1" modifiedDate="2023-01-09T20:17:43">
  <properties>
    <titles>
      <title>763 Oh Holy Spirit Dove Divine (easy familiar tune</title>
    </titles>
    <authors>
      <author>Author Unknown</author>
    </authors>
  </properties>
  <lyrics>
    <verse name="v1">
      <lines>Oh Holy Spirit Dove divine<br/>On these baptismal waters shine<br/>And teach our hearts in highest strain<br/>To praise the Lamb for sinners slain</lines>
    </verse>
    <verse name="v2">
      <lines>We love Thy name we love Thy laws<br/>And joyfully embrace Thy cause<br/>We love Thy cross the shame the pain<br/>O Lamb of God for sinners slain</lines>
    </verse>
    <verse name="v3">
      <lines>We sink beneath the water's face<br/>And thank Thee for Thy saving grace<br/>We die to sin and seek a grave<br/>With Thee beneath the yielding wave</lines>
    </verse>
    <verse name="v4">
      <lines>And as we rise with Thee to live<br/>O let the Holy Spirit give<br/>The sealing unction from above<br/>The joy of life the fire of love</lines>
    </verse>
  </lyrics>
</song>
