<?xml version='1.0' encoding='UTF-8'?>
<song xmlns="http://openlyrics.info/namespace/2009/song" version="0.8" createdIn="OpenLP 3.1.1" modifiedIn="OpenLP 3.1.1" modifiedDate="2023-01-09T20:17:43">
  <properties>
    <titles>
      <title>807 You Must Be Born Again (easy nice)</title>
    </titles>
    <verseOrder>v1 c1 v2 c1 v3 c1</verseOrder>
    <authors>
      <author>Author Unknown</author>
    </authors>
  </properties>
  <lyrics>
    <verse name="v1">
      <lines>A ruler once came<br/>To Jesus by night<br/>To ask Him the way<br/>Of salvation and light<br/>The Master made answer<br/>In words true and plain<br/>You must be born again</lines>
    </verse>
    <verse name="c1">
      <lines>You must be born again<br/>You must be born again<br/>I verily verily say unto you<br/>You must be born again</lines>
    </verse>
    <verse name="v2">
      <lines>You children of men<br/>Attend to the word<br/>So solemnly uttered<br/>By Jesus the Lord<br/>And let not this message<br/>To you be in vain<br/>You must be born again</lines>
    </verse>
    <verse name="v3">
      <lines>O you who would enter<br/>That glorious rest<br/>And sing with the ransomed<br/>The song of the blest<br/>The life everlasting<br/>If you would obtain<br/>You must be born again</lines>
    </verse>
  </lyrics>
</song>
