<?xml version='1.0' encoding='UTF-8'?>
<song xmlns="http://openlyrics.info/namespace/2009/song" version="0.8" createdIn="OpenLP 3.1.1" modifiedIn="OpenLP 3.1.1" modifiedDate="2023-01-09T20:17:43">
  <properties>
    <titles>
      <title>808 Burdens Are Lifted At Calvary (easy nice)</title>
    </titles>
    <verseOrder>v1 c1 v2 c1 v3 c1</verseOrder>
    <authors>
      <author>Author Unknown</author>
    </authors>
  </properties>
  <lyrics>
    <verse name="v1">
      <lines>Days are filled with sorrow and care<br/>Hearts are lonely and drear<br/>Burdens are lifted at Calvary<br/>Jesus is very near</lines>
    </verse>
    <verse name="c1a">
      <lines>Burdens are lifted at Calvary<br/>Calvary Calvary<br/>Burdens are lifted at Calvary<br/>Jesus is very near</lines>
    </verse>
    <verse name="v2">
      <lines>Cast your care on Jesus today<br/>Leave your worry and fear<br/>Burdens are lifted at Calvary<br/>Jesus is very near</lines>
    </verse>
    <verse name="v3">
      <lines>Troubled soul the Savior can see<br/>Every heart-ache and tear<br/>Burdens are lifted at Calvary<br/>Jesus is very near</lines>
    </verse>
    <verse name="c1b">
      <lines>CCLI Song # 13900</lines>
    </verse>
  </lyrics>
</song>
