<?xml version='1.0' encoding='UTF-8'?>
<song xmlns="http://openlyrics.info/namespace/2009/song" version="0.8" createdIn="OpenLP 3.1.1" modifiedIn="OpenLP 3.1.1" modifiedDate="2023-01-09T20:17:43">
  <properties>
    <titles>
      <title>813 Only Trust Him (easy nice)</title>
    </titles>
    <verseOrder>v1 c1 v2 c1 v3 c1 v4 c1</verseOrder>
    <authors>
      <author>Author Unknown</author>
    </authors>
  </properties>
  <lyrics>
    <verse name="v1">
      <lines>Come ev'ry soul by sin oppressed<br/>There's mercy with the Lord<br/>And He will surely give you rest<br/>By trusting in His Word</lines>
    </verse>
    <verse name="c1a">
      <lines>Only trust Him only trust Him<br/>Only trust Him now<br/>He will save you<br/>He will save you<br/>He will save you now</lines>
    </verse>
    <verse name="v2">
      <lines>For Jesus shed His precious blood<br/>Rich blessings to bestow<br/>Plunge now into the crimson flood<br/>That washes white as snow</lines>
    </verse>
    <verse name="v3">
      <lines>Yes Jesus is the truth the way<br/>That leads you into rest<br/>Believe in Him without delay<br/>And you are fully blest</lines>
    </verse>
    <verse name="v4">
      <lines>Come then and join this holy band<br/>And on to glory go<br/>To dwell in that celestial land<br/>Where joys immortal flow</lines>
    </verse>
    <verse name="c1b">
      <lines>CCLI Song # 23134</lines>
    </verse>
  </lyrics>
</song>
