<?xml version='1.0' encoding='UTF-8'?>
<song xmlns="http://openlyrics.info/namespace/2009/song" version="0.8" createdIn="OpenLP 3.1.1" modifiedIn="OpenLP 3.1.1" modifiedDate="2023-01-09T20:17:43">
  <properties>
    <titles>
      <title>815 Seeking For Me (easy nice)</title>
    </titles>
    <verseOrder>v1 c1 v2 v3 c1 v4 c1</verseOrder>
    <authors>
      <author>Author Unknown</author>
    </authors>
  </properties>
  <lyrics>
    <verse name="v1">
      <lines>Jesus my Savior to Bethlehem came<br/>Born in a manger to sorrow and shame<br/>Oh it was wonderful blest be His name<br/>Seeking for me for me</lines>
    </verse>
    <verse name="c1a">
      <lines>Seeking for me for me<br/> (seeking for me)<br/>Seeking for me for me<br/> (seeking for me)<br/>Oh it was wonderful blest be His name<br/>Seeking for me for me</lines>
    </verse>
    <verse name="v2">
      <lines>Jesus my Savior on Calvary's tree<br/>Paid the great debt and my soul He set free<br/>Oh it was wonderful - how could it be<br/>Dying for me for me</lines>
    </verse>
    <verse name="c1b">
      <lines>Seeking for me for me<br/> (seeking for me)<br/>Seeking for me for me<br/> (seeking for me)<br/>Oh it was wonderful blest be His name<br/>Seeking for me for me</lines>
    </verse>
    <verse name="v3">
      <lines>Jesus my Savior the same as of old<br/>While I was wand'ring afar from the fold<br/>Gently and long did He plead with my soul<br/>Calling for me for me</lines>
    </verse>
    <verse name="v4">
      <lines>Jesus my Savior shall come from on high<br/>Sweet is the promise as weary years fly<br/>Oh I shall see Him descend from the sky<br/>Coming for me for me</lines>
    </verse>
  </lyrics>
</song>
