<?xml version='1.0' encoding='UTF-8'?>
<song xmlns="http://openlyrics.info/namespace/2009/song" version="0.8" createdIn="OpenLP 3.1.1" modifiedIn="OpenLP 3.1.1" modifiedDate="2023-01-09T20:17:43">
  <properties>
    <titles>
      <title>836 Into My Heart (verse takes a little work)</title>
    </titles>
    <verseOrder>v1 c1 v2 c1 v3 c1</verseOrder>
    <authors>
      <author>Author Unknown</author>
    </authors>
  </properties>
  <lyrics>
    <verse name="v1">
      <lines>Come into my heart<br/>O Lord Jesus<br/>Come into my heart I pray<br/>My soul is so troubled<br/>And weary<br/>Come into my heart today</lines>
    </verse>
    <verse name="c1">
      <lines>Into my heart<br/>Into my heart<br/>Come into my heart Lord Jesus<br/>Come in today<br/>Come in to stay<br/>Come into my heart Lord Jesus</lines>
    </verse>
    <verse name="v2">
      <lines>Come into my heart<br/>O Lord Jesus<br/>I need Thee through<br/>Life's dreary way<br/>The burden of sin is so heavy<br/>Come into my heart to stay</lines>
    </verse>
    <verse name="v3">
      <lines>Come into my<br/>O Lord Jesus<br/>Now cleanse<br/>And illumine my soul<br/>Fill me<br/>With Thy wonderful Spirit<br/>Come in and take full control</lines>
    </verse>
  </lyrics>
</song>
