<?xml version='1.0' encoding='UTF-8'?>
<song xmlns="http://openlyrics.info/namespace/2009/song" version="0.8" createdIn="OpenLP 3.1.1" modifiedIn="OpenLP 3.1.1" modifiedDate="2023-01-09T20:17:43">
  <properties>
    <titles>
      <title>848 Children Of The Heavenly King (easy nice</title>
    </titles>
    <authors>
      <author>Author Unknown</author>
    </authors>
  </properties>
  <lyrics>
    <verse name="v1">
      <lines>Children of the heav'nly King<br/>As ye journey sweetly sing<br/>Sing your Savior's worthy praise<br/>Glorious in His works and ways</lines>
    </verse>
    <verse name="v2">
      <lines>We are trav'ling home to God<br/>In the way the fathers trod<br/>They are happy now and we<br/>Soon their happiness shall see</lines>
    </verse>
    <verse name="v3">
      <lines>Shout ye little flock and blest<br/>You on Jesus' throne shall rest<br/>There your seat is now prepared<br/>There your kingdom and reward</lines>
    </verse>
    <verse name="v4">
      <lines>Lift your eyes ye sons of light<br/>Zion's city is in sight<br/>There our endless home shall be<br/>There our Lord we soon shall see</lines>
    </verse>
    <verse name="v5">
      <lines>Fear not brethren joyful stand<br/>On the borders of your land<br/>Jesus Christ your Father's Son<br/>Bids you undismayed go on</lines>
    </verse>
    <verse name="v6">
      <lines>Lord obediently we go<br/>Gladly leaving all below<br/>Only Thou our Leader be<br/>And we still will follow Thee</lines>
    </verse>
  </lyrics>
</song>
