<?xml version='1.0' encoding='UTF-8'?>
<song xmlns="http://openlyrics.info/namespace/2009/song" version="0.8" createdIn="OpenLP 3.1.1" modifiedIn="OpenLP 3.1.1" modifiedDate="2023-01-09T20:17:43">
  <properties>
    <titles>
      <title>863 No More In Earthen Vessels</title>
    </titles>
    <authors>
      <author>Author Unknown</author>
    </authors>
  </properties>
  <lyrics>
    <verse name="v1">
      <lines>No more in earthen vessels<br/>God's treasure shall then be,<br/>But in unclouded beauty<br/>Thou, Lord, wilt shine through me.</lines>
    </verse>
    <verse name="v2">
      <lines>Afar through that gold vessel<br/>God's glory shineth bright;<br/>There'll be no need of sunshine,<br/>For God will be the light.</lines>
    </verse>
    <verse name="v3">
      <lines>With Christ, the Stone most precious,<br/>God's city shall be fair;<br/>And He shall shine as jasper<br/>In cloudless glory there.</lines>
    </verse>
    <verse name="v4">
      <lines>Undimmed in that great vessel,<br/>The glory of that light,<br/>Illum'ning with its fullness<br/>The earth in radiance bright.</lines>
    </verse>
    <verse name="v5">
      <lines>All in His new creation<br/>God's glory there shall see;<br/>The vessel for that shining<br/>The Lamb's own Bride shall be.</lines>
    </verse>
    <verse name="v6">
      <lines>A golden vessel glorious,<br/>That all who see adore<br/>God in the Lamb in glory<br/>Expressed forevermore.</lines>
    </verse>
  </lyrics>
</song>
