<?xml version='1.0' encoding='UTF-8'?>
<song xmlns="http://openlyrics.info/namespace/2009/song" version="0.8" createdIn="OpenLP 3.1.1" modifiedIn="OpenLP 3.1.1" modifiedDate="2023-01-09T20:17:43">
  <properties>
    <titles>
      <title>866 We May Not Die , But Rise</title>
    </titles>
    <authors>
      <author>Author Unknown</author>
    </authors>
  </properties>
  <lyrics>
    <verse name="v1">
      <lines>(Tune: Oh Abide in Me)<br/>verse1<br/>We may not die,<br/>but rise and meet the Lord!<br/>This blessed hope, God show us in His Word;<br/>The Spirit makes<br/>It plain to us His own-<br/>He'll catch us from this world to His own throne</lines>
    </verse>
    <verse name="v2">
      <lines>We may not die,<br/>but rise and meet the Lord!<br/>Oh, the bright glory<br/>These few words afford!<br/>Changed instantly,<br/>The twinkling of an eye,<br/>And see Thee face to face,<br/>Our Lord for aye!</lines>
    </verse>
    <verse name="v3">
      <lines>Some shall not die,<br/>But rise and meet the Lord,<br/>O precious promise!<br/>Faithful, true, and good!<br/>Although we do not<br/>Know the day or hour,<br/>We know that He Himself<br/>Shall come in power.</lines>
    </verse>
    <verse name="v4">
      <lines>We may not die,<br/>Then let us more pure be,<br/>Cut off each sin,<br/>Unseen, or that men see,<br/>This world is passing,<br/>Heaven will quickly come,<br/>Then let us day by day be more like Him!</lines>
    </verse>
    <verse name="v5">
      <lines>We shall arise,<br/>And meet Him in the air!<br/>Then let us not<br/>Entangled be down here!<br/>We look for Christ!<br/>We do not look for death!<br/>Our hope at any hour,<br/>To leave this earth.</lines>
    </verse>
    <verse name="v6">
      <lines>We shall arise,<br/>And to our Lord ascend,<br/>When His victorious<br/>Shout the air shall rend!<br/>O come! Lord Jesus<br/>Come!<br/>His saints now cry,<br/>Come quickly!<br/>So, we e'er shall be with Thee.</lines>
    </verse>
  </lyrics>
</song>
