<?xml version='1.0' encoding='UTF-8'?>
<song xmlns="http://openlyrics.info/namespace/2009/song" version="0.8" createdIn="OpenLP 3.1.1" modifiedIn="OpenLP 3.1.1" modifiedDate="2023-01-09T20:17:44">
  <properties>
    <titles>
      <title>Alive Alive</title>
    </titles>
    <copyright>2002 Agnes Day Music, Administered by Singleton Productions, Inc.</copyright>
    <ccliNo>4595881</ccliNo>
    <authors>
      <author>Bob Singleton</author>
    </authors>
  </properties>
  <lyrics>
    <verse name="c1a">
      <lines>Alive alive alive forevermore<br/>My Jesus is alive alive forevermore<br/>Alive alive alive forevermore<br/>My Jesus is alive</lines>
    </verse>
    <verse name="c1b">
      <lines>Misc 1<br/>ENDING<br/>Sing hallelujah sing hallelujah<br/>My Jesus is alive forevermore<br/>Sing hallelujah sing hallelujah<br/>My Jesus is alive<br/>Jesus He is alive Jesus is alive</lines>
    </verse>
  </lyrics>
</song>
