<?xml version='1.0' encoding='UTF-8'?>
<song xmlns="http://openlyrics.info/namespace/2009/song" version="0.8" createdIn="OpenLP 3.1.1" modifiedIn="OpenLP 3.1.1" modifiedDate="2023-01-10T01:50:41">
  <properties>
    <titles>
      <title>Amazing Grace (My Chains Are Gone)</title>
    </titles>
    <verseOrder>v1 v2 c1 v3 c1 o1</verseOrder>
    <authors>
      <author>Author Unknown</author>
    </authors>
  </properties>
  <lyrics>
    <verse name="v1">
      <lines>Amazing grace how sweet the sound<br/>That saved a wretch like me<br/>I once was lost, but now I'm found<br/>Was blind, but now I see</lines>
    </verse>
    <verse name="v2">
      <lines>'Twas grace that taught my heart to fear<br/>And grace my fears relieved<br/>How precious did that grace appear<br/>The hour I first believed <br/>(chorus)</lines>
    </verse>
    <verse name="c1">
      <lines>My chains are gone<br/>I've been set free<br/>My God, My Savior has ransomed me<br/>And like a flood His mercy rains<br/>Unending love, Amazing grace</lines>
    </verse>
    <verse name="v3">
      <lines>The Lord has promised good to me<br/>His word my hope secures<br/>He will my shield and portion be<br/>As long as life endures<br/>(chorus)</lines>
    </verse>
    <verse name="o1">
      <lines>(optional chorus)<br/>The earth shall soon dissolve like snow<br/>The sun forbear to shine<br/>But God, Who called me here below<br/>Will be forever mine<br/>Will be forever mine<br/>You are forever mine</lines>
    </verse>
  </lyrics>
</song>
