<?xml version='1.0' encoding='UTF-8'?>
<song xmlns="http://openlyrics.info/namespace/2009/song" version="0.8" createdIn="OpenLP 3.1.1" modifiedIn="OpenLP 3.1.1" modifiedDate="2023-01-10T01:47:04">
  <properties>
    <titles>
      <title>Amazing Grace</title>
    </titles>
    <authors>
      <author type="words">John Newton</author>
    </authors>
  </properties>
  <lyrics>
    <verse name="v1">
      <lines>E<br/>Amazing grace how Sweet the sound<br/>That saved a wretch like me<br/>I once was lost but Now am found<br/>Was blind but now I see</lines>
    </verse>
    <verse name="v2">
      <lines>'Twas grace that taught My heart to fear<br/>And grace my fears relieved<br/>How precious did that Grace appear<br/>The hour I first believed</lines>
    </verse>
    <verse name="v3">
      <lines>The Lord hath promised Good to me<br/>His word my hope secures<br/>He will my shield And portion be<br/>As long as life endures</lines>
    </verse>
    <verse name="v4">
      <lines>Through many dangers Toils and snares<br/>I have already come<br/>'Tis grace hath brought Me safe thus far<br/>And grace will lead me home</lines>
    </verse>
    <verse name="v5a">
      <lines>When we've been there Ten thousand years<br/>Bright shining as the sun<br/>We've no less days to Sing God's praise<br/>Than when we'd first begun</lines>
    </verse>
    <verse name="v5b">
      <lines>Praise God</lines>
    </verse>
  </lyrics>
</song>
