<?xml version='1.0' encoding='UTF-8'?>
<song xmlns="http://openlyrics.info/namespace/2009/song" version="0.8" createdIn="OpenLP 3.1.1" modifiedIn="OpenLP 3.1.1" modifiedDate="2023-01-09T15:33:04">
  <properties>
    <titles>
      <title>Angel Voices Ever Singing</title>
    </titles>
    <authors>
      <author>Francis Pott</author>
    </authors>
  </properties>
  <lyrics>
    <verse name="v1">
      <lines>Angel voices ever singing<br/>Round Thy throne of light,<br/>Angel harps forever ringing,<br/>Rest not day nor night;</lines>
    </verse>
    <verse name="v2">
      <lines>Thousands only live to bless Thee,<br/>And confess Thee<br/>Lord of might.</lines>
    </verse>
    <verse name="v3">
      <lines>Thou who art beyond the farthest<br/>Mortal eye can scan,<br/>Can it be that Thou regardest<br/>Songs of sinful man?</lines>
    </verse>
    <verse name="v4">
      <lines>Can we know that Thou art near us<br/>And wilt hear us?<br/>Yes, we can.</lines>
    </verse>
    <verse name="v5">
      <lines>Yes, we know that Thou rejoicest<br/>O’er each work of Thine;<br/>Thou didst ears and hands and voices<br/>For Thy praise design;</lines>
    </verse>
    <verse name="v6">
      <lines>Craftsman’s art and music’s measure<br/>For Thy pleasure<br/>All combine.</lines>
    </verse>
    <verse name="v7">
      <lines>In Thy house, great God, we offer<br/>Of Thine own to Thee,<br/>And for Thine acceptance proffer,<br/>All unworthily,</lines>
    </verse>
    <verse name="v8">
      <lines>Hearts and minds and hands and voices<br/>In our choicest<br/>Psalmody.</lines>
    </verse>
    <verse name="v9">
      <lines>Honour, glory, might, and merit<br/>Thine shall ever be,<br/>Father, Son, and Holy Spirit,<br/>Blessed Trinity.</lines>
    </verse>
    <verse name="v10">
      <lines>Of the best that Thou hast given<br/>Earth and heaven<br/>Render Thee.</lines>
    </verse>
  </lyrics>
</song>
