<?xml version='1.0' encoding='UTF-8'?>
<song xmlns="http://openlyrics.info/namespace/2009/song" version="0.8" createdIn="OpenLP 3.1.1" modifiedIn="OpenLP 3.1.1" modifiedDate="2023-01-10T02:08:33">
  <properties>
    <titles>
      <title>At The Name Of Jesus</title>
    </titles>
    <copyright>Public Domain, Administered by CCLI Administration Account</copyright>
    <ccliNo>956249</ccliNo>
    <authors>
      <author>Caroline Maria Noel</author>
      <author>Chretien Durhan</author>
    </authors>
  </properties>
  <lyrics>
    <verse name="v1">
      <lines>F<br/>At the name of Jesus every knee shall bow<br/>Every tongue confess Him King of glory now<br/>'Tis the Father's pleasure<br/>That we shall call Him Lord</lines>
    </verse>
    <verse name="v2">
      <lines>Who from the beginning was the mighty word<br/>His name shall be the Counselor<br/>The mighty Prince of Peace<br/>Of all earth's kingdoms Conqueror<br/>Whose reign shall never cease</lines>
    </verse>
  </lyrics>
</song>
