<?xml version='1.0' encoding='UTF-8'?>
<song xmlns="http://openlyrics.info/namespace/2009/song" version="0.8" createdIn="OpenLP 3.1.1" modifiedIn="OpenLP 3.1.1" modifiedDate="2023-01-09T15:33:05">
  <properties>
    <titles>
      <title>Be Known to us in Breaking Bread</title>
    </titles>
    <authors>
      <author>James Montgomery</author>
    </authors>
  </properties>
  <lyrics>
    <verse name="v1">
      <lines>Be known to is breaking bread,<br/>But do not then depart;<br/>Saviour, abide with us, and spread<br/>Thy table in our heart.</lines>
    </verse>
    <verse name="v2">
      <lines>There sup with us in love divine;<br/>Thy body and Thy blood,<br/>That living bread, that heavenly wine,<br/>Be our immortal food.</lines>
    </verse>
    <verse name="v3">
      <lines>We would not live by bread alone,<br/>But by Thy word of grace,<br/>In strength of which we travel on<br/>To our abiding place.</lines>
    </verse>
  </lyrics>
</song>
