<?xml version='1.0' encoding='UTF-8'?>
<song xmlns="http://openlyrics.info/namespace/2009/song" version="0.8" createdIn="OpenLP 3.1.1" modifiedIn="OpenLP 3.1.1" modifiedDate="2023-01-09T20:17:44">
  <properties>
    <titles>
      <title>Be Thou Exalted O God</title>
    </titles>
    <copyright>1979 Sound III, Inc. / Universal - MCA Music Publishing, Administered by Universal - MCA Music Publishing / Unaffiliated Ad</copyright>
    <ccliNo>51797</ccliNo>
    <authors>
      <author>Daniel Gardner</author>
    </authors>
  </properties>
  <lyrics>
    <verse name="c1">
      <lines>Be Thou exalted O God<br/>Be Thou exalted O God<br/>Let Thy glory be above all the earth<br/>Be Thou exalted O God</lines>
    </verse>
  </lyrics>
</song>
