<?xml version='1.0' encoding='UTF-8'?>
<song xmlns="http://openlyrics.info/namespace/2009/song" version="0.8" createdIn="OpenLP 3.1.1" modifiedIn="OpenLP 3.1.1" modifiedDate="2023-01-10T02:16:30">
  <properties>
    <titles>
      <title>Behold Our God</title>
    </titles>
    <verseOrder>v1 c1 v2 c1 v3 c1 b1 c1</verseOrder>
    <authors>
      <author>Author Unknown</author>
    </authors>
  </properties>
  <lyrics>
    <verse name="v1">
      <lines>C<br/><br/>Who has held the oceans in his hands<br/>Who has numbered every grain of sand<br/>Kings and nations tremble at his voice<br/>All creation rises to rejoice</lines>
    </verse>
    <verse name="c1">
      <lines>Behold our God seated on His Throne<br/>Come let us adore Him<br/>Behold our King<br/>Nothing can compare<br/>Come let us adore Him</lines>
    </verse>
    <verse name="v2">
      <lines>Who has given counsel to the Lord<br/>Who can question any of His words<br/>Who can teach the one who knows all things<br/>Who can fathom all His wondrous deeds</lines>
    </verse>
    <verse name="v3">
      <lines>Who has felt the nails upon His hands<br/>Bearing all the guilt of sinful man<br/>God eternal - humbled to the grave<br/>Jesus - Savior - risen now to reign</lines>
    </verse>
    <verse name="b1">
      <lines>You will reign forever<br/> sisters echo: Let your glory fill the earth<br/>repeat x4</lines>
    </verse>
  </lyrics>
</song>
