<?xml version='1.0' encoding='UTF-8'?>
<song xmlns="http://openlyrics.info/namespace/2009/song" version="0.8" createdIn="OpenLP 3.1.1" modifiedIn="OpenLP 3.1.1" modifiedDate="2023-01-10T02:24:22">
  <properties>
    <titles>
      <title>Blessed Be The Lord God</title>
    </titles>
    <copyright>1972 Scripture In Song, Administered by Integrity Music, Inc.</copyright>
    <verseOrder>v1 v2 v3 v4 v2</verseOrder>
    <ccliNo>37670</ccliNo>
    <authors>
      <author>Shirley Powell</author>
    </authors>
  </properties>
  <lyrics>
    <verse name="v1">
      <lines>D<br/><br/>Blessed be the Lord God,<br/>The God of Israel.<br/>Blessed be the Lord God,<br/>The God of Israel.</lines>
    </verse>
    <verse name="v2">
      <lines>Who only doeth wondrous things,<br/>Who only doeth wondrous things,<br/>blessed be Thy glorious name forever.</lines>
    </verse>
    <verse name="v3">
      <lines>Let the whole earth be filled<br/>With His glory, Amen,<br/>Amen, Amen, and Amen.</lines>
    </verse>
    <verse name="v4">
      <lines>Blessed be the Lord God,<br/>The God of Israel.<br/>Blessed be the Lord God<br/>The God of Israel.</lines>
    </verse>
  </lyrics>
</song>
