<?xml version='1.0' encoding='UTF-8'?>
<song xmlns="http://openlyrics.info/namespace/2009/song" version="0.8" createdIn="OpenLP 3.1.1" modifiedIn="OpenLP 3.1.1" modifiedDate="2023-01-09T20:17:44">
  <properties>
    <titles>
      <title>Blindman</title>
    </titles>
    <copyright>1972 Yohann Anderson, Administered by Songs And Creations, Inc.</copyright>
    <ccliNo>428588</ccliNo>
    <authors>
      <author>Yohann Anderson</author>
    </authors>
  </properties>
  <lyrics>
    <verse name="v1">
      <lines>Blindman stood by the road and he cried (x3)<br/>He cried - Oh - Oh - Oh<br/>show me the way<br/>Show me the truth<br/>Show me the life and the way to go home</lines>
    </verse>
    <verse name="v2">
      <lines>Jesus hung on the cross and he died (x3)<br/>He died - Oh - Oh - Oh<br/>He is the way<br/>He is the truth<br/>He is the life and the way to go home</lines>
    </verse>
    <verse name="v3">
      <lines>Jesus clap,clap,clap,clap,clap<br/>(x3)<br/>Oh - Oh - Oh<br/>JESUS!</lines>
    </verse>
  </lyrics>
</song>
