<?xml version='1.0' encoding='UTF-8'?>
<song xmlns="http://openlyrics.info/namespace/2009/song" version="0.8" createdIn="OpenLP 3.1.1" modifiedIn="OpenLP 3.1.1" modifiedDate="2023-01-09T20:17:44">
  <properties>
    <titles>
      <title>Buried with Christ</title>
    </titles>
    <authors>
      <author>Author Unknown</author>
    </authors>
  </properties>
  <lyrics>
    <verse name="v1">
      <lines>Buried With Christ, and raised with Him too:<br/>What is then left for me to do?<br/>Simply to cease from struggling and strife;<br/>Simply to walk in newness of life.<br/>Glory be to God.</lines>
    </verse>
    <verse name="v2">
      <lines>Risen with Christ, my glorious Head,<br/>Holiness now, the pathway I tread,<br/>Beautiful thought, while walking therein;<br/>He that is dead is freed from sin.<br/>Glory be to God.</lines>
    </verse>
    <verse name="v3">
      <lines>Living with Christ, who dieth no more,<br/>Following Christ, who goeth before,<br/>I am from bondage utterly freed,<br/>Reckoning self as dead indeed.<br/>Glory be to God.</lines>
    </verse>
    <verse name="v4">
      <lines>Living for Christ, my members I yield,<br/>Servants to God, for evermore sealed,<br/>Not under law, I'm now under grace,<br/>Sin is dethroned, and Christ takes its place.<br/>Glory be to God.</lines>
    </verse>
    <verse name="v5">
      <lines>Growing in Christ; no more shall be named<br/>Things of which now I'm truly ashamed,<br/>Fruit unto holiness will I bear,<br/>Life evermore, the end I shall share.<br/>Glory be to God.</lines>
    </verse>
    <verse name="v6">
      <lines>by T. Ryder</lines>
    </verse>
  </lyrics>
</song>
