<?xml version='1.0' encoding='UTF-8'?>
<song xmlns="http://openlyrics.info/namespace/2009/song" version="0.8" createdIn="OpenLP 3.1.1" modifiedIn="OpenLP 3.1.1" modifiedDate="2023-01-09T20:17:45">
  <properties>
    <titles>
      <title>Eagle's Wings</title>
    </titles>
    <copyright>1998 Hillsong Publishing, Administered by Integrity Music, Inc.</copyright>
    <ccliNo>2478168</ccliNo>
    <authors>
      <author>Reuben Morgan</author>
    </authors>
  </properties>
  <lyrics>
    <verse name="v1">
      <lines>Here I am waiting<br/>Abide in me I pray<br/>Here I am longing for You<br/>Hide me in Your love<br/>Bring me to my knees<br/>May I know Jesus more and more</lines>
    </verse>
    <verse name="c1">
      <lines>Come live in me<br/>All my life take over<br/>Come breathe in me<br/>And I will rise<br/>On eagles' wings</lines>
    </verse>
  </lyrics>
</song>
