<?xml version='1.0' encoding='UTF-8'?>
<song xmlns="http://openlyrics.info/namespace/2009/song" version="0.8" createdIn="OpenLP 3.1.1" modifiedIn="OpenLP 3.1.1" modifiedDate="2023-01-10T02:59:37">
  <properties>
    <titles>
      <title>Everlasting</title>
    </titles>
    <authors>
      <author>Author Unknown</author>
    </authors>
  </properties>
  <lyrics>
    <verse name="p1">
      <lines>A<br/><br/>In my heart in my soul<br/>Lord I give You control<br/>Consume me from the inside out Lord<br/>Let justice and praise<br/>Become my embrace<br/>To love You from the inside out</lines>
    </verse>
    <verse name="c1">
      <lines>Everlasting<br/>Your light will shine when all else fades<br/>Never-ending<br/>Your glory goes beyond all fame<br/>And the cry of my heart<br/>Is to bring You praise<br/>From the inside out<br/>Lord my soul cries out</lines>
    </verse>
    <verse name="v1">
      <lines>A thousand times I've failed<br/>Still Your mercy remains<br/>And should I stumble again<br/>Still I'm caught in Your grace<br/>Everlasting<br/>Your light will shine when all else fades<br/>Never-ending<br/>Your glory goes beyond all fame</lines>
    </verse>
    <verse name="v2">
      <lines>Your will above all else<br/>My purpose remains<br/>The art of losing myself<br/>In bringing You praise<br/>Everlasting<br/>Your light will shine when all else fades<br/>Never-ending<br/>Your glory goes beyond all fame</lines>
    </verse>
  </lyrics>
</song>
