<?xml version='1.0' encoding='UTF-8'?>
<song xmlns="http://openlyrics.info/namespace/2009/song" version="0.8" createdIn="OpenLP 3.1.1" modifiedIn="OpenLP 3.1.1" modifiedDate="2023-01-10T03:00:37">
  <properties>
    <titles>
      <title>Exalt The Lord</title>
    </titles>
    <copyright>1977, 1980 Scripture In Song, Administered by Integrity Music, Inc.</copyright>
    <ccliNo>1321</ccliNo>
    <authors>
      <author>Rick Ridings</author>
    </authors>
  </properties>
  <lyrics>
    <verse name="v1">
      <lines>D<br/><br/>Exalt the Lord our God<br/>Exalt the Lord our God<br/>And worship at His footstool<br/>Worship at His footstool<br/>Holy is He<br/>Holy is He</lines>
    </verse>
  </lyrics>
</song>
