<?xml version='1.0' encoding='UTF-8'?>
<song xmlns="http://openlyrics.info/namespace/2009/song" version="0.8" createdIn="OpenLP 3.1.1" modifiedIn="OpenLP 3.1.1" modifiedDate="2023-01-10T03:06:33">
  <properties>
    <titles>
      <title>Fill All My Vision Savior I Pray</title>
    </titles>
    <verseOrder>v1 c1 v2 c1 v3 c1</verseOrder>
    <authors>
      <author>Author Unknown</author>
    </authors>
  </properties>
  <lyrics>
    <verse name="v1">
      <lines>Fill all my vision, Savior, I pray<br/>Let me see only Jesus today;<br/>Tho' thro' the valley Thou leadest me,<br/>Thy fadeless glory encompasseth me.</lines>
    </verse>
    <verse name="c1">
      <lines>Till with Thy glory my spirit shall shine.<br/> Fill all my vision, that all may see<br/> Thy Holy Image reflected in me.</lines>
    </verse>
    <verse name="v2">
      <lines> Fill all my vision, ev'ry desire<br/> Keep for Thy glory; My soul inspire<br/> With Thy perfection, Thy holy love<br/> Flooding my pathway with light from above.</lines>
    </verse>
    <verse name="v3">
      <lines> Fill all my vision, let naught of sin<br/> Shadow the brightness shining within<br/> Let me see only Thy blessed face,<br/> Feasting my soul on Thy infinite grace.</lines>
    </verse>
  </lyrics>
</song>
