<?xml version='1.0' encoding='UTF-8'?>
<song xmlns="http://openlyrics.info/namespace/2009/song" version="0.8" createdIn="OpenLP 3.1.1" modifiedIn="OpenLP 3.1.1" modifiedDate="2023-01-09T20:17:45">
  <properties>
    <titles>
      <title>Forward -  Be Our Watchword</title>
    </titles>
    <authors>
      <author>Author Unknown</author>
    </authors>
  </properties>
  <lyrics>
    <verse name="v1">
      <lines>"Forward" be our watchword<br/>Steps and voices joined;<br/>Seek the things before us,<br/>Not a look behind;<br/>Burns the fiery pillar<br/>At our army's head;<br/>Who shall dream of shrinking<br/>By Jehovah led?<br/>Forward through the desert<br/>Through the toil and fight;<br/>Jordan flows before us,<br/>Zion beams with light.</lines>
    </verse>
    <verse name="v2">
      <lines>Forward, flock of Jesus, <br/>Salt of all the earth,<br/>Till each yearning purpose <br/>Spring to glorious birth-<br/>Sick, they ask for healing; <br/>Blind, they grope for day;<br/>Pour upon the nations <br/>Wisdom's loving ray.<br/>Forward, out of error; <br/>Leave behind the night;<br/>Forward through the darkness<br/>Forward into light.</lines>
    </verse>
    <verse name="v3">
      <lines>Glories upon glories <br/>Hath our God prepared,<br/>By the souls that love Him <br/>One day to be shared;<br/>Eye hath not beheld them, <br/>Ear hath never heard;<br/>Nor of these hath uttered <br/>Thought or speech a word;<br/>Forward, marching eastward <br/>Where the heaven is bright,<br/>Till the veil be lifted, <br/>Till our faith be sight.</lines>
    </verse>
    <verse name="v4">
      <lines>Far o'er yon horizon <br/>Rise the city towers<br/>Where our God abideth; <br/>That fair home is ours;<br/>Flash the streets with jasper, <br/>Shine the gates with gold;<br/>Flows the gladdening river <br/>Shedding joys untold.<br/>Thither, onward thither <br/>In Jehovah's might:<br/>Pilgrims to your country, <br/>Forward into light.</lines>
    </verse>
  </lyrics>
</song>
