<?xml version='1.0' encoding='UTF-8'?>
<song xmlns="http://openlyrics.info/namespace/2009/song" version="0.8" createdIn="OpenLP 3.1.1" modifiedIn="OpenLP 3.1.1" modifiedDate="2023-01-09T20:17:45">
  <properties>
    <titles>
      <title>Glorious Freedom</title>
    </titles>
    <copyright>Public Domain</copyright>
    <ccliNo>31683</ccliNo>
    <authors>
      <author>Alfred Judson | Haldor Lillenas</author>
    </authors>
  </properties>
  <lyrics>
    <verse name="v1">
      <lines>Once I was bound by sin's galling fetters<br/>Chained like a slave<br/>I struggled in vain<br/>But I received a glorious freedom<br/>When Jesus broke my fetters in twain</lines>
    </verse>
    <verse name="c1">
      <lines>Glorious freedom wonderful freedom<br/>No more in chains of sin I repine<br/>Jesus the glorious emancipator<br/>Now and forever He shall be mine</lines>
    </verse>
    <verse name="v2">
      <lines>Freedom from fear with all of its torments<br/>Freedom from care with all of its pain<br/>Freedom in Christ my blessed Redeemer<br/>He who has rent my fetters in twain</lines>
    </verse>
    <verse name="c2">
      <lines>Glorious freedom wonderful freedom<br/>No more in chains of sin I repine<br/>Jesus the glorious emancipator<br/>Now and forever<br/>Now and forever<br/>Now and forever He shall be mine<br/>Be mine</lines>
    </verse>
  </lyrics>
</song>
