<?xml version='1.0' encoding='UTF-8'?>
<song xmlns="http://openlyrics.info/namespace/2009/song" version="0.8" createdIn="OpenLP 3.1.1" modifiedIn="OpenLP 3.1.1" modifiedDate="2023-01-09T15:33:05">
  <properties>
    <titles>
      <title>Good Christian Men Rejoice</title>
    </titles>
    <authors>
      <author>John Mason Neale</author>
    </authors>
  </properties>
  <lyrics>
    <verse name="v1">
      <lines>Good christian men, rejoice<br/>With heart and soul and voice;<br/>Give ye heed to what we say,<br/>Jesus Christ is born today;<br/>Ox and ass before Him bow,<br/>And He is in the manger now.<br/>Christ is born today;<br/>Christ is born today!</lines>
    </verse>
    <verse name="v2">
      <lines>Good Christian men, rejoice<br/>With heart and soul and voice;<br/>Now ye hear of endless bliss,<br/>Jesus Christ was born for this:<br/>He hath opened heaven’s door<br/>And man is blessed forever more.<br/>Christ was born for this;<br/>Christ was born for this!</lines>
    </verse>
    <verse name="v3">
      <lines>Good Christian men, rejoice<br/>With heart and soul and voice;<br/>Now ye need not fear the grave,<br/>Jesus Christ was born to save;<br/>Calls you one and calls you all<br/>To gain His everlasting hall.<br/>Christ was born to save;<br/>Christ was born to save!</lines>
    </verse>
  </lyrics>
</song>
