<?xml version='1.0' encoding='UTF-8'?>
<song xmlns="http://openlyrics.info/namespace/2009/song" version="0.8" createdIn="OpenLP 3.1.1" modifiedIn="OpenLP 3.1.1" modifiedDate="2023-01-10T03:30:30">
  <properties>
    <titles>
      <title>Good Good Father</title>
    </titles>
    <verseOrder>v1 c1 v2 c1 c1 b1 v3 c1 c1</verseOrder>
    <authors>
      <author>Author Unknown</author>
    </authors>
  </properties>
  <lyrics>
    <verse name="v1">
      <lines>E<br/><br/>I've heard a thousand stories<br/>Of what they think You're like<br/>But I've heard the tender whisper<br/>Of love in the dead of night<br/>You tell me that You're pleased<br/>And that I'm never alone</lines>
    </verse>
    <verse name="c1a">
      <lines>You're a good good Father<br/>It's who You are<br/>It's who You are<br/>It's who You are</lines>
    </verse>
    <verse name="c1b">
      <lines>And I'm loved by You<br/>It's who I am<br/>It's who I am<br/>It's who I am</lines>
    </verse>
    <verse name="v2">
      <lines>I've seen many searching<br/>For answers far and wide<br/>But I know we're all searching<br/>For answers only You provide<br/>'Cause You know just what we need<br/>Before we say a word</lines>
    </verse>
    <verse name="b1">
      <lines>You are perfect in all of Your ways<br/>You are perfect in all of Your ways<br/>You are perfect in all of Your ways to us<br/>(repeat)</lines>
    </verse>
    <verse name="v3">
      <lines>Love so undeniable<br/>I can hardly speak<br/>Peace so unexplainable<br/>I can hardly think<br/>As You call me deeper still<br/>As You call me deeper still<br/>As You call me deeper still<br/>Into love love love</lines>
    </verse>
  </lyrics>
</song>
