<?xml version='1.0' encoding='UTF-8'?>
<song xmlns="http://openlyrics.info/namespace/2009/song" version="0.8" createdIn="OpenLP 3.1.1" modifiedIn="OpenLP 3.1.1" modifiedDate="2023-01-10T03:32:31">
  <properties>
    <titles>
      <title>Great is the Lord, He is Holy and Just - C</title>
    </titles>
    <copyright>©1982 Meadowgreen Music Company, Administered by EMI Christian Music Publishing</copyright>
    <ccliNo>1149</ccliNo>
    <authors>
      <author>Michael W. Smith</author>
      <author>Deborah D. Smith</author>
    </authors>
  </properties>
  <lyrics>
    <verse name="v1">
      <lines>C<br/><br/>Great is the Lord,<br/>He is holy and just,<br/>By His power we trust in His love.</lines>
    </verse>
    <verse name="v2">
      <lines>Great is the Lord,<br/>He is faithful and true,<br/>By His mercy He proves He is God.</lines>
    </verse>
    <verse name="c1">
      <lines>Great is the Lord,<br/>and worthy of glory.<br/>Great is the Lord,<br/>and worthy of praise.</lines>
    </verse>
    <verse name="c2">
      <lines>Great is the Lord,<br/>Now lift up your voice,<br/>Now lift up your voice,<br/>Great is the Lord,<br/>Great is the Lord.</lines>
    </verse>
  </lyrics>
</song>
