<?xml version='1.0' encoding='UTF-8'?>
<song xmlns="http://openlyrics.info/namespace/2009/song" version="0.8" createdIn="OpenLP 3.1.1" modifiedIn="OpenLP 3.1.1" modifiedDate="2023-01-10T03:37:05">
  <properties>
    <titles>
      <title>Hallelujah Thine the Glory</title>
    </titles>
    <copyright>Public Domain, Administered by CCLI Administration Account</copyright>
    <verseOrder>v1 c1 v2 c1 v3 c1 v4 c1</verseOrder>
    <ccliNo>28232</ccliNo>
    <authors>
      <author>John Jenkins Husband</author>
      <author>William Paton MacKay</author>
    </authors>
  </properties>
  <lyrics>
    <verse name="v1">
      <lines>D<br/><br/>We praise Thee O God<br/>For the Son of Thy love<br/>For Jesus who died<br/>And is now gone above</lines>
    </verse>
    <verse name="c1">
      <lines>Hallelujah Thine the glory<br/>Hallelujah amen<br/>Hallelujah Thine the glory<br/>We praise Thee again</lines>
    </verse>
    <verse name="v2">
      <lines>We praise Thee O God<br/>For Thy Spirit of light<br/>Who has shown us our Savior<br/>And scattered our night</lines>
    </verse>
    <verse name="v3">
      <lines>All glory and praise<br/>To the Lamb that was slain<br/>Who has borne all our sins<br/>And has cleansed every stain</lines>
    </verse>
    <verse name="v4">
      <lines>Revive us again<br/>Fill each heart with Thy love<br/>May each soul be rekindled<br/>With fire from above</lines>
    </verse>
  </lyrics>
</song>
