<?xml version='1.0' encoding='UTF-8'?>
<song xmlns="http://openlyrics.info/namespace/2009/song" version="0.8" createdIn="OpenLP 3.1.1" modifiedIn="OpenLP 3.1.1" modifiedDate="2023-01-10T03:45:25">
  <properties>
    <titles>
      <title>He Hideth My Soul</title>
    </titles>
    <verseOrder>c1 v1 c2 v2 c2 v3 c2</verseOrder>
    <authors>
      <author>Author Unknown</author>
    </authors>
  </properties>
  <lyrics>
    <verse name="c1">
      <lines>Bb<br/><br/>A wonderful Savior is Jesus my Lord<br/>A wonderful Savior to me<br/>He hideth my soul<br/>In the cleft of the rock<br/>Where rivers of pleasure I see</lines>
    </verse>
    <verse name="v1">
      <lines>he hideth my soul in the cleft of the rock<br/>that shadows a dry thirsty land<br/>he hideth my soul in the depths of His love<br/>and covers me there with His hand<br/>and covers me there with His hand</lines>
    </verse>
    <verse name="c2">
      <lines>A wonderful Savior is Jesus my Lord<br/>He taketh my burden away<br/>He holdeth me up<br/>And I shall not be moved<br/>He giveth me strength as my day</lines>
    </verse>
    <verse name="v2">
      <lines>With numberless blessings<br/>Each moment He crowns<br/>And filled with His fullness divine<br/>I sing in my rapture oh glory to God<br/>For such a Redeemer as mine</lines>
    </verse>
    <verse name="v3">
      <lines>When clothed in His brightness<br/>Transported I rise<br/>To meet Him in clouds of the sky<br/>His perfect salvation<br/>His wonderful love<br/>I'll shout with the millions on high</lines>
    </verse>
  </lyrics>
</song>
