<?xml version='1.0' encoding='UTF-8'?>
<song xmlns="http://openlyrics.info/namespace/2009/song" version="0.8" createdIn="OpenLP 3.1.1" modifiedIn="OpenLP 3.1.1" modifiedDate="2023-01-09T20:17:46">
  <properties>
    <titles>
      <title>He Is Able to Do Exceeding Abundantly</title>
    </titles>
    <authors>
      <author>Author Unknown</author>
    </authors>
  </properties>
  <lyrics>
    <verse name="v1">
      <lines>D<br/>He is able to do exceeding abundantly<br/>above all we ask or think;<br/>He is able to do exceeding abundantly<br/>above all we ask or think,<br/>according to the power that worketh in us,<br/>according to the power that worketh in us.<br/>He is able to do exceeding abundantly<br/>above all we ask or think.</lines>
    </verse>
  </lyrics>
</song>
