<?xml version='1.0' encoding='UTF-8'?>
<song xmlns="http://openlyrics.info/namespace/2009/song" version="0.8" createdIn="OpenLP 3.1.1" modifiedIn="OpenLP 3.1.1" modifiedDate="2023-01-09T15:33:05">
  <properties>
    <titles>
      <title>He is Lord</title>
    </titles>
    <authors>
      <author>Author Unknown</author>
    </authors>
  </properties>
  <lyrics>
    <verse name="v1">
      <lines>He is Lord, He is Lord,<br/>He is risen from the dead<br/>And He is Lord.<br/>Every knee shall bow,<br/>Every tongue confess<br/>That Jesus Christ is Lord.</lines>
    </verse>
  </lyrics>
</song>
