<?xml version='1.0' encoding='UTF-8'?>
<song xmlns="http://openlyrics.info/namespace/2009/song" version="0.8" createdIn="OpenLP 3.1.1" modifiedIn="OpenLP 3.1.1" modifiedDate="2023-01-10T03:54:00">
  <properties>
    <titles>
      <title>Heavenly Father, We Appreciate You</title>
    </titles>
    <authors>
      <author>Author Unknown</author>
    </authors>
  </properties>
  <lyrics>
    <verse name="v1">
      <lines>G<br/><br/>Heavenly Father, we appreciate You.<br/>Heavenly Father, we appreciate You.<br/>We love You, adore You.<br/>We bow down before You.<br/>Heavenly Father, we appreciate You.</lines>
    </verse>
    <verse name="v2">
      <lines>Son of God, what a wonder You are.<br/>Son of God, what a wonder You are.<br/>You've saved my soul from sin,<br/>set the Holy Ghost within.<br/>Son of God, what a wonder You are.</lines>
    </verse>
    <verse name="v3">
      <lines>Holy Spirit, what a comfort You are.<br/>Holy Spirit, what a comfort You are.<br/>You lead us. You guide us.<br/>You live right inside us.<br/>Holy Spirit, what a comfort You are.</lines>
    </verse>
  </lyrics>
</song>
