<?xml version='1.0' encoding='UTF-8'?>
<song xmlns="http://openlyrics.info/namespace/2009/song" version="0.8" createdIn="OpenLP 3.1.1" modifiedIn="OpenLP 3.1.1" modifiedDate="2023-01-09T20:17:46">
  <properties>
    <titles>
      <title>Here I Am Waiting</title>
    </titles>
    <authors>
      <author>Author Unknown</author>
    </authors>
  </properties>
  <lyrics>
    <verse name="v1">
      <lines>Here I am waiting<br/>Abide in me I pray<br/>Here I am longing<br/>For you</lines>
    </verse>
    <verse name="v2">
      <lines>Hide me in your love<br/>Lead me to my knees<br/>May I know Jesus more and more</lines>
    </verse>
    <verse name="v3">
      <lines>Come live in me<br/>All my life take over<br/>Come breath in me<br/>I will rise on eagle's wings<br/>(repeat)</lines>
    </verse>
  </lyrics>
</song>
