<?xml version='1.0' encoding='UTF-8'?>
<song xmlns="http://openlyrics.info/namespace/2009/song" version="0.8" createdIn="OpenLP 3.1.1" modifiedIn="OpenLP 3.1.1" modifiedDate="2023-06-25T15:10:03">
  <properties>
    <titles>
      <title>Here I Am</title>
    </titles>
    <comments>
      <comment>chorus (pre)
chorus (pre)

[above are Song Tags with notes imported from EasyWorship]</comment>
    </comments>
    <verseOrder>v1 c1 v2 c1 c2</verseOrder>
    <authors>
      <author>Author Unknown</author>
    </authors>
  </properties>
  <lyrics>
    <verse name="v1a">
      <lines>A<br/><br/>Here I am<br/>Humbled by Your majesty<br/>Covered by Your grace so free</lines>
    </verse>
    <verse name="v1b">
      <lines>Here I am<br/>Knowing I'm a sinful man<br/>Covered by the blood of the Lamb</lines>
    </verse>
    <verse name="c1a">
      <lines>Now I've found the<br/>greatest love of all is mine<br/>Since You laid down Your life<br/>The greatest sacrifice</lines>
    </verse>
    <verse name="c1b">
      <lines>Majesty majesty<br/>Your grace has found me just as I am<br/>Empty-handed but alive in Your hands</lines>
    </verse>
    <verse name="v2a">
      <lines>Here I am<br/>Humbled by the love that You give<br/>Forgiven so that I can forgive</lines>
    </verse>
    <verse name="v2b">
      <lines>Here I stand<br/>Knowing that I'm Your desire<br/>Sanctified by glory and fire</lines>
    </verse>
    <verse name="c2">
      <lines>Majesty majesty<br/>Forever I am changed by Your love<br/>In the presence of Your majesty<br/>Majesty</lines>
    </verse>
  </lyrics>
</song>
