<?xml version='1.0' encoding='UTF-8'?>
<song xmlns="http://openlyrics.info/namespace/2009/song" version="0.8" createdIn="OpenLP 3.1.1" modifiedIn="OpenLP 3.1.1" modifiedDate="2023-01-09T20:17:46">
  <properties>
    <titles>
      <title>High and exalted</title>
    </titles>
    <authors>
      <author>Author Unknown</author>
    </authors>
  </properties>
  <lyrics>
    <verse name="v1">
      <lines>He is high and exalted and worthy of praise<br/>with our hearts we will love and adore<br/>He is high and exalted and worthy of praise<br/>Holy is the Lord</lines>
    </verse>
    <verse name="v2">
      <lines>Holy, holy, holy is the Lord<br/>Holy, holy, holy is the Lord</lines>
    </verse>
  </lyrics>
</song>
