<?xml version='1.0' encoding='UTF-8'?>
<song xmlns="http://openlyrics.info/namespace/2009/song" version="0.8" createdIn="OpenLP 3.1.1" modifiedIn="OpenLP 3.1.1" modifiedDate="2023-08-27T14:56:59">
  <properties>
    <titles>
      <title>Highest Place</title>
    </titles>
    <copyright>1983 Scripture In Song, Administered by Integrity Music, Inc.</copyright>
    <ccliNo>24195</ccliNo>
    <authors>
      <author>Ramon Pink</author>
    </authors>
  </properties>
  <lyrics>
    <verse name="c1">
      <lines>D<br/>We place You on the highest place,<br/>For You are the great High Priest.<br/>We place You high above all else,<br/>And we come to You,<br/>And worship at Your feet.</lines>
    </verse>
  </lyrics>
</song>
