<?xml version='1.0' encoding='UTF-8'?>
<song xmlns="http://openlyrics.info/namespace/2009/song" version="0.8" createdIn="OpenLP 3.1.1" modifiedIn="OpenLP 3.1.1" modifiedDate="2023-01-09T20:17:46">
  <properties>
    <titles>
      <title>His Name His Name</title>
    </titles>
    <authors>
      <author>Author Unknown</author>
    </authors>
  </properties>
  <lyrics>
    <verse name="v1">
      <lines>His Name His Name<br/>shall be called Wonderful<br/>His Name His Name<br/>shall be called Counselor</lines>
    </verse>
    <verse name="v2">
      <lines>The Mighty God - The everlasting Father<br/>The prince of peace through all eternity<br/>The Mighty God - the Everlasting Father<br/>The Prince of Peace through all eternity</lines>
    </verse>
  </lyrics>
</song>
