<?xml version='1.0' encoding='UTF-8'?>
<song xmlns="http://openlyrics.info/namespace/2009/song" version="0.8" createdIn="OpenLP 3.1.1" modifiedIn="OpenLP 3.1.1" modifiedDate="2023-01-09T20:17:46">
  <properties>
    <titles>
      <title>His Name is Higher Than Any Other</title>
    </titles>
    <authors>
      <author>Author Unknown</author>
    </authors>
  </properties>
  <lyrics>
    <verse name="v1">
      <lines>B<br/>His Name is higher than any other<br/>His Name is Jesus<br/>His Name is Lord<br/>His Name is Wonderful<br/>His Name is Counselor<br/>His Name is Prince of Peace<br/>The Mighty God</lines>
    </verse>
  </lyrics>
</song>
