<?xml version='1.0' encoding='UTF-8'?>
<song xmlns="http://openlyrics.info/namespace/2009/song" version="0.8" createdIn="OpenLP 3.1.1" modifiedIn="OpenLP 3.1.1" modifiedDate="2023-01-09T20:17:46">
  <properties>
    <titles>
      <title>Holy One</title>
    </titles>
    <authors>
      <author>Author Unknown</author>
    </authors>
  </properties>
  <lyrics>
    <verse name="v1">
      <lines>Holy One, Most Holy One<br/>Your ways are higher than mine<br/>Holy One, Most Holy One<br/>Your ways are higher than mine</lines>
    </verse>
    <verse name="v2">
      <lines>Your ways are higher than the mountains<br/>Your love is deeper than the sea<br/>Your mercy flowing like a fountain<br/>Has touched my heart and set me free</lines>
    </verse>
  </lyrics>
</song>
