<?xml version='1.0' encoding='UTF-8'?>
<song xmlns="http://openlyrics.info/namespace/2009/song" version="0.8" createdIn="OpenLP 3.1.1" modifiedIn="OpenLP 3.1.1" modifiedDate="2023-01-09T20:17:46">
  <properties>
    <titles>
      <title>Holy Spirit Living Breath Of God (easy can be sung</title>
    </titles>
    <authors>
      <author>Author Unknown</author>
    </authors>
  </properties>
  <lyrics>
    <verse name="v1">
      <lines>Holy Spirit living breath of God<br/>Breathe new life into my willing soul<br/>Bring the presence of the risen Lord<br/>To renew my heart and make me whole<br/>Cause Your Word to come alive in me<br/>Give me faith for what I cannot see<br/>Give me passion for Your purity<br/>Holy Spirit breathe new life in me</lines>
    </verse>
    <verse name="v2">
      <lines>Holy Spirit come abide within<br/>May Your joy be seen in all I do<br/>Love enough to cover ev'ry sin<br/>In each thought and deed and attitude<br/>Kindness to the greatest and the least<br/>Gentleness that sows the path of peace<br/>Turn my striving into works of grace<br/>Breath of God Show Christ in all I do</lines>
    </verse>
    <verse name="v3">
      <lines>Holy Sprit from creation's birth<br/>Giving life to all that God has made<br/>Show your power once again on earth<br/>Cause Your church to hunger for Your ways<br/>Let the fragrance of our prayers arise<br/>Lead us on the road of sacrifice<br/>That in unity the face of Christ<br/>Will be clear for all the world to see</lines>
    </verse>
  </lyrics>
</song>
