<?xml version='1.0' encoding='UTF-8'?>
<song xmlns="http://openlyrics.info/namespace/2009/song" version="0.8" createdIn="OpenLP 3.1.1" modifiedIn="OpenLP 3.1.1" modifiedDate="2023-01-10T04:03:27">
  <properties>
    <titles>
      <title>Holy holy holy, holy is the Lord God Almighty</title>
    </titles>
    <verseOrder>v1 v2 c1 c1</verseOrder>
    <authors>
      <author>Author Unknown</author>
    </authors>
  </properties>
  <lyrics>
    <verse name="v1">
      <lines>am<br/><br/>Holy - Holy - Holy<br/>Holy - Holy - Holy<br/>Holy is the Lord God Almighty<br/>Holy is the Lord God Almighty</lines>
    </verse>
    <verse name="v2">
      <lines>Holy - Holy - Holy<br/>Holy - Holy - Holy<br/>Holy is the Lord God Almighty<br/>Holy is the Lord God Almighty</lines>
    </verse>
    <verse name="c1">
      <lines>Who was and who is and who is to come<br/>Who was and who is and who is to come</lines>
    </verse>
  </lyrics>
</song>
