<?xml version='1.0' encoding='UTF-8'?>
<song xmlns="http://openlyrics.info/namespace/2009/song" version="0.8" createdIn="OpenLP 3.1.1" modifiedIn="OpenLP 3.1.1" modifiedDate="2023-01-09T20:17:46">
  <properties>
    <titles>
      <title>Holy Holy (Lord God Almighty)</title>
    </titles>
    <copyright>1979 Bud John Songs, Inc., Administered by EMI Christian Music Publishing</copyright>
    <ccliNo>18792</ccliNo>
    <authors>
      <author>Jimmy Owens</author>
    </authors>
  </properties>
  <lyrics>
    <verse name="v1">
      <lines>Holy holy holy holy<br/>Holy holy Lord God Almighty<br/>And we lift our hearts before You<br/>As a token of our love<br/>Holy holy holy holy</lines>
    </verse>
    <verse name="v2">
      <lines>Gracious Father gracious Father<br/>We're so blessed to be Your children<br/>Gracious Father<br/>And we lift our heads before You<br/>As a token of our love<br/>Gracious Father gracious Father</lines>
    </verse>
    <verse name="v3">
      <lines>Precious Jesus precious Jesus<br/>We're so glad that You've redeemed us<br/>Precious Jesus<br/>And we lift our hands before You<br/>As a token of our love<br/>Precious Jesus precious Jesus</lines>
    </verse>
    <verse name="v4">
      <lines>Holy Spirit Holy Spirit<br/>Come and fill our hearts anew<br/>Holy Spirit<br/>And we lift our voice before You<br/>As a token of our love<br/>Holy Spirit Holy Spirit</lines>
    </verse>
    <verse name="v5">
      <lines>Hallelujah hallelujah<br/>Hallelujah hallelujah<br/>And we lift our hearts before You<br/>As a token of our love<br/>Hallelujah hallelujah</lines>
    </verse>
  </lyrics>
</song>
