<?xml version='1.0' encoding='UTF-8'?>
<song xmlns="http://openlyrics.info/namespace/2009/song" version="0.8" createdIn="OpenLP 3.1.1" modifiedIn="OpenLP 3.1.1" modifiedDate="2023-01-10T04:03:43">
  <properties>
    <titles>
      <title>Holy Lord most Holy Lord</title>
    </titles>
    <authors>
      <author>Author Unknown</author>
    </authors>
  </properties>
  <lyrics>
    <verse name="v1">
      <lines>G<br/><br/>Holy Lord most holy Lord<br/>You alone are worthy of our praises<br/>holy Lord most holy Lord<br/>With all of our hearts we sing</lines>
    </verse>
    <verse name="c1">
      <lines>Great are You Lord<br/>Worthy of praise<br/>Holy and true<br/>Great are You Lord<br/>Most holy Lord</lines>
    </verse>
  </lyrics>
</song>
