<?xml version='1.0' encoding='UTF-8'?>
<song xmlns="http://openlyrics.info/namespace/2009/song" version="0.8" createdIn="OpenLP 3.1.1" modifiedIn="OpenLP 3.1.1" modifiedDate="2023-01-10T04:04:55">
  <properties>
    <titles>
      <title>How Firm A Foundation</title>
    </titles>
    <copyright>Public Domain, Administered by CCLI Administration Account</copyright>
    <ccliNo>1175988</ccliNo>
    <authors>
      <author>George Keith</author>
      <author>R. Keene</author>
    </authors>
  </properties>
  <lyrics>
    <verse name="v1">
      <lines>G<br/><br/>How firm a foundation<br/>Ye saints of the Lord<br/>Is laid for your faith<br/>In His excellent word<br/>What more can He say<br/>Than to you He hath said<br/>To you who for refuge<br/>To Jesus have fled</lines>
    </verse>
    <verse name="v2">
      <lines>Fear not I am with thee<br/>O be not dismayed<br/>For I am Thy God<br/>And will still give thee aid<br/>I'll strengthen thee help thee<br/>And cause thee to stand<br/>Upheld by My righteous<br/>omnipotent hand</lines>
    </verse>
    <verse name="v3">
      <lines>When through the deep waters<br/>I call thee to go<br/>The rivers of sorrow<br/>Shall not overflow<br/>For I will be with thee<br/>Thy trials to bless<br/>And sanctify to thee<br/>Thy deepest distress</lines>
    </verse>
    <verse name="v4">
      <lines>When through fiery trials<br/>Thy pathway shall lie<br/>My grace all sufficient<br/>Shall be thy supply<br/>The flame shall not hurt thee<br/>I only design<br/>Thy dross to consume<br/>And thy gold to refine</lines>
    </verse>
    <verse name="v5">
      <lines>E'en down to old age<br/>All my people shall prove<br/>My sovereign eternal<br/>Unchangeable love<br/>And then when grey hairs<br/>Shall their temples adorn<br/>Like lambs they shall still<br/>In my bosom be borne</lines>
    </verse>
    <verse name="v6">
      <lines>The soul that on Jesus<br/>Hath leaned for repose<br/>I will not I will not<br/>Desert to His foes<br/>That soul though all hell<br/>Should endeavor to shake<br/>I'll never no never<br/>No never forsake</lines>
    </verse>
  </lyrics>
</song>
