<?xml version='1.0' encoding='UTF-8'?>
<song xmlns="http://openlyrics.info/namespace/2009/song" version="0.8" createdIn="OpenLP 3.1.1" modifiedIn="OpenLP 3.1.1" modifiedDate="2023-01-10T14:27:24">
  <properties>
    <titles>
      <title>I have a holy passion</title>
    </titles>
    <authors>
      <author>Author Unknown</author>
    </authors>
  </properties>
  <lyrics>
    <verse name="v1a">
      <lines>E<br/><br/>I have a holy passion<br/>I have a hunger in my soul<br/>To taste the fullness of His Spirit<br/>To know Him more and more</lines>
    </verse>
    <verse name="v1b">
      <lines>So I will seek Your glory<br/>And I will seek Your righteousness<br/>The power of Your resurrection<br/>Nothing more, and nothing less</lines>
    </verse>
    <verse name="p1a">
      <lines>When I am hungry,<br/>You're the Bread that feeds me<br/>When I am thirsty,<br/>You bring water from the Rock</lines>
    </verse>
    <verse name="p1b">
      <lines>The hand that feeds me<br/>is the hand that leads me<br/>Beside still waters<br/>to the table of His love</lines>
    </verse>
    <verse name="c1">
      <lines>Bread of Life, coming down from heaven<br/>Come and fill this hunger in my soul<br/>I want to taste the wine<br/>You pour out for those who love You<br/>Only You can satisfy!<br/>Only You can satisfy!</lines>
    </verse>
  </lyrics>
</song>
