<?xml version='1.0' encoding='UTF-8'?>
<song xmlns="http://openlyrics.info/namespace/2009/song" version="0.8" createdIn="OpenLP 3.1.1" modifiedIn="OpenLP 3.1.1" modifiedDate="2023-01-09T20:17:47">
  <properties>
    <titles>
      <title>I Love the Father</title>
    </titles>
    <authors>
      <author>Author Unknown</author>
    </authors>
  </properties>
  <lyrics>
    <verse name="v1">
      <lines>I love the Father, I love His only Son,<br/>I love the Spirit, I love the Three in One,<br/>He created me,<br/>redeemed and set me free,<br/>praise Him, praise Him, praise Him, praise Him<br/>(Repeat 3 times and then end with Praise Him!)</lines>
    </verse>
  </lyrics>
</song>
