<?xml version='1.0' encoding='UTF-8'?>
<song xmlns="http://openlyrics.info/namespace/2009/song" version="0.8" createdIn="OpenLP 3.1.1" modifiedIn="OpenLP 3.1.1" modifiedDate="2023-01-09T20:17:47">
  <properties>
    <titles>
      <title>I will praise Him</title>
    </titles>
    <authors>
      <author>Author Unknown</author>
    </authors>
  </properties>
  <lyrics>
    <verse name="v1">
      <lines>I will praise Him!<br/>I will praise Him!<br/>Praise the Lamb for sinners slain<br/>Give Him glory all ye people<br/>For his blood has washed away each stain</lines>
    </verse>
    <verse name="v2">
      <lines>We will praise Him!<br/>We will praise Him!<br/>Praise the Lamb for sinners slain<br/>Give Him glory all ye people<br/>For his blood has washed away each stain</lines>
    </verse>
  </lyrics>
</song>
