<?xml version='1.0' encoding='UTF-8'?>
<song xmlns="http://openlyrics.info/namespace/2009/song" version="0.8" createdIn="OpenLP 3.1.1" modifiedIn="OpenLP 3.1.1" modifiedDate="2023-01-11T15:19:00">
  <properties>
    <titles>
      <title>I will sing of my Redeemer*</title>
    </titles>
    <verseOrder>v1 c1 v2 c1 v3 c1 v4 c1</verseOrder>
    <authors>
      <author>Author Unknown</author>
    </authors>
  </properties>
  <lyrics>
    <verse name="v1">
      <lines>D<br/><br/>I will sing of my Redeemer<br/>And His wondrous love to me<br/>On the cruel cross He suffered<br/>From the curse to set me free</lines>
    </verse>
    <verse name="c1">
      <lines>Sing oh sing of my Redeemer<br/>With His blood He purchased me<br/>On the cross He sealed my pardon<br/>Paid the debt and made me free</lines>
    </verse>
    <verse name="v2">
      <lines>I will tell the wondrous story<br/>How my lost estate to save<br/>In His boundless love and mercy<br/>He the ransom freely gave</lines>
    </verse>
    <verse name="v3">
      <lines>I will praise my dear Redeemer<br/>His triumphant pow'r I'll tell<br/>How the victory He giveth<br/>Over sin and death and hell</lines>
    </verse>
    <verse name="v4">
      <lines>I will sing of my Redeemer<br/>And His heav'nly love to me<br/>He from death to life hath brought me<br/>Son of God with Him to be</lines>
    </verse>
  </lyrics>
</song>
