<?xml version='1.0' encoding='UTF-8'?>
<song xmlns="http://openlyrics.info/namespace/2009/song" version="0.8" createdIn="OpenLP 3.1.1" modifiedIn="OpenLP 3.1.1" modifiedDate="2023-01-11T15:35:39">
  <properties>
    <titles>
      <title>I'm forgiven</title>
    </titles>
    <verseOrder>v1 c1 b1 c1 e1</verseOrder>
    <authors>
      <author>Author Unknown</author>
    </authors>
  </properties>
  <lyrics>
    <verse name="v1">
      <lines>I'm forgiven<br/>Because You were forsaken<br/>I'm accepted<br/>You were condemned<br/>I'm alive and well<br/>Your Spirit is within me<br/>Because You died<br/>And rose again</lines>
    </verse>
    <verse name="c1">
      <lines>Amazing love<br/>How can it be<br/>That You my King<br/>Would die for me<br/>Amazing love<br/>I know it's true<br/>It's my joy to honor You<br/>In all I do to honor You</lines>
    </verse>
    <verse name="e1">
      <lines>In all I do to honor You x2</lines>
    </verse>
    <verse name="b1">
      <lines>You are my King<br/>You are my King<br/>Jesus You are my King<br/>Jesus You are my King</lines>
    </verse>
  </lyrics>
</song>
