<?xml version='1.0' encoding='UTF-8'?>
<song xmlns="http://openlyrics.info/namespace/2009/song" version="0.8" createdIn="OpenLP 3.1.1" modifiedIn="OpenLP 3.1.1" modifiedDate="2023-01-09T20:17:47">
  <properties>
    <titles>
      <title>Immeasurably More</title>
    </titles>
    <verseOrder>v1 c1 v2 c1 c1 b1 c1</verseOrder>
    <authors>
      <author>Author Unknown</author>
    </authors>
  </properties>
  <lyrics>
    <verse name="v1">
      <lines>More than all we ask<br/>Than all we seek<br/>All our hopes and dreams<br/>You are immeasurably more<br/>Than we can know<br/>Than we can pray<br/>All our words can say<br/>You are immeasurably more</lines>
    </verse>
    <verse name="c1a">
      <lines>There's nothing greater than Your love<br/>You're more than we can imagine<br/>There's nothing sweeter on this earth<br/>You're more than we can imagine</lines>
    </verse>
    <verse name="c1b">
      <lines>Our hearts respond to who You are<br/>It's You oh Lord that we adore<br/>You are more, You are more<br/>You're more than we can imagine<br/>You are more, You are more<br/>You're more than we can imagine</lines>
    </verse>
    <verse name="v2">
      <lines>More than all our sin<br/>Than all our shame<br/>Stronger than the grave<br/>You are immeasurably more<br/>I can't help but sing<br/>Can't help but praise<br/>My heart can not contain<br/>You are immeasurably more</lines>
    </verse>
    <verse name="b1">
      <lines>No eye has seen, no ear has heard<br/>What is coming, what is coming<br/>Never-ending joy, never-failing love<br/>You are coming, You are coming<br/><chord name="x2"/></lines>
    </verse>
    <verse name="c1c">
      <lines>Our hearts respond to who You are<br/>It's You oh Lord that we adore<br/>You are more, You are more<br/>You're more than we can imagine<br/>You are more, You are more<br/>You're more than we can imagine<br/>You are more, You are more<br/>You're more than we can imagine</lines>
    </verse>
  </lyrics>
</song>
