<?xml version='1.0' encoding='UTF-8'?>
<song xmlns="http://openlyrics.info/namespace/2009/song" version="0.8" createdIn="OpenLP 3.1.1" modifiedIn="OpenLP 3.1.1" modifiedDate="2023-01-09T15:33:05">
  <properties>
    <titles>
      <title>Immortal Invisible</title>
    </titles>
    <verseOrder>v1 v2 v3 v4 v1</verseOrder>
    <authors>
      <author>Walter Chalmers Smith</author>
    </authors>
  </properties>
  <lyrics>
    <verse name="v1">
      <lines>Immortal, invisible, God only wise,<br/>In light inaccessible hid from our eyes,<br/>Most blessed, most glorious, the Ancient of Days,<br/>Almighty, victorious, Thy great name we praise.</lines>
    </verse>
    <verse name="v2">
      <lines>Unresting, unhasting, and silent as light,<br/>Nor wanting, nor wasting, Thou rulest in might;<br/>Thy justice like mountains high soaring above<br/>Thy clouds which are fountains of goodness and love.</lines>
    </verse>
    <verse name="v3">
      <lines>To all life Thou givest, to both great and small;<br/>In all life Thou livest, the true life of all;<br/>We blossom and flourish as leaves on the tree,<br/>And wither and perish; but naught changeth Thee.</lines>
    </verse>
    <verse name="v4">
      <lines>Great Father of glory, pure Father of light,<br/>Thine angels adore Thee, all veiling their sight;<br/>All laud we would render: O help us to see<br/>’Tis only the splendour of light hideth Thee.</lines>
    </verse>
  </lyrics>
</song>
