<?xml version='1.0' encoding='UTF-8'?>
<song xmlns="http://openlyrics.info/namespace/2009/song" version="0.8" createdIn="OpenLP 3.1.1" modifiedIn="OpenLP 3.1.1" modifiedDate="2023-01-11T15:42:48">
  <properties>
    <titles>
      <title>In His Time</title>
    </titles>
    <copyright>1978 Maranatha! Music / CCCM Music, Administered by Maranatha! Music</copyright>
    <ccliNo>25981</ccliNo>
    <authors>
      <author>Diane Ball</author>
    </authors>
  </properties>
  <lyrics>
    <verse name="v1a">
      <lines>C<br/><br/>In His time, in His time<br/>He makes all things beautiful<br/>In His time</lines>
    </verse>
    <verse name="v1b">
      <lines>Lord, please show me ev'ry day<br/>As You're teaching me Your way<br/>That You do just what You say<br/>In Your time</lines>
    </verse>
    <verse name="v2a">
      <lines>In Your time, in Your time<br/>You make all things beautiful<br/>In Your time</lines>
    </verse>
    <verse name="v2b">
      <lines>Lord, my life to You I bring<br/>May each song I have to sing<br/>Be to You a lovely thing<br/>In Your time</lines>
    </verse>
  </lyrics>
</song>
