<?xml version='1.0' encoding='UTF-8'?>
<song xmlns="http://openlyrics.info/namespace/2009/song" version="0.8" createdIn="OpenLP 3.1.1" modifiedIn="OpenLP 3.1.1" modifiedDate="2023-01-09T15:33:06">
  <properties>
    <titles>
      <title>It is a Thing Most Wonderful</title>
    </titles>
    <authors>
      <author>W. W. How</author>
    </authors>
  </properties>
  <lyrics>
    <verse name="v1">
      <lines>It is a thing most wonderful,<br/>Almost too wonderful to be,<br/>That God’s own Son should come from heaven<br/>And die to save a child like me.</lines>
    </verse>
    <verse name="v2">
      <lines>And yet I know that it is true;<br/>He came to this poor world below,<br/>And wept, and toiled, and mourned, and died,<br/>Only because He loved us so.</lines>
    </verse>
    <verse name="v3">
      <lines>I cannot tell how He could love<br/>A child so weak and full of sin;<br/>His love must be most wonderful,<br/>If He could die my love to win.</lines>
    </verse>
    <verse name="v4">
      <lines>It is most wonderful to know<br/>His love for me so free and sure;<br/>But ’tis more wonderful to see<br/>My love for Him so faint and poor.</lines>
    </verse>
    <verse name="v5">
      <lines>And yet I want to love Thee, Lord;<br/>O light the flame within my heart,<br/>And I will love Thee more and more,<br/>Until I see Thee as Thou art.</lines>
    </verse>
  </lyrics>
</song>
