<?xml version='1.0' encoding='UTF-8'?>
<song xmlns="http://openlyrics.info/namespace/2009/song" version="0.8" createdIn="OpenLP 3.1.1" modifiedIn="OpenLP 3.1.1" modifiedDate="2023-03-12T15:55:11">
  <properties>
    <titles>
      <title>Jesus Messiah</title>
    </titles>
    <copyright>2008 Vamos Publishing; worshiptogether.com songs; sixsteps Music; Alletrop Music, Administered by EMI Christian Music Publishing; Music Services, In</copyright>
    <verseOrder>v1 c1 v2 c1 b1 c1</verseOrder>
    <ccliNo>5183443</ccliNo>
    <authors>
      <author>Chris Tomlin</author>
      <author>Daniel Carson</author>
      <author>Ed Cash</author>
      <author>Jesse Reeves</author>
    </authors>
  </properties>
  <lyrics>
    <verse name="v1">
      <lines>F<br/><br/>He became sin who knew no sin<br/>That we might become His righteousness<br/>He humbled Himself<br/>And carried the cross<br/>Love so amazing<br/>Love so amazing</lines>
    </verse>
    <verse name="c1">
      <lines>Jesus Messiah<br/>Name above all names<br/>Blessed Redeemer Emmanuel<br/>The Rescue for sinners<br/>The Ransom from heaven<br/>Jesus Messiah Lord of all</lines>
    </verse>
    <verse name="v2">
      <lines>His body the bread His blood the wine<br/>Broken and poured out<br/>All for love<br/>The whole earth trembled<br/>And the veil was torn<br/>Love so amazing<br/>Love so amazing</lines>
    </verse>
    <verse name="b1">
      <lines>All our hope is in You<br/>All our hope is in You<br/>All the glory to You God<br/>The Light of the world</lines>
    </verse>
  </lyrics>
</song>
