<?xml version='1.0' encoding='UTF-8'?>
<song xmlns="http://openlyrics.info/namespace/2009/song" version="0.8" createdIn="OpenLP 3.1.1" modifiedIn="OpenLP 3.1.1" modifiedDate="2023-03-12T16:00:35">
  <properties>
    <titles>
      <title>Jesus the very thought of Thee*</title>
    </titles>
    <authors>
      <author>Author Unknown</author>
    </authors>
  </properties>
  <lyrics>
    <verse name="v1">
      <lines>Psalm 16:8-9<br/><br/>Jesus the very thought of Thee<br/>With sweetness fills my breast<br/>But sweeter far Thy face to see<br/>And in Thy presence rest</lines>
    </verse>
    <verse name="v2">
      <lines>No voice can sing no heart can frame<br/>Nor can the memory find<br/>A sweeter sound than Thy blest name<br/>O Savior of mankind</lines>
    </verse>
    <verse name="v3">
      <lines>O Hope of every contrite heart<br/>O Joy of all the meek<br/>To those who fall how kind Thou art<br/>How good to those who seek</lines>
    </verse>
    <verse name="v4">
      <lines>But what to those who find<br/>Ah this no tongue or pen can show<br/>The love of Jesus what it is<br/>None but His loved ones know</lines>
    </verse>
    <verse name="v5">
      <lines>O Jesus light of all below<br/>Thou fount of life and fire<br/>Surpassing all the joys we know<br/>And all we can desire</lines>
    </verse>
    <verse name="v6">
      <lines>No other source have we but Thee<br/>Soul-thirst to satisfy<br/>Exhaustless spring<br/>The waters free<br/>All other streams are dry</lines>
    </verse>
    <verse name="v7">
      <lines>Jesus our only Joy be Thou<br/>As Thou our Prize wilt be<br/>Jesus be Thou our Glory now<br/>And through eternity</lines>
    </verse>
  </lyrics>
</song>
