<?xml version='1.0' encoding='UTF-8'?>
<song xmlns="http://openlyrics.info/namespace/2009/song" version="0.8" createdIn="OpenLP 3.1.1" modifiedIn="OpenLP 3.1.1" modifiedDate="2023-01-09T20:17:48">
  <properties>
    <titles>
      <title>Jesus How Lovely You Are</title>
    </titles>
    <authors>
      <author>Author Unknown</author>
    </authors>
  </properties>
  <lyrics>
    <verse name="v1">
      <lines>Jesus,<br/>how lovely You are<br/>You are so gentle,<br/>so pure and so kind<br/>You shine like the morning star<br/>Jesus<br/>how lovely You are</lines>
    </verse>
  </lyrics>
</song>
