<?xml version='1.0' encoding='UTF-8'?>
<song xmlns="http://openlyrics.info/namespace/2009/song" version="0.8" createdIn="OpenLP 3.1.1" modifiedIn="OpenLP 3.1.1" modifiedDate="2023-03-12T15:51:09">
  <properties>
    <titles>
      <title>Jesus Lead On</title>
    </titles>
    <copyright>1996 Mercy / Vineyard Publishing, Administered by Vineyard Music USA</copyright>
    <verseOrder>v1 c1 v2 c1 b1 c1</verseOrder>
    <ccliNo>2035848</ccliNo>
    <authors>
      <author>Brent Helming</author>
    </authors>
  </properties>
  <lyrics>
    <verse name="v1a">
      <lines>E<br/><br/>This is my cry<br/>This is my song<br/>You are my guiding light<br/>When the way is unknown</lines>
    </verse>
    <verse name="v1b">
      <lines>And when these sunny skies<br/>Turn shades of gray<br/>I'll stay close by Your side<br/>As You lead the way</lines>
    </verse>
    <verse name="c1">
      <lines>Jesus lead on I will follow<br/>Jesus lead on<br/>Let Your love light the way<br/>Jesus lead on I will follow<br/>Jesus lead on</lines>
    </verse>
    <verse name="v2a">
      <lines>Hear now this cry<br/>Hear now this song<br/>You are the guiding light<br/>For this journey I'm on</lines>
    </verse>
    <verse name="v2b">
      <lines>And when my vision is clouded<br/>By the wind and the rain<br/>I'll stay close by Your side<br/>As You lead the way</lines>
    </verse>
    <verse name="b1">
      <lines>Lead me on<br/>Lead me on<br/>Lead me on<br/>I will follow</lines>
    </verse>
  </lyrics>
</song>
