<?xml version='1.0' encoding='UTF-8'?>
<song xmlns="http://openlyrics.info/namespace/2009/song" version="0.8" createdIn="OpenLP 3.1.1" modifiedIn="OpenLP 3.1.1" modifiedDate="2023-01-09T20:17:48">
  <properties>
    <titles>
      <title>Jesus Thine all Victorious Love</title>
    </titles>
    <authors>
      <author>Author Unknown</author>
    </authors>
  </properties>
  <lyrics>
    <verse name="v1">
      <lines>Jesus Thine all victorious love<br/>Shed in my heart abroad<br/>Then shall my heart no longer rove<br/>Rooted and fixed in God<br/>Rooted and fixed in God</lines>
    </verse>
    <verse name="v2">
      <lines>O that in me the sacred fire<br/>Might now begin to glow<br/>Burn up the dross of base desire<br/>And make the mountains flow<br/>and make the mountains flow</lines>
    </verse>
    <verse name="v3">
      <lines>Thou who at Pentecost didst fall<br/>do Thou my sins consume<br/>Come Holy Ghost for Thee I call<br/>Spirit of burning come<br/>spirit of burning come</lines>
    </verse>
    <verse name="v4">
      <lines>Refining fire<br/>Go through my heart<br/>Illuminate my soul<br/>Scatter thy life<br/>Through every part<br/>And sanctify the whole<br/>and sanctify the whole</lines>
    </verse>
    <verse name="v5">
      <lines>My steadfast soul from falling free<br/>shall then no longer move<br/>while Christ is all the world to me<br/>and all my heart is love<br/>and all my heart is love</lines>
    </verse>
  </lyrics>
</song>
