<?xml version='1.0' encoding='UTF-8'?>
<song xmlns="http://openlyrics.info/namespace/2009/song" version="0.8" createdIn="OpenLP 3.1.1" modifiedIn="OpenLP 3.1.1" modifiedDate="2023-01-09T20:17:48">
  <properties>
    <titles>
      <title>Jesus Put This Song Into Our Hearts</title>
    </titles>
    <copyright>1986 Thankyou Music, Administered by EMI Christian Music Publishing</copyright>
    <ccliNo>48119</ccliNo>
    <authors>
      <author>Graham Kendrick</author>
    </authors>
  </properties>
  <lyrics>
    <verse name="v1">
      <lines>Jesus put this song into our hearts<br/>Jesus put this song into our hearts<br/>It's a song of joy no one can take away<br/>Jesus put this song into our hearts</lines>
    </verse>
    <verse name="v2">
      <lines>Jesus taught us how to live in harmony<br/>Jesus taught us how to live in harmony<br/>Different faces different races He made us one<br/>Jesus taught us how to live in harmony</lines>
    </verse>
    <verse name="v3">
      <lines>Jesus taught us how to be a family<br/>Jesus taught us how to be a family<br/>Loving one another with the love that He gives<br/>Jesus taught us how to be a family</lines>
    </verse>
    <verse name="v4">
      <lines>Jesus turned our sorrow into dancing<br/>Jesus turned our sorrow into dancing<br/>Changed our tears of sadness into rivers of joy<br/>Jesus turned our sorrow into a dance</lines>
    </verse>
  </lyrics>
</song>
