<?xml version='1.0' encoding='UTF-8'?>
<song xmlns="http://openlyrics.info/namespace/2009/song" version="0.8" createdIn="OpenLP 3.1.1" modifiedIn="OpenLP 3.1.1" modifiedDate="2023-01-09T20:17:48">
  <properties>
    <titles>
      <title>Jesus You Are</title>
    </titles>
    <copyright>© 2001 Integrity's Hosanna! Music, Administered by EMI Christian Music Publishing</copyright>
    <ccliNo>3403266</ccliNo>
    <authors>
      <author>Rita Baloche</author>
    </authors>
  </properties>
  <lyrics>
    <verse name="c1">
      <lines>Jesus You are - You are<br/>Ev'rything I'm not<br/>And ev'rything that I want to be<br/>Jesus You are - You are<br/>The maker of my heart<br/>Finish what You started in me</lines>
    </verse>
    <verse name="v1">
      <lines>This is the hope I have<br/>It's something I cannot see<br/>You willingly gave Your life<br/>Willing to die for me<br/>Now I believe<br/>I believe I believe</lines>
    </verse>
  </lyrics>
</song>
