<?xml version='1.0' encoding='UTF-8'?>
<song xmlns="http://openlyrics.info/namespace/2009/song" version="0.8" createdIn="OpenLP 3.1.1" modifiedIn="OpenLP 3.1.1" modifiedDate="2023-03-12T15:54:36">
  <properties>
    <titles>
      <title>Jesus Loves me</title>
    </titles>
    <comments>
      <comment>chorus (alternate)

[above are Song Tags with notes imported from EasyWorship]</comment>
    </comments>
    <verseOrder>v1 c1 v2 c1 v3 c1</verseOrder>
    <authors>
      <author>Author Unknown</author>
    </authors>
  </properties>
  <lyrics>
    <verse name="v1">
      <lines>C<br/><br/>Jesus loves me this I know<br/>For the Bible tells me so<br/>Little ones to Him belong<br/>They are weak but He is strong</lines>
    </verse>
    <verse name="c1">
      <lines>Yes Jesus loves me<br/>Yes Jesus loves me<br/>Yes Jesus loves me<br/>The Bible tells me so</lines>
    </verse>
    <verse name="v2">
      <lines>Jesus loves me He who died<br/>Heaven's gate to open wide<br/>He will wash away my sin<br/>Let His little child come in</lines>
    </verse>
    <verse name="v3">
      <lines>Jesus loves me when I'm good<br/>When I do the things I should<br/>Jesus loves me when I'm bad<br/>Though it makes Him very sad</lines>
    </verse>
    <verse name="o1">
      <lines>Yes I love Jesus<br/>Yes I love Jesus<br/>Yes I love Jesus<br/>Because He first loved me</lines>
    </verse>
  </lyrics>
</song>
