<?xml version='1.0' encoding='UTF-8'?>
<song xmlns="http://openlyrics.info/namespace/2009/song" version="0.8" createdIn="OpenLP 3.1.1" modifiedIn="OpenLP 3.1.1" modifiedDate="2023-03-19T15:51:39">
  <properties>
    <titles>
      <title>Just As I Am</title>
    </titles>
    <copyright>Public Domain, Administered by CCLI Administration Account</copyright>
    <ccliNo>23206</ccliNo>
    <authors>
      <author>Charlotte Elliott</author>
      <author>William Batchelder Bradbury</author>
    </authors>
  </properties>
  <lyrics>
    <verse name="v1">
      <lines>D<br/><br/>Just as I am without one plea<br/>But that Thy blood was shed for me<br/>And that Thou biddest me come to Thee<br/>O Lamb of God I come I come</lines>
    </verse>
    <verse name="v2">
      <lines>Just as I am and waiting not<br/>To rid my soul of one dark blot<br/>To Thee whose blood can cleanse each spot<br/>O Lamb of God I come I come</lines>
    </verse>
    <verse name="v3">
      <lines>Just as I am though tossed about<br/>With many a conflict many a doubt<br/>Fightings and fears within without<br/>O Lamb of God I come I come</lines>
    </verse>
    <verse name="v4">
      <lines>Just as I am, poor, wretched, blind<br/>Sight, riches, healing of the mind<br/>Yes, all I need, in Thee to find<br/>O Lamb of God I come I come</lines>
    </verse>
    <verse name="v5">
      <lines>Just as I am Thou wilt receive<br/>Wilt welcome pardon cleanse relieve<br/>Because Thy promise I believe<br/>O Lamb of God I come I come</lines>
    </verse>
    <verse name="v6">
      <lines>Just as I am Thy love unknown<br/>Hath broken every barrier down<br/>Now to be Thine yes Thine alone<br/>O Lamb of God I come I come</lines>
    </verse>
  </lyrics>
</song>
