<?xml version='1.0' encoding='UTF-8'?>
<song xmlns="http://openlyrics.info/namespace/2009/song" version="0.8" createdIn="OpenLP 3.1.1" modifiedIn="OpenLP 3.1.1" modifiedDate="2023-01-09T20:17:48">
  <properties>
    <titles>
      <title>Keep The Incense Burning</title>
    </titles>
    <authors>
      <author>Author Unknown</author>
    </authors>
  </properties>
  <lyrics>
    <verse name="v1">
      <lines>E<br/>Keep the incense burning<br/>on the altar fire<br/>Let thy heart's petition<br/>Let thy deep desire<br/>Be a cloud of incense<br/>wreathing God's own throne<br/>Till his will among us<br/>shall be fully done</lines>
    </verse>
    <verse name="v2">
      <lines>Keep the incense burning<br/>on the altar fire<br/>Feed the flame Lord Jesus<br/>till Thy whole desire<br/>Shall in us Thy children<br/>find free course and be<br/>Breathed thro' lips anointed<br/>for this ministry</lines>
    </verse>
    <verse name="v3">
      <lines>Keep the incense burning<br/>though thy faith be weak<br/>Though in words you cannot<br/>all thy longing speak<br/>Silent heart petitions,<br/>Spirit-taught will be<br/>Gloriously answered;<br/>wrought by God for thee</lines>
    </verse>
    <verse name="v4">
      <lines>Keep the incense burning<br/>Hourly let it rise,<br/>Till from opened heavens<br/>till from flame swept skies<br/>Fire shall fall and kindle<br/>all our hearts to flame<br/>Making us a glory<br/>to our Savior's name</lines>
    </verse>
  </lyrics>
</song>
