<?xml version='1.0' encoding='UTF-8'?>
<song xmlns="http://openlyrics.info/namespace/2009/song" version="0.8" createdIn="OpenLP 3.1.1" modifiedIn="OpenLP 3.1.1" modifiedDate="2023-03-19T15:54:32">
  <properties>
    <titles>
      <title>King of kings majesty</title>
    </titles>
    <verseOrder>v1 c1 v2 c1</verseOrder>
    <authors>
      <author>Author Unknown</author>
    </authors>
  </properties>
  <lyrics>
    <verse name="v1">
      <lines>A<br/><br/>King of Kings Majesty<br/>God of heaven living in me<br/>Gentle Saviour closest Friend<br/>Strong Deliverer Beginning and End<br/>All within me falls at Your throne</lines>
    </verse>
    <verse name="c1">
      <lines>Your Majesty I can but bow<br/>I lay my all before You now<br/>In royal robes I don't deserve<br/>I live to serve Your Majesty</lines>
    </verse>
    <verse name="v2">
      <lines>Earth and heaven worship You<br/>Love eternal faithful and true<br/>Who from the nations ransomed souls<br/>Brought this sinner near to Your throne<br/>All within me cries out in praise</lines>
    </verse>
  </lyrics>
</song>
