<?xml version='1.0' encoding='UTF-8'?>
<song xmlns="http://openlyrics.info/namespace/2009/song" version="0.8" createdIn="OpenLP 3.1.1" modifiedIn="OpenLP 3.1.1" modifiedDate="2023-03-20T00:32:16">
  <properties>
    <titles>
      <title>Let There Be Glory, Honor And Praises</title>
    </titles>
    <authors>
      <author>Author Unknown</author>
    </authors>
  </properties>
  <lyrics>
    <verse name="v1">
      <lines>G<br/><br/>Let there be glory and honor and praises.<br/>Glory and honor to Jesus<br/>Glory, honor<br/>Glory and honor to Him</lines>
    </verse>
  </lyrics>
</song>
