<?xml version='1.0' encoding='UTF-8'?>
<song xmlns="http://openlyrics.info/namespace/2009/song" version="0.8" createdIn="OpenLP 3.1.1" modifiedIn="OpenLP 3.1.1" modifiedDate="2023-03-20T00:30:59">
  <properties>
    <titles>
      <title>Let The Glory Of The Lord (The Glory of the Lord)</title>
    </titles>
    <copyright>1996 Nori &amp; Barbie Kelley, Administered by Count the Cost Publishing</copyright>
    <ccliNo>2187095</ccliNo>
    <authors>
      <author>Nori Kelley</author>
    </authors>
  </properties>
  <lyrics>
    <verse name="v1">
      <lines>E <br/>*sisters echo*<br/>Let the glory of the Lord endure forever<br/>Let the Lord be glad in His works<br/>I will sing to the Lord<br/>As long as I live<br/>I will sing praise to my God<br/>While I have my being</lines>
    </verse>
  </lyrics>
</song>
