<?xml version='1.0' encoding='UTF-8'?>
<song xmlns="http://openlyrics.info/namespace/2009/song" version="0.8" createdIn="OpenLP 3.1.1" modifiedIn="OpenLP 3.1.1" modifiedDate="2023-03-20T00:40:18">
  <properties>
    <titles>
      <title>Light The Fire</title>
    </titles>
    <copyright>1986 Bloodsmith Music, Administered by Bloodsmith Music</copyright>
    <verseOrder>v1 c1 v2 c1 e1</verseOrder>
    <ccliNo>332454</ccliNo>
    <authors>
      <author>Bill Maxwell</author>
    </authors>
  </properties>
  <lyrics>
    <verse name="v1">
      <lines>I stand to praise You<br/>But I fall to my knees<br/>My spirit is hungry<br/>But my flesh is so weak</lines>
    </verse>
    <verse name="c1a">
      <lines>Light the fire in my soul<br/>Fan the flame make me whole<br/>Oh Lord You know just where I've been<br/>So light the fire in my heart once again</lines>
    </verse>
    <verse name="v2">
      <lines>I feel Your arms around me<br/>As the power of Your healing begins<br/>You breathe new life right through me<br/>Like a mighty rushing wind</lines>
    </verse>
    <verse name="c1b">
      <lines>Light the fire in my soul<br/>Fan the flame make me whole<br/>Oh Lord You know where I've been<br/>So light the fire in my heart once again</lines>
    </verse>
    <verse name="e1">
      <lines>So light the fire in my heart once again x2</lines>
    </verse>
  </lyrics>
</song>
