<?xml version='1.0' encoding='UTF-8'?>
<song xmlns="http://openlyrics.info/namespace/2009/song" version="0.8" createdIn="OpenLP 3.1.1" modifiedIn="OpenLP 3.1.1" modifiedDate="2023-03-20T00:39:50">
  <properties>
    <titles>
      <title>Light of the World</title>
    </titles>
    <verseOrder>v1 c1 v2 c1 b1 c1</verseOrder>
    <authors>
      <author>Author Unknown</author>
    </authors>
  </properties>
  <lyrics>
    <verse name="v1">
      <lines>E<br/><br/>Light of the world<br/>You stepped down into darkness<br/>Opened my eyes let me see<br/>Beauty that made<br/>This heart adore You<br/>Hope of a life spent with You</lines>
    </verse>
    <verse name="c1">
      <lines>Here I am to worship<br/>Here I am to bow down<br/>Here I am to say that You're my God<br/>You're altogether lovely<br/>Altogether worthy<br/>Altogether wonderful to me</lines>
    </verse>
    <verse name="v2">
      <lines>King of all days<br/>Oh so highly exalted<br/>Glorious in heaven above<br/>Humbly You came<br/>To the earth You created<br/>All for love's sake became poor</lines>
    </verse>
    <verse name="b1">
      <lines>I'll never know how much it cost<br/>To see my sin upon that cross<br/>I'll never know how much it cost<br/>To see my sin upon that cross</lines>
    </verse>
  </lyrics>
</song>
