<?xml version='1.0' encoding='UTF-8'?>
<song xmlns="http://openlyrics.info/namespace/2009/song" version="0.8" createdIn="OpenLP 3.1.1" modifiedIn="OpenLP 3.1.1" modifiedDate="2023-01-09T20:17:48">
  <properties>
    <titles>
      <title>Lord I want to be a Christian*</title>
    </titles>
    <authors>
      <author>Author Unknown</author>
    </authors>
  </properties>
  <lyrics>
    <verse name="v1">
      <lines>Lord I want to be a christian<br/>In my heart - In my heart<br/>Lord I want to be a christian<br/>In my heart</lines>
    </verse>
    <verse name="v2">
      <lines>In my heart - In my heart<br/>Lord I want to be a christian<br/>In my heart</lines>
    </verse>
  </lyrics>
</song>
