<?xml version='1.0' encoding='UTF-8'?>
<song xmlns="http://openlyrics.info/namespace/2009/song" version="0.8" createdIn="OpenLP 3.1.1" modifiedIn="OpenLP 3.1.1" modifiedDate="2023-03-20T00:46:46">
  <properties>
    <titles>
      <title>Lord Hast Thou Not One Word For Me</title>
    </titles>
    <authors>
      <author>Author Unknown</author>
    </authors>
  </properties>
  <lyrics>
    <verse name="v1">
      <lines>1. Lord, hast Thou not one word for me<br/> To bind my soul more close to Thee;<br/> That every evil I may flee;<br/> One word, O Lord! one word from Thee?</lines>
    </verse>
    <verse name="v2">
      <lines>2. One word, to show how weak am I<br/> When in my strength alone I try,<br/> In vain I toil, in vain I sigh,<br/> One word, O Lord! one word from Thee.</lines>
    </verse>
    <verse name="v3">
      <lines>3. One word, to show how near Thou art,<br/> For Thou dost dwell within my heart;<br/> And of Thy life I share a part;<br/> One word, O Lord! one word From Thee.</lines>
    </verse>
    <verse name="v4">
      <lines>4. One word of power, oh, let me hear,<br/> Above the heart's most anxious fear,<br/> Thy still, small voice; yet deep and clear,<br/> One word, O Lord! one word from Thee.</lines>
    </verse>
    <verse name="v5">
      <lines>5. One word of final triumph, Lord;<br/> Sweet hope Thy promises afford,<br/> To dwell with Thee in sweet accord;<br/> One word, O Lord! one word from Thee.</lines>
    </verse>
  </lyrics>
</song>
