<?xml version='1.0' encoding='UTF-8'?>
<song xmlns="http://openlyrics.info/namespace/2009/song" version="0.8" createdIn="OpenLP 3.1.1" modifiedIn="OpenLP 3.1.1" modifiedDate="2023-01-09T20:17:49">
  <properties>
    <titles>
      <title>Lord Prepare Me</title>
    </titles>
    <authors>
      <author>Author Unknown</author>
    </authors>
  </properties>
  <lyrics>
    <verse name="v1">
      <lines>Lord prepare me<br/>To be a sanctuary<br/>Pure and holy<br/>Tried and true<br/>With thanksgiving,<br/>I'll be a living<br/>Sanctuary for You</lines>
    </verse>
    <verse name="v2">
      <lines>Lord prepare us<br/>To be a sanctuary<br/>Pure and holy<br/>Tried and true<br/>With thanksgiving,<br/>We'll be a living<br/>Sanctuary for You</lines>
    </verse>
  </lyrics>
</song>
