<?xml version='1.0' encoding='UTF-8'?>
<song xmlns="http://openlyrics.info/namespace/2009/song" version="0.8" createdIn="OpenLP 3.1.1" modifiedIn="OpenLP 3.1.1" modifiedDate="2023-01-09T20:17:49">
  <properties>
    <titles>
      <title>Lord make me an instrument</title>
    </titles>
    <authors>
      <author>Author Unknown</author>
    </authors>
  </properties>
  <lyrics>
    <verse name="v1">
      <lines>Lord make me an instrument<br/>An instrument of worship<br/>I lift up my hands in Your Name<br/>Lord make me an instrument<br/>An instrument of worship<br/>I lift up my hands in Your Name</lines>
    </verse>
    <verse name="v2">
      <lines>Lord tune me your instrument<br/>Your instrument of worship<br/>I lift up my voice in Your Name<br/>(repeat)</lines>
    </verse>
    <verse name="v3">
      <lines>Lord play now your instrument<br/>Your instrument of worship<br/>I lift up my song in Your Name<br/>(repeat)</lines>
    </verse>
    <verse name="v4">
      <lines>Lord play now a love song<br/>A love song of worship<br/>We lift up our voices in praise<br/>(repeat)</lines>
    </verse>
    <verse name="v5">
      <lines>Lord make us a symphony<br/>A symphony of worship<br/>We lift up our voice in Your name<br/>(repeat)</lines>
    </verse>
  </lyrics>
</song>
