<?xml version='1.0' encoding='UTF-8'?>
<song xmlns="http://openlyrics.info/namespace/2009/song" version="0.8" createdIn="OpenLP 3.1.1" modifiedIn="OpenLP 3.1.1" modifiedDate="2023-01-09T15:33:06">
  <properties>
    <titles>
      <title>Low in The Grave He Lay</title>
    </titles>
    <verseOrder>v1 c1 v2 c1 v3 c1</verseOrder>
    <authors>
      <author>Roberty Lowry</author>
    </authors>
  </properties>
  <lyrics>
    <verse name="v1">
      <lines>Low in the grave he lay,<br/>Jesus, my Saviour,<br/>Waiting the coming day,<br/>Jesus, my Lord:</lines>
    </verse>
    <verse name="c1">
      <lines>Up from the grave He arose,<br/>With a mighty triumph o’er His foes;<br/>He arose a Victor from the dark domain,<br/>And He lives for ever with His saints to reign:<br/>He arose! He arose!<br/>Alleluia! Christ arose!</lines>
    </verse>
    <verse name="v2">
      <lines>Vainly they watch His bed,<br/>Jesus, my Saviour;<br/>Vainly they seal the dead,<br/>Jesus, my Lord:</lines>
    </verse>
    <verse name="v3">
      <lines>Death cannot keep his prey,<br/>Jesus, my Saviour;<br/>He tore the bars away,<br/>Jesus, my Lord:</lines>
    </verse>
  </lyrics>
</song>
