<?xml version='1.0' encoding='UTF-8'?>
<song xmlns="http://openlyrics.info/namespace/2009/song" version="0.8" createdIn="OpenLP 3.1.1" modifiedIn="OpenLP 3.1.1" modifiedDate="2023-09-13T23:20:05">
  <properties>
    <titles>
      <title>Luke 21:35</title>
    </titles>
    <authors>
      <author>Luke 21:36</author>
    </authors>
  </properties>
  <lyrics>
    <verse name="v1">
      <lines>But beware of slumbering; and every moment pray that you may be fully strengthened to escape from all these coming evils, and to take your stand in the prescence of the Son of  Man.<br/>- Luke 21:36 Weymouth New Testament</lines>
    </verse>
  </lyrics>
</song>
