<?xml version='1.0' encoding='UTF-8'?>
<song xmlns="http://openlyrics.info/namespace/2009/song" version="0.8" createdIn="OpenLP 3.1.1" modifiedIn="OpenLP 3.1.1" modifiedDate="2023-03-20T01:10:00">
  <properties>
    <titles>
      <title>Make Me A Captive Lord</title>
    </titles>
    <copyright>Public Domain, Administered by CCLI Administration Account</copyright>
    <ccliNo>465819</ccliNo>
    <authors>
      <author>George Matheson</author>
      <author>Samuel Howard</author>
    </authors>
  </properties>
  <lyrics>
    <verse name="v1a">
      <lines>D<br/><br/>Make me a captive Lord<br/>And then I shall be free<br/>Force me to render up my sword<br/>And I shall conqueror be</lines>
    </verse>
    <verse name="v1b">
      <lines>I sink in life's alarms<br/>When by myself I stand<br/>Imprison me within Thine arms<br/>And strong shall be my hand</lines>
    </verse>
    <verse name="v2a">
      <lines>My heart is weak and poor<br/>Till it a master find<br/>It has no spring of action<br/>Sure it varies with the wind</lines>
    </verse>
    <verse name="v2b">
      <lines>It cannot freely move till<br/>Thou hast wrought its chain<br/>Enslave it with Thy matchless love<br/>And deathless it shall reign</lines>
    </verse>
    <verse name="v3a">
      <lines>My will is not my own<br/>Till Thou hast made it Thine<br/>If it would reach a monarch's throne<br/>It must its crown resign</lines>
    </verse>
    <verse name="v3b">
      <lines>It only stands unbent<br/>Amid the clashing strife<br/>When on Thy bosom it has leant<br/>And found in Thee its life</lines>
    </verse>
  </lyrics>
</song>
