<?xml version='1.0' encoding='UTF-8'?>
<song xmlns="http://openlyrics.info/namespace/2009/song" version="0.8" createdIn="OpenLP 3.1.1" modifiedIn="OpenLP 3.1.1" modifiedDate="2023-01-09T15:33:06">
  <properties>
    <titles>
      <title>Master Speak Thy Servant Heareth</title>
    </titles>
    <authors>
      <author>Frances Ridley Havergal</author>
    </authors>
  </properties>
  <lyrics>
    <verse name="v1">
      <lines>Master, speak! Thy servant heareth,hat<br/>Longing for Thy gracious word,<br/>Longing for Thy voice that cheereth;<br/>Master, let it now be heard.<br/>I am listening, Lord, for Thee;<br/>What hast Thou to say to me?</lines>
    </verse>
    <verse name="v2">
      <lines>Speak to me by name, O Master,<br/>Let me know it is to me;<br/>Speak, that I may follow faster,<br/>With a step more firm and free,<br/>Where the Shepherd leads the flock<br/>In the shadow of the rock.</lines>
    </verse>
    <verse name="v3">
      <lines>Master, speak! though least and lowest,<br/>Let me not unheard depart;<br/>Master, speak! for O Thou knowest<br/>All the yearning of my heart,<br/>Knowest all its truest need;<br/>Speak and make me blessed indeed.</lines>
    </verse>
    <verse name="v4">
      <lines>Master, speak! and make me ready,<br/>When Thy voice is truly heard,<br/>With obedience glad and steady<br/>Still to follow every word.<br/>I am listening, Lord, for Thee;<br/>Master, speak! O speak to me!</lines>
    </verse>
  </lyrics>
</song>
