<?xml version='1.0' encoding='UTF-8'?>
<song xmlns="http://openlyrics.info/namespace/2009/song" version="0.8" createdIn="OpenLP 3.1.1" modifiedIn="OpenLP 3.1.1" modifiedDate="2023-01-09T20:17:49">
  <properties>
    <titles>
      <title>May The Mind Of Christ</title>
    </titles>
    <copyright>© 1994 Mark Peterson</copyright>
    <ccliNo>2577643</ccliNo>
    <authors>
      <author>Kate Barclay Wilkinson | Mark Peterson</author>
    </authors>
  </properties>
  <lyrics>
    <verse name="v1">
      <lines>May the mind of Christ my Saviour<br/>Live in me from day to day<br/>By His love and power controlling<br/>All I do and say</lines>
    </verse>
    <verse name="v2">
      <lines>May the word of God dwell richly<br/>In my heart from hour to hour<br/>So that all may see I triumph<br/>Only through His power</lines>
    </verse>
    <verse name="v3">
      <lines>May the peace of God my Father<br/>Rule my life in everything<br/>That I may be calm to comfort<br/>Sick and sorrowing</lines>
    </verse>
    <verse name="v4">
      <lines>May the love of Jesus fill me<br/>As the waters fill the sea<br/>Him exalting self abasing<br/>This is victory</lines>
    </verse>
    <verse name="v5">
      <lines>May I run the race before me<br/>Strong and brave to face the foe<br/>Looking only unto Jesus<br/>As I onward go</lines>
    </verse>
    <verse name="v6">
      <lines>May His beauty rest upon me<br/>As I seek the lost to win<br/>And may they forget the channel<br/>Seeing only Him</lines>
    </verse>
  </lyrics>
</song>
