<?xml version='1.0' encoding='UTF-8'?>
<song xmlns="http://openlyrics.info/namespace/2009/song" version="0.8" createdIn="OpenLP 3.1.1" modifiedIn="OpenLP 3.1.1" modifiedDate="2023-01-09T20:17:49">
  <properties>
    <titles>
      <title>Meeting (CFC week)</title>
    </titles>
    <authors>
      <author>Author Unknown</author>
    </authors>
  </properties>
  <lyrics>
    <verse name="v1">
      <lines>Sunday: CFC Registration 2:00pm (Upchurch University Center, Longwood)<br/>Monday: CFC<br/>Tuesday: CFC<br/>Wednesday: CFC<br/>Thursday: CFC<br/>Friday: CFC</lines>
    </verse>
  </lyrics>
</song>
