<?xml version='1.0' encoding='UTF-8'?>
<song xmlns="http://openlyrics.info/namespace/2009/song" version="0.8" createdIn="OpenLP 3.1.1" modifiedIn="OpenLP 3.1.1" modifiedDate="2023-01-09T20:17:49">
  <properties>
    <titles>
      <title>Mighty God</title>
    </titles>
    <authors>
      <author>Author Unknown</author>
    </authors>
  </properties>
  <lyrics>
    <verse name="v1">
      <lines>Mighty God - Everlasting Father<br/>Creator of the earth, the sky, the sea<br/>Prince of Peace<br/>Conquering Messiah<br/>Savior of my soul<br/>My God<br/>My King</lines>
    </verse>
    <verse name="v2">
      <lines>brothers: Adonahu<br/>sisters: Our Lord<br/>brothers: Manakayhu (?)<br/>sisters: Our King<br/>brothers: Elohanu<br/>sisters: Our mighty God</lines>
    </verse>
  </lyrics>
</song>
