<?xml version='1.0' encoding='UTF-8'?>
<song xmlns="http://openlyrics.info/namespace/2009/song" version="0.8" createdIn="OpenLP 3.1.1" modifiedIn="OpenLP 3.1.1" modifiedDate="2023-03-20T01:28:59">
  <properties>
    <titles>
      <title>Mighty to save</title>
    </titles>
    <verseOrder>v1 c1 v2 c1 b1 c1</verseOrder>
    <authors>
      <author>Author Unknown</author>
    </authors>
  </properties>
  <lyrics>
    <verse name="v1">
      <lines>G<br/><br/>Everyone needs compassion<br/>Love that's never failing<br/>Let mercy fall on me<br/>Everyone needs forgiveness<br/>The kindness of a Saviour<br/>The hope of nations</lines>
    </verse>
    <verse name="c1">
      <lines>Saviour He can move the mountains<br/>My God is mighty to save<br/>He is mighty to save<br/>Forever Author of salvation<br/>He rose and conquered the grave<br/>Jesus conquered the grave</lines>
    </verse>
    <verse name="v2">
      <lines>So take me as You find me<br/>All my fears and failures<br/>Fill my life again<br/>I give my life to follow<br/>Everything I believe in<br/>Now I surrender</lines>
    </verse>
    <verse name="b1">
      <lines>Shine your light<br/>And let the whole world see<br/>We're singing for the glory<br/>Of the risen King Jesus (x2)</lines>
    </verse>
  </lyrics>
</song>
