<?xml version='1.0' encoding='UTF-8'?>
<song xmlns="http://openlyrics.info/namespace/2009/song" version="0.8" createdIn="OpenLP 3.1.1" modifiedIn="OpenLP 3.1.1" modifiedDate="2024-09-15T16:10:20">
  <properties>
    <titles>
      <title>None Can Compare With Thee Lord</title>
    </titles>
    <authors>
      <author>Author Unknown</author>
    </authors>
  </properties>
  <lyrics>
    <verse name="v1">
      <lines>None can compare with Thee, Lord?<br/>None can compare with Thee?<br/>Thou art the rose of Sharon,<br/>Thou art so real to me.<br/>Chiefest among ten thousand,<br/>Jesus Thou art to me.<br/>Savior and Friend, my guide to the end,<br/>None can compare with Thee.</lines>
    </verse>
  </lyrics>
</song>
