<?xml version='1.0' encoding='UTF-8'?>
<song xmlns="http://openlyrics.info/namespace/2009/song" version="0.8" createdIn="OpenLP 3.1.1" modifiedIn="OpenLP 3.1.1" modifiedDate="2023-01-09T20:17:49">
  <properties>
    <titles>
      <title>Not By Might</title>
    </titles>
    <authors>
      <author>Author Unknown</author>
    </authors>
  </properties>
  <lyrics>
    <verse name="v1">
      <lines>Not by might<br/>Nor by power<br/>But by my Spirit<br/>Says the Lord of Hosts</lines>
    </verse>
    <verse name="v2">
      <lines>Not by might<br/>Nor by power<br/>But by my Spirit<br/>Says the Lord</lines>
    </verse>
    <verse name="v3">
      <lines>This mountain shall be removed<br/>This mountain shall be removed<br/>This mountain shall be removed<br/>By my Spirit says the Lord</lines>
    </verse>
  </lyrics>
</song>
