<?xml version='1.0' encoding='UTF-8'?>
<song xmlns="http://openlyrics.info/namespace/2009/song" version="0.8" createdIn="OpenLP 3.1.1" modifiedIn="OpenLP 3.1.1" modifiedDate="2023-01-09T15:33:06">
  <properties>
    <titles>
      <title>O Come Let us Adore Him</title>
    </titles>
    <authors>
      <author>Author Unknown</author>
    </authors>
  </properties>
  <lyrics>
    <verse name="v1">
      <lines>O come let us adore Him,<br/>O come let us adore Him, <br/>O come let us adore Him, <br/>Christ the Lord.</lines>
    </verse>
    <verse name="v2">
      <lines>For He alone is worthy,<br/>For He alone is worthy,<br/>For He alone is worthy,<br/>Christ the Lord.</lines>
    </verse>
    <verse name="v3">
      <lines>We’ll give Him all the glory,<br/>We’ll give Him all the glory,<br/>We’ll give Him all the glory,<br/>Christ the Lord.</lines>
    </verse>
  </lyrics>
</song>
