<?xml version='1.0' encoding='UTF-8'?>
<song xmlns="http://openlyrics.info/namespace/2009/song" version="0.8" createdIn="OpenLP 3.1.1" modifiedIn="OpenLP 3.1.1" modifiedDate="2023-01-09T15:33:06">
  <properties>
    <titles>
      <title>O For a Heart to Praise My God</title>
    </titles>
    <authors>
      <author>Charles Wesley</author>
    </authors>
  </properties>
  <lyrics>
    <verse name="v1">
      <lines>O for a heart to praise my God,<br/>A heart from sin set free; <br/>A heart that always feels Thy blood <br/>So freely shed for me;</lines>
    </verse>
    <verse name="v2">
      <lines>A heart resigned, submissive, meek, <br/>My great Redeemer’s throne, <br/>Where only Christ is heard to speak, <br/>Where Jesus reigns alone;</lines>
    </verse>
    <verse name="v3">
      <lines>A humble, lowly, contrite heart, <br/>Believing, true, and clean; <br/>Which neither life nor death can part <br/>From Him who dwells within;</lines>
    </verse>
    <verse name="v4">
      <lines>A heart in every thought renewed, <br/>And full of love divine; <br/>Perfect and right, and pure, and good: <br/>A copy, Lord, of Thine.</lines>
    </verse>
    <verse name="v5">
      <lines>Thy nature, gracious Lord, impart;<br/>Come quickly from above;<br/>Write Thy new name upon my heart,<br/>Thy new best name of love.</lines>
    </verse>
  </lyrics>
</song>
