<?xml version='1.0' encoding='UTF-8'?>
<song xmlns="http://openlyrics.info/namespace/2009/song" version="0.8" createdIn="OpenLP 3.1.1" modifiedIn="OpenLP 3.1.1" modifiedDate="2023-01-09T20:17:49">
  <properties>
    <titles>
      <title>O Lord You're Beautiful</title>
    </titles>
    <authors>
      <author>Author Unknown</author>
    </authors>
  </properties>
  <lyrics>
    <verse name="v1">
      <lines>O Lord You're Beautiful<br/>Your face is all I seek<br/>And when Your eyes are on this child<br/>Your grace abounds to me</lines>
    </verse>
    <verse name="v2">
      <lines>O Lord please light the fire<br/>That once burned bright and clear<br/>Replace the lamp of my first love<br/>That burns with holy fear</lines>
    </verse>
  </lyrics>
</song>
