<?xml version='1.0' encoding='UTF-8'?>
<song xmlns="http://openlyrics.info/namespace/2009/song" version="0.8" createdIn="OpenLP 3.1.1" modifiedIn="OpenLP 3.1.1" modifiedDate="2023-01-09T15:33:06">
  <properties>
    <titles>
      <title>O the Deep Deep Love of Jesus</title>
    </titles>
    <authors>
      <author>Samuel Trevor Francis</author>
    </authors>
  </properties>
  <lyrics>
    <verse name="v1">
      <lines>O the deep, deep love of Jesus!<br/>Vast, unmeasured, boundless, free;<br/>Rolling as a mighty ocean<br/>In its fulness over me.</lines>
    </verse>
    <verse name="v2">
      <lines>Underneath me, all around me,<br/>Is the current of Thy love;<br/>Leading onward, leading homeward,<br/>To my glorious rest above.</lines>
    </verse>
    <verse name="v3">
      <lines>O the deep, deep love of Jesus!<br/>Spread His praise from shore to shore,<br/>How He loveth, ever loveth,<br/>Changeth never, nevermore;</lines>
    </verse>
    <verse name="v4">
      <lines>How He watches o’er His loved ones,<br/>Died to call them all His own;<br/>How for them He intercedeth,<br/>Watches over them from the throne.</lines>
    </verse>
    <verse name="v5">
      <lines>O the deep, deep love of Jesus!<br/>Love of every love the best:<br/>‘Tis an ocean vast of blessing,<br/>‘Tis a haven sweet of rest.</lines>
    </verse>
    <verse name="v6">
      <lines>O the deep, deep love of Jesus!<br/>‘Tis a heaven of heavens to me;<br/>And it lifts me up to glory,<br/>For it lifts me up to Thee.</lines>
    </verse>
  </lyrics>
</song>
