<?xml version='1.0' encoding='UTF-8'?>
<song xmlns="http://openlyrics.info/namespace/2009/song" version="0.8" createdIn="OpenLP 3.1.1" modifiedIn="OpenLP 3.1.1" modifiedDate="2023-01-09T20:17:49">
  <properties>
    <titles>
      <title>Oh Come Lets Sing</title>
    </titles>
    <authors>
      <author>Author Unknown</author>
    </authors>
  </properties>
  <lyrics>
    <verse name="v1">
      <lines>Oh come let's sing, let us rejoice<br/>Oh come let's sing, let us rejoice<br/>Messiah's come, and He brought life<br/>And He put laughter into my soul!</lines>
    </verse>
    <verse name="v2">
      <lines>It would've been enough if He brought Peace<br/>It would've been enough if He brought Love<br/>It would've been enough if He brought Life<br/>But He put laughter in my soul!</lines>
    </verse>
  </lyrics>
</song>
