<?xml version='1.0' encoding='UTF-8'?>
<song xmlns="http://openlyrics.info/namespace/2009/song" version="0.8" createdIn="OpenLP 3.1.1" modifiedIn="OpenLP 3.1.1" modifiedDate="2023-03-21T23:45:39">
  <properties>
    <titles>
      <title>Oh For A Closer Walk With God</title>
    </titles>
    <authors>
      <author>Author Unknown</author>
    </authors>
  </properties>
  <lyrics>
    <verse name="v1">
      <lines>1. O for a closer walk with God,<br/> A calm and heav'nly frame;<br/> A light to shine upon the road<br/> That leads me to the Lamb!</lines>
    </verse>
    <verse name="v2">
      <lines>2. Where is the blessedness I knew,<br/> When first I saw the Lord?<br/> Where is the soul-refreshing view<br/> Of Jesus and His word?</lines>
    </verse>
    <verse name="v3">
      <lines>3. What peaceful hours I once enjoyed!<br/> How sweet their memory still!<br/> But they have left an aching void<br/> The world can never fill.</lines>
    </verse>
    <verse name="v4">
      <lines>4. Return, O holy Dove, return,<br/> Sweet messenger of rest!<br/> I hate the sins that made Thee mourn<br/> And drove Thee from my breast.</lines>
    </verse>
    <verse name="v5">
      <lines>5. The dearest idol I have known,<br/> What e'er that idol be,<br/> Help me to tear it from Thy throne<br/> And worship only Thee.</lines>
    </verse>
    <verse name="v6">
      <lines>6. So shall my walk be close with God,<br/> Calm and serene my frame,<br/> So purer light shall mark the road<br/> That leads me to the Lamb.</lines>
    </verse>
  </lyrics>
</song>
