<?xml version='1.0' encoding='UTF-8'?>
<song xmlns="http://openlyrics.info/namespace/2009/song" version="0.8" createdIn="OpenLP 3.1.1" modifiedIn="OpenLP 3.1.1" modifiedDate="2023-03-21T23:49:22">
  <properties>
    <titles>
      <title>Oh Jesus Christ Grow Thou In Me</title>
    </titles>
    <verseOrder>v1 c1 v2 c1 v3 c1 v4 c1 v5 c1</verseOrder>
    <authors>
      <author>Author Unknown</author>
    </authors>
  </properties>
  <lyrics>
    <verse name="v1">
      <lines>1. O Jesus Christ, grow Thou in, me,<br/> And all things else recede;<br/> My heart be daily nearer Thee,<br/> From sin be Daily freed.</lines>
    </verse>
    <verse name="c1">
      <lines>My weakness still embrace;<br/> My darkness vanish in Thy light,<br/> Thy life my death efface.</lines>
    </verse>
    <verse name="v2">
      <lines>2. In Thy bright beams which on me fall,<br/> Fade every evil thought;<br/> That I am nothing, Thou art all,<br/> I would be daily taught.</lines>
    </verse>
    <verse name="v3">
      <lines>3. More of Thy glory let me see,<br/> Thou Holy, Wise, and True;<br/> I would Thy living image be,<br/> In joy and sorrow too.</lines>
    </verse>
    <verse name="v4">
      <lines>4. Fill me with gladness from above,<br/> Hold me by strength divine;<br/> Lord, let the glow of Thy great love<br/> Through all my being shine.</lines>
    </verse>
    <verse name="v5">
      <lines>5. Make this poor self grow less and less,<br/> Be Thou my life and aim;<br/> On, make me daily through Thy grace<br/> More meet to bear Thy name.</lines>
    </verse>
  </lyrics>
</song>
