<?xml version='1.0' encoding='UTF-8'?>
<song xmlns="http://openlyrics.info/namespace/2009/song" version="0.8" createdIn="OpenLP 3.1.1" modifiedIn="OpenLP 3.1.1" modifiedDate="2023-03-21T23:54:15">
  <properties>
    <titles>
      <title>Oh Lord Our Lord How Lovely Is Your Name</title>
    </titles>
    <verseOrder>v1 v2 v3 v2</verseOrder>
    <authors>
      <author>Author Unknown</author>
    </authors>
  </properties>
  <lyrics>
    <verse name="v1">
      <lines>Oh Lord our Lord<br/>How lovely is your name<br/>How we long to give you praise<br/>As your presence fills this place</lines>
    </verse>
    <verse name="v2">
      <lines>Oh Lord our Lord<br/>How lovely is your name<br/>How we long to seek your face<br/>For you alone deserve our praise</lines>
    </verse>
    <verse name="v3">
      <lines>For You're worthy worthy<br/>Worthy to recieve our praise<br/>For You're worthy worthy<br/>Worthy to receive our praise</lines>
    </verse>
  </lyrics>
</song>
