<?xml version='1.0' encoding='UTF-8'?>
<song xmlns="http://openlyrics.info/namespace/2009/song" version="0.8" createdIn="OpenLP 3.1.1" modifiedIn="OpenLP 3.1.1" modifiedDate="2023-02-05T16:00:32">
  <properties>
    <titles>
      <title>Oh Lord You Have Been Good</title>
    </titles>
    <verseOrder>v1 c1 v2 c1 e1</verseOrder>
    <authors>
      <author>Author Unknown</author>
    </authors>
  </properties>
  <lyrics>
    <verse name="v1">
      <lines>D<br/><br/>O Lord You have been good<br/>You have been faithful<br/>To all generations<br/>O Lord Your steadfast love<br/>And tender mercy<br/>Have been our salvation</lines>
    </verse>
    <verse name="c1">
      <lines>For by Your hand<br/>We have been fed<br/>And by Your Spirit<br/>We have been led</lines>
    </verse>
    <verse name="v2">
      <lines>O Lord Almighty God<br/>Father unchanging<br/>Upright and holy<br/>O Lord You have been good<br/>You have been faithful<br/>You have been good</lines>
    </verse>
    <verse name="e1">
      <lines>O Lord You have been good<br/>You have been faithful<br/>You have been good</lines>
    </verse>
  </lyrics>
</song>
