<?xml version='1.0' encoding='UTF-8'?>
<song xmlns="http://openlyrics.info/namespace/2009/song" version="0.8" createdIn="OpenLP 3.1.1" modifiedIn="OpenLP 3.1.1" modifiedDate="2023-03-21T23:54:38">
  <properties>
    <titles>
      <title>Oh Lord our Lord how majestic is</title>
    </titles>
    <authors>
      <author>Author Unknown</author>
    </authors>
  </properties>
  <lyrics>
    <verse name="v1">
      <lines>C<br/><br/>Oh Lord our Lord how majestic is<br/>Your name in all the earth<br/>Oh Lord our Lord how majestic is<br/>Your name in all the earth</lines>
    </verse>
    <verse name="v2">
      <lines>Oh Lord we praise Your name<br/>Oh Lord we magnify Your name<br/>Prince of Peace Mighty God<br/>Oh Lord God Almighty</lines>
    </verse>
  </lyrics>
</song>
