<?xml version='1.0' encoding='UTF-8'?>
<song xmlns="http://openlyrics.info/namespace/2009/song" version="0.8" createdIn="OpenLP 3.1.1" modifiedIn="OpenLP 3.1.1" modifiedDate="2023-03-21T23:58:37">
  <properties>
    <titles>
      <title>Oh The Deep Deep Love Of Jesus</title>
    </titles>
    <copyright>Public Domain, Administered by CCLI Administration Account</copyright>
    <ccliNo>137178</ccliNo>
    <authors>
      <author>Samuel Trevor Francis</author>
      <author>Thomas J. Williams</author>
    </authors>
  </properties>
  <lyrics>
    <verse name="v1a">
      <lines>Em<br/><br/>O the deep deep love of Jesus<br/>Vast unmeasured boundless free<br/>Rolling as a mighty ocean<br/>In its fullness over me</lines>
    </verse>
    <verse name="v1b">
      <lines>Underneath me all around me<br/>Is the current of Thy love<br/>Leading onward leading homeward<br/>To my glorious rest above</lines>
    </verse>
    <verse name="v2a">
      <lines>O the deep deep love of Jesus<br/>Spread His praise from shore to shore<br/>How He loveth ever loveth<br/>Changeth never nevermore</lines>
    </verse>
    <verse name="v2b">
      <lines>How He watches o'er His loved ones<br/>Died to call them all His own<br/>How for them He intercedeth<br/>Watcheth o'er them from the throne</lines>
    </verse>
    <verse name="v3a">
      <lines>O the deep deep love of Jesus<br/>Love of ev'ry love the best<br/>'Tis an ocean full of blessing<br/>'Tis a haven sweet of rest</lines>
    </verse>
    <verse name="v3b">
      <lines>O the deep deep love of Jesus<br/>'Tis a heav'n of heav'ns to me<br/>And it lifts me up to glory<br/>For it lifts me up to Thee</lines>
    </verse>
  </lyrics>
</song>
