<?xml version='1.0' encoding='UTF-8'?>
<song xmlns="http://openlyrics.info/namespace/2009/song" version="0.8" createdIn="OpenLP 3.1.1" modifiedIn="OpenLP 3.1.1" modifiedDate="2023-03-22T00:01:40">
  <properties>
    <titles>
      <title>Oh Worship The King</title>
    </titles>
    <copyright>Public Domain, Administered by CCLI Administration Account</copyright>
    <ccliNo>1486</ccliNo>
    <authors>
      <author>Johann Michael Haydn</author>
      <author>Robert Grant</author>
    </authors>
  </properties>
  <lyrics>
    <verse name="v1a">
      <lines>G<br/><br/>Oh, worship the King,<br/>All glorious above,<br/>Oh, gratefully sing<br/>His power and His love.</lines>
    </verse>
    <verse name="v1b">
      <lines>Our Shield and Defender,<br/>The Ancient of Days,<br/>Pavilioned in splendor<br/>And girded with praise.</lines>
    </verse>
    <verse name="v2a">
      <lines>Oh, tell of His might,<br/>Oh, sing of His grace<br/>Whose robe is the light,<br/>Whose canopy space.</lines>
    </verse>
    <verse name="v2b">
      <lines>His chariots of wrath<br/>The deep thunderclouds form<br/>And dark is His path<br/>On the wings of the storm.</lines>
    </verse>
    <verse name="v3a">
      <lines>Thy bountiful care<br/>What tongue can recite?<br/>It breathes in the air,<br/>It shines in the light.</lines>
    </verse>
    <verse name="v3b">
      <lines>It streams from the hills,<br/>It descends to the plain<br/>And sweetly distills<br/>In the dew and the rain.</lines>
    </verse>
    <verse name="v4a">
      <lines>Frail children of dust<br/>And feeble as frail<br/>In Thee do we trust,<br/>Nor find Thee to fail.</lines>
    </verse>
    <verse name="v4b">
      <lines>Thy mercies how tender,<br/>How firm to the end,<br/>Our Maker, Defender,<br/>Redeemer, and Friend.</lines>
    </verse>
  </lyrics>
</song>
