<?xml version='1.0' encoding='UTF-8'?>
<song xmlns="http://openlyrics.info/namespace/2009/song" version="0.8" createdIn="OpenLP 3.1.1" modifiedIn="OpenLP 3.1.1" modifiedDate="2023-03-12T15:12:30">
  <properties>
    <titles>
      <title>Our God (Is Greater) (Chris Tomlin)</title>
    </titles>
    <comments>
      <comment>verse 1 (whole song may be repeated)

[above are Song Tags with notes imported from EasyWorship]</comment>
    </comments>
    <verseOrder>v1 v2 c1 v2 c1 c1 b1 b1 c1</verseOrder>
    <authors>
      <author>Author Unknown</author>
    </authors>
  </properties>
  <lyrics>
    <verse name="v1">
      <lines>Water You turned Into wine<br/>Opened the eyes Of the blind<br/>There's no one like You<br/>None like You</lines>
    </verse>
    <verse name="v2">
      <lines>Into the darkness You shine<br/>Out of the ashes we rise<br/>There's no one like You<br/>None like You</lines>
    </verse>
    <verse name="c1">
      <lines>Our God is greater<br/>Our God is stronger<br/>God You are higher Than any other<br/>Our God is healer<br/>Awesome in power<br/>Our God our God</lines>
    </verse>
    <verse name="b1">
      <lines>And if our God is for us<br/>Then who could Ever stop us<br/>And if our God is with us<br/>Then what could Stand against</lines>
    </verse>
  </lyrics>
</song>
