<?xml version='1.0' encoding='UTF-8'?>
<song xmlns="http://openlyrics.info/namespace/2009/song" version="0.8" createdIn="OpenLP 3.1.1" modifiedIn="OpenLP 3.1.1" modifiedDate="2023-06-05T13:32:42">
  <properties>
    <titles>
      <title>Over the mountains and the sea</title>
    </titles>
    <verseOrder>v1 v2 c1 b1 c2</verseOrder>
    <authors>
      <author>Author Unknown</author>
    </authors>
  </properties>
  <lyrics>
    <verse name="v1">
      <lines>E<br/><br/>Over the mountains and the sea<br/>Your river runs with love for me<br/>And I will open up my heart<br/>And let the Healer set me free</lines>
    </verse>
    <verse name="v2">
      <lines>I'm happy to be in the truth<br/>And I will daily lift my hands<br/>For I will always sing<br/>Of when Your love came down</lines>
    </verse>
    <verse name="c1">
      <lines>I could sing of Your love forever (x4)</lines>
    </verse>
    <verse name="c2">
      <lines>I will sing of Your love forever (x4)</lines>
    </verse>
    <verse name="b1">
      <lines>Oh I feel like dancing<br/>It's foolishness I know<br/>But when the world<br/>Has seen the light<br/>They will dance with joy<br/>Like we're dancing now!</lines>
    </verse>
  </lyrics>
</song>
