<?xml version='1.0' encoding='UTF-8'?>
<song xmlns="http://openlyrics.info/namespace/2009/song" version="0.8" createdIn="OpenLP 3.1.1" modifiedIn="OpenLP 3.1.1" modifiedDate="2023-01-09T20:17:50">
  <properties>
    <titles>
      <title>Search Me O God</title>
    </titles>
    <authors>
      <author>Author Unknown</author>
    </authors>
  </properties>
  <lyrics>
    <verse name="v1a">
      <lines>Search me O God and<br/>know my heart today<br/>Try me O Savior<br/>Know my thoughts I pray</lines>
    </verse>
    <verse name="v1b">
      <lines>See if there be<br/>Some wicked way in me<br/>Cleanse me from every sin<br/>And set me free</lines>
    </verse>
    <verse name="v2a">
      <lines>I praise Thee Lord<br/>For cleansing me from sin<br/>Fulfill Thy Word and<br/>Make me pure within</lines>
    </verse>
    <verse name="v2b">
      <lines>Fill me with fire where<br/>Once I burned with shame<br/>Grant my desire to<br/>Magnify Thy Name</lines>
    </verse>
    <verse name="v3a">
      <lines>Lord take my life<br/>And make it wholly Thine<br/>Fill my poor heart with<br/>Thy great love divine</lines>
    </verse>
    <verse name="v3b">
      <lines>Take all my will<br/>My passion self and pride<br/>I now surrender Lord<br/>In me abide</lines>
    </verse>
    <verse name="v4a">
      <lines>O Holy Ghost revival<br/>Comes from Thee<br/>Send a revival<br/>Start the work in me</lines>
    </verse>
    <verse name="v4b">
      <lines>Thy Word declares<br/>Thou wilt supply our need<br/>For blessings now<br/>O Lord I humbly plead</lines>
    </verse>
  </lyrics>
</song>
