<?xml version='1.0' encoding='UTF-8'?>
<song xmlns="http://openlyrics.info/namespace/2009/song" version="0.8" createdIn="OpenLP 3.1.1" modifiedIn="OpenLP 3.1.1" modifiedDate="2023-01-09T20:17:50">
  <properties>
    <titles>
      <title>Shield About Me</title>
    </titles>
    <copyright>1980 Spoone Music / Word Music, LLC, Administered by Word Music Group, Inc.</copyright>
    <ccliNo>14882</ccliNo>
    <authors>
      <author>Charles Williams</author>
      <author>Donn Thomas</author>
    </authors>
  </properties>
  <lyrics>
    <verse name="v1">
      <lines>Thou O Lord<br/>Are a shield about me<br/>You're my glory<br/>You're the lifter of my head<br/>Thou O Lord<br/>Are a shield about me<br/>You're my glory<br/>You're the lifter of my head</lines>
    </verse>
    <verse name="c1">
      <lines>Hallelujah hallelujah hallelujah<br/>You're the lifter of my head<br/>Hallelujah hallelujahC hallelujah<br/>You're the lifter of my head</lines>
    </verse>
  </lyrics>
</song>
