<?xml version='1.0' encoding='UTF-8'?>
<song xmlns="http://openlyrics.info/namespace/2009/song" version="0.8" createdIn="OpenLP 3.1.1" modifiedIn="OpenLP 3.1.1" modifiedDate="2023-01-09T20:17:51">
  <properties>
    <titles>
      <title>Show Me Thy Glory Lord</title>
    </titles>
    <authors>
      <author>Author Unknown</author>
    </authors>
  </properties>
  <lyrics>
    <verse name="v1">
      <lines>1. Show me Thy glory, Lord; Oh, let me see,<br/> All that Thou art, all that Thou hast for me,<br/> And all that I some day may hope to be;<br/> Show me Thy glory, Lord.</lines>
    </verse>
    <verse name="v2">
      <lines>2. Show me the glory of my Savior's face,<br/> Show me the fullness of His glorious grace,<br/> And help me rise and claim my destined place,<br/> In all His fullness, Lord.</lines>
    </verse>
    <verse name="v3">
      <lines>3. Show me the glory of the things unseen,<br/> Till earthly things shall lose their glittering sheen,<br/> And nothing less can ever come between<br/> My heart and heaven, Lord.</lines>
    </verse>
    <verse name="v4">
      <lines>4. Oh, rend the veil of flesh and put aside<br/> All things in me that could Thy glory hide.<br/> And in the Holiest let me abide.<br/> With Thee forever, Lord.</lines>
    </verse>
    <verse name="v5">
      <lines>5. Give me more glimpses of the Lord of Light,<br/> Some foretastes of their rapture and delight<br/> Who have their home where faith is lost in sight,<br/> And sorrow ended, Lord.</lines>
    </verse>
    <verse name="v6">
      <lines>6. Show my the glorious vision of the end,<br/> When heaven shall at length to earth descend,<br/> And all the endless ages we shall spend<br/> With Thee in glory, Lord.</lines>
    </verse>
    <verse name="v7">
      <lines>7. I need the vision, Lord; Oh, let me see,<br/> All that Thou art, all that Thou hast for me.<br/> And all that I some day may hope to see<br/> Show me Thy glory, Lord. Author Unknown</lines>
    </verse>
  </lyrics>
</song>
