<?xml version='1.0' encoding='UTF-8'?>
<song xmlns="http://openlyrics.info/namespace/2009/song" version="0.8" createdIn="OpenLP 3.1.1" modifiedIn="OpenLP 3.1.1" modifiedDate="2023-01-09T20:17:51">
  <properties>
    <titles>
      <title>Sing to Jesus (and live)</title>
    </titles>
    <authors>
      <author>Author Unknown</author>
    </authors>
  </properties>
  <lyrics>
    <verse name="v1">
      <lines>Weak and wounded sinner<br/>Lost and left to die<br/>Oh raise your head for Love is passin' by<br/>Come to Jesus<br/>Come to Jesus<br/>Come to Jesus and live</lines>
    </verse>
    <verse name="v2">
      <lines>Now your burden's lifted<br/>And carried far away<br/>And precious blood has washed away the stain<br/>So sing to Jesus<br/>Sing to Jesus<br/>Sing to Jesus and live</lines>
    </verse>
    <verse name="v3">
      <lines>Like a newborn baby<br/>Don't be afraid to crawl<br/>And remember when you walk sometimes we fall<br/>So fall on Jesus<br/>Fall on Jesus<br/>Fall on Jesus and live</lines>
    </verse>
    <verse name="v4">
      <lines>Sometimes the way is lonely<br/>And steep and filled with pain<br/>So if your sky is dark and pours the rain<br/>Then cry to Jesus<br/>Cry to Jesus<br/>Cry to Jesus and live</lines>
    </verse>
    <verse name="v5">
      <lines>Oh and when the love spills over<br/>And music fills the night<br/>And when you can't contain your joy inside<br/>Then dance for Jesus<br/>Dance for Jesus<br/>Dance for Jesus and live</lines>
    </verse>
    <verse name="v6">
      <lines>And with your final heartbeat<br/>Kiss the world good-bye<br/>Then go in peace and laugh on glory's side<br/>And fly to Jesus<br/>Fly to Jesus<br/>Fly to Jesus and live<br/>Fly to Jesus</lines>
    </verse>
  </lyrics>
</song>
