<?xml version='1.0' encoding='UTF-8'?>
<song xmlns="http://openlyrics.info/namespace/2009/song" version="0.8" createdIn="OpenLP 3.1.1" modifiedIn="OpenLP 3.1.1" modifiedDate="2023-06-05T14:10:52">
  <properties>
    <titles>
      <title>Soldiers Of Christ Arise</title>
    </titles>
    <copyright>Public Domain, Administered by CCLI Administration Account</copyright>
    <ccliNo>185924</ccliNo>
    <authors>
      <author>Charles Wesley</author>
      <author>George Job Elvey</author>
    </authors>
  </properties>
  <lyrics>
    <verse name="v1">
      <lines>D<br/><br/>Soldiers of Christ arise<br/>And put your armor on<br/>Strong in the strength<br/>Which God supplies<br/>Through His eternal Son</lines>
    </verse>
    <verse name="v2a">
      <lines>Strong in the Lord of hosts<br/>And in His mighty pow'r<br/>Who in the strength<br/>Of Jesus trusts<br/>Is more than conqueror</lines>
    </verse>
    <verse name="v2b">
      <lines>Stand then in His great might<br/>With all His strength endued<br/>And take to arm you<br/>For the fight<br/>The panoply of God</lines>
    </verse>
    <verse name="v2c">
      <lines>From strength to strength go on<br/>Wrestle and fight and pray<br/>Tread all the pow'rs<br/>Of darkness down<br/>And win the well fought day</lines>
    </verse>
    <verse name="v3a">
      <lines>Leave no unguarded place<br/>No weakness of the soul<br/>Take every virtue every grace<br/>And fortify the whole</lines>
    </verse>
    <verse name="v3b">
      <lines>That having all things done<br/>And all your conflicts past<br/>Ye may o'er come<br/>Through Christ alone<br/>And stand complete at last</lines>
    </verse>
    <verse name="v4a">
      <lines>Pray without ceasing pray<br/>Your Captain gives the word<br/>His summons cheerfully obey<br/>And call upon the Lord</lines>
    </verse>
    <verse name="v4b">
      <lines>To God your every want<br/>In instant prayer display<br/>Pray always pray and never faint<br/>Pray without ceasing pray</lines>
    </verse>
  </lyrics>
</song>
