<?xml version='1.0' encoding='UTF-8'?>
<song xmlns="http://openlyrics.info/namespace/2009/song" version="0.8" createdIn="OpenLP 3.1.1" modifiedIn="OpenLP 3.1.1" modifiedDate="2023-06-05T14:12:33">
  <properties>
    <titles>
      <title>Speak O Lord</title>
    </titles>
    <copyright>2005 Thankyou Music, Administered by EMI Christian Music Publishing</copyright>
    <ccliNo>4615235</ccliNo>
    <authors>
      <author>Keith Getty</author>
      <author>Stuart Townend</author>
    </authors>
  </properties>
  <lyrics>
    <verse name="v1a">
      <lines>A<br/><br/>Speak O Lord as we come to You<br/>To receive the food of Your Holy Word<br/>Take Your truth plant it deep in us<br/>Shape and fashion us in Your likeness</lines>
    </verse>
    <verse name="v1b">
      <lines>That the light of Christ might be seen today<br/>In our acts of love and our deeds of faith<br/>Speak O Lord and fulfill in us<br/>All Your purposes for Your glory</lines>
    </verse>
    <verse name="v2a">
      <lines>Teach us Lord full obedience<br/>Holy reverence true humility<br/>Test our thoughts and our attitudes<br/>In the radiance of Your purity</lines>
    </verse>
    <verse name="v2b">
      <lines>Cause our faith to rise<br/>Cause our eyes to see<br/>Your majestic love and authority<br/>Words of power that can never fail<br/>Let their truth prevail over unbelief</lines>
    </verse>
    <verse name="v3a">
      <lines>Speak O Lord and renew our minds<br/>Help us grasp the heights of Your plans for us<br/>Truths unchanged from the dawn of time<br/>That will echo down through eternity</lines>
    </verse>
    <verse name="v3b">
      <lines>And by grace we'll stand on Your promises<br/>And by faith we'll walk as You walk with us<br/>Speak O Lord till Your church is built<br/>And the earth is filled with Your glory</lines>
    </verse>
  </lyrics>
</song>
