<?xml version='1.0' encoding='UTF-8'?>
<song xmlns="http://openlyrics.info/namespace/2009/song" version="0.8" createdIn="OpenLP 3.1.1" modifiedIn="OpenLP 3.1.1" modifiedDate="2023-01-09T20:17:51">
  <properties>
    <titles>
      <title>Stand fast in the liberty (Gal. 5:1)</title>
    </titles>
    <authors>
      <author>Author Unknown</author>
    </authors>
  </properties>
  <lyrics>
    <verse name="v1">
      <lines>Stand fast in the liberty<br/>wherewith Christ hath made us free.<br/>Stand fast in the liberty<br/>wherewith christ hath made us free,<br/>and be not entangled again with the yoke of bondage.<br/>Stand fast in the liberty<br/>wherewith Christ hath made us free.</lines>
    </verse>
  </lyrics>
</song>
