<?xml version='1.0' encoding='UTF-8'?>
<song xmlns="http://openlyrics.info/namespace/2009/song" version="0.8" createdIn="OpenLP 3.1.1" modifiedIn="OpenLP 3.1.1" modifiedDate="2023-06-05T14:23:39">
  <properties>
    <titles>
      <title>Ten Thousand Thanks To Jesus</title>
    </titles>
    <verseOrder>v1 c1 v2 c1 v3 c1</verseOrder>
    <authors>
      <author>Author Unknown</author>
    </authors>
  </properties>
  <lyrics>
    <verse name="v1">
      <lines>E<br/>Ten thousand thanks to Jesus<br/>Whose life our ransom paid<br/>Whose blood a full redemption<br/>For all the world has made<br/>Let ev'ry heart adore Him<br/>Let ev'ry creature sing<br/>Ten thousand thanks to Jesus,<br/>Our Saviour and our King</lines>
    </verse>
    <verse name="c1">
      <lines>Ten thousand thanks<br/>Ten thousand thanks<br/>We'll praise Him o'er and o'er<br/>And for the life with Him to live,<br/>Ten thousand thousand more</lines>
    </verse>
    <verse name="v2">
      <lines>Ten thousand hearts to Jesus<br/>How gladly we would give<br/>Ten thousand lives to Jesus<br/>Had we so long to live<br/>Ten thousand tongues Shall praise Him<br/>Ten thousand songs ascend<br/>To Him, our blessed Redeemer<br/>Our Saviour and our Friend</lines>
    </verse>
    <verse name="v3">
      <lines>Ten thousand thanks to Jesus<br/>For blessings ev'ry hour<br/>Ten thousand times Ten thousand<br/>For love's redeeming power<br/>And when He comes in glory<br/>His blessed face we'll see<br/>His love through endless ages<br/>Our sweetest song shall be</lines>
    </verse>
  </lyrics>
</song>
