<?xml version='1.0' encoding='UTF-8'?>
<song xmlns="http://openlyrics.info/namespace/2009/song" version="0.8" createdIn="OpenLP 3.1.1" modifiedIn="OpenLP 3.1.1" modifiedDate="2023-01-09T20:17:51">
  <properties>
    <titles>
      <title>The wonder of it all</title>
    </titles>
    <verseOrder>v1 c1 v2 c1</verseOrder>
    <authors>
      <author>Author Unknown</author>
    </authors>
  </properties>
  <lyrics>
    <verse name="v1">
      <lines>There's the wonder of sunset at evening<br/>The wonder as sunrise I see<br/>But the wonder of wonders that thrills my soul<br/>Is the wonder that God loves me</lines>
    </verse>
    <verse name="c1">
      <lines>O the wonder of it all<br/>The wonder of it all<br/>Just to think that God loves me<br/>O the wonder of it all<br/>The wonder of it all<br/>Just to think God loves me</lines>
    </verse>
    <verse name="v2">
      <lines>There's the wonder of springtime and harvest<br/>The sky the stars the sun<br/>But the wonder of wonders that thrills my soul<br/>Is a wonder that's only begun</lines>
    </verse>
  </lyrics>
</song>
