<?xml version='1.0' encoding='UTF-8'?>
<song xmlns="http://openlyrics.info/namespace/2009/song" version="0.8" createdIn="OpenLP 3.1.1" modifiedIn="OpenLP 3.1.1" modifiedDate="2023-01-09T20:17:51">
  <properties>
    <titles>
      <title>There's Something About That Name</title>
    </titles>
    <copyright>1970 William J. Gaither, Inc. ARR UBP of Gaither Copyright Management, Administered by Gaither Copyright Management</copyright>
    <ccliNo>14064</ccliNo>
    <authors>
      <author>Gloria Gaither</author>
      <author>William J. Gaither</author>
    </authors>
  </properties>
  <lyrics>
    <verse name="c1">
      <lines>Jesus Jesus Jesus<br/>There's just something about that name<br/>Master Savior Jesus<br/>Like a fragrance after the rain</lines>
    </verse>
    <verse name="c2">
      <lines>Jesus Jesus Jesus<br/>Let all heaven and earth proclaim<br/>Kings and kingdoms may all pass away<br/>But there's something about that name</lines>
    </verse>
  </lyrics>
</song>
