<?xml version='1.0' encoding='UTF-8'?>
<song xmlns="http://openlyrics.info/namespace/2009/song" version="0.8" createdIn="OpenLP 3.1.1" modifiedIn="OpenLP 3.1.1" modifiedDate="2023-06-05T15:31:01">
  <properties>
    <titles>
      <title>Trust And Obey</title>
    </titles>
    <copyright>Public Domain, Administered by CCLI Administration Account</copyright>
    <verseOrder>v1 c1 v2 c1 v3 c1 v4 c1 v5 c1</verseOrder>
    <ccliNo>22094</ccliNo>
    <authors>
      <author>Daniel Brink Towner</author>
      <author>Rev. John Henry Sammis</author>
    </authors>
  </properties>
  <lyrics>
    <verse name="c1">
      <lines>Trust and obey,<br/>For there's no other way<br/>To be happy in Jesus<br/>But to trust and obey.</lines>
    </verse>
    <verse name="v1">
      <lines>When we walk with the Lord<br/>In the light of His Word,<br/>What a glory He sheds on our way.<br/>While we do His good will.<br/>He abides with us still<br/>And with all who will<br/>Trust and obey.</lines>
    </verse>
    <verse name="v2">
      <lines>Not a shadow can rise,<br/>Not a cloud in the skies<br/>But His smile quickly<br/>Drives it away.<br/>Not a doubt nor a fear,<br/>Not a sigh nor a tear<br/>Can abide while we<br/>Trust and obey.</lines>
    </verse>
    <verse name="v3">
      <lines>Not a burden we bear,<br/>Not a sorrow we share<br/>But our toil He doth<br/>Richly repay.<br/>Not a grief nor a loss,<br/>Not a frown nor a cross<br/>But is blest if we<br/>Trust and obey.</lines>
    </verse>
    <verse name="v4">
      <lines>But we never can prove<br/>The delights of His love<br/>Until all on the altar we lay.<br/>For the favor He shows<br/>And the joy He bestows<br/>Are for them who will<br/>Trust and obey.</lines>
    </verse>
    <verse name="v5">
      <lines>Then in fellowship sweet<br/>We will sit at His feet,<br/>Or we'll walk by His side<br/>In the way.<br/>What He says we will do,<br/>Where He sends we will go,<br/>Never fear, only trust and obey.</lines>
    </verse>
  </lyrics>
</song>
