<?xml version='1.0' encoding='UTF-8'?>
<song xmlns="http://openlyrics.info/namespace/2009/song" version="0.8" createdIn="OpenLP 3.1.1" modifiedIn="OpenLP 3.1.1" modifiedDate="2023-01-09T20:17:52">
  <properties>
    <titles>
      <title>Unto Him That Loved Us</title>
    </titles>
    <authors>
      <author>Author Unknown</author>
    </authors>
  </properties>
  <lyrics>
    <verse name="v1">
      <lines>Unto Him that loved us<br/>And washed us from our sins<br/>By His own blood<br/>And hath made us a Kingdom<br/>Priests to His God and Father<br/>To Him be glory and dominion<br/>Forever and ever - amen!</lines>
    </verse>
  </lyrics>
</song>
