<?xml version='1.0' encoding='UTF-8'?>
<song xmlns="http://openlyrics.info/namespace/2009/song" version="0.8" createdIn="OpenLP 3.1.1" modifiedIn="OpenLP 3.1.1" modifiedDate="2023-06-05T15:38:44">
  <properties>
    <titles>
      <title>We Are Here To Praise You</title>
    </titles>
    <copyright>1985 Thankyou Music, Administered by EMI Christian Music Publishing</copyright>
    <ccliNo>78914</ccliNo>
    <authors>
      <author>Graham Kendrick</author>
    </authors>
  </properties>
  <lyrics>
    <verse name="v1a">
      <lines>C<br/><br/>We are here to praise You,<br/>Lift our hearts and sing.<br/>We are here to give You<br/>The best that we can bring.</lines>
    </verse>
    <verse name="v1b">
      <lines>And it is your love<br/>Rising from our hearts,<br/>Ev'rything within us cries,<br/>Abba Father.</lines>
    </verse>
    <verse name="v2">
      <lines>Help us now to give You<br/>Pleasure and delight,<br/>Hearts and minds and wills that say,<br/>We love You Lord.</lines>
    </verse>
    <verse name="b1">
      <lines>Lord we love You<br/>Lord we love You<br/>Lord we love You<br/>We love You Lord</lines>
    </verse>
  </lyrics>
</song>
