<?xml version='1.0' encoding='UTF-8'?>
<song xmlns="http://openlyrics.info/namespace/2009/song" version="0.8" createdIn="OpenLP 3.1.1" modifiedIn="OpenLP 3.1.1" modifiedDate="2023-01-09T20:17:52">
  <properties>
    <titles>
      <title>We Are One In The Spirit</title>
    </titles>
    <authors>
      <author>Author Unknown</author>
    </authors>
  </properties>
  <lyrics>
    <verse name="v1">
      <lines>We are one in the Spirit<br/>We are one in the Lord<br/>We are one in the Spirit<br/>We are one in the Lord</lines>
    </verse>
    <verse name="v2">
      <lines>And we pray that all unity<br/>May one day be restored<br/>And they'll know we are christians<br/>By our love - by our love<br/>Yes they'll know we are christians<br/>By our love</lines>
    </verse>
    <verse name="v3">
      <lines>We will walk with each other<br/>We will walk hand in hand<br/>We will walk with each other<br/>We will walk hand in hand</lines>
    </verse>
    <verse name="v4">
      <lines>And together we'll spread the news<br/>That God is in our land<br/>And they'll know we are christians<br/>By our love - by our love<br/>And they'll know we are christians<br/>By our love</lines>
    </verse>
    <verse name="v5">
      <lines>All praise to the Father<br/>From whom all things come<br/>And all praise to Christ Jesus<br/>His only Son<br/>And all praise to the Spirit<br/>Who makes us one</lines>
    </verse>
    <verse name="v6">
      <lines>And they'll know we are christians<br/>By our love - by our love<br/>And they'll know we are christians<br/>by our love</lines>
    </verse>
  </lyrics>
</song>
