<?xml version='1.0' encoding='UTF-8'?>
<song xmlns="http://openlyrics.info/namespace/2009/song" version="0.8" createdIn="OpenLP 3.1.1" modifiedIn="OpenLP 3.1.1" modifiedDate="2023-01-09T20:17:52">
  <properties>
    <titles>
      <title>We Rest Secure</title>
    </titles>
    <authors>
      <author>Author Unknown</author>
    </authors>
  </properties>
  <lyrics>
    <verse name="v1">
      <lines>We rest secure in You<br/>You are our only hope<br/>You are the mighty God<br/>In You we put our total trust<br/>We rest secure in You<br/>And we rely on You<br/>You are the Lamb of God<br/>Slain for our sin</lines>
    </verse>
  </lyrics>
</song>
