<?xml version='1.0' encoding='UTF-8'?>
<song xmlns="http://openlyrics.info/namespace/2009/song" version="0.8" createdIn="OpenLP 3.1.1" modifiedIn="OpenLP 3.1.1" modifiedDate="2023-06-05T15:43:08">
  <properties>
    <titles>
      <title>We See The Lord</title>
    </titles>
    <copyright>1985 Stamps - Baxter Music, Administered by Brentwood-Benson Music Publishing, Inc.</copyright>
    <ccliNo>240065</ccliNo>
    <authors>
      <author>Jack Taylor</author>
    </authors>
  </properties>
  <lyrics>
    <verse name="v1">
      <lines>F<br/><br/>We see the Lord,<br/>We see the Lord.<br/>He is high and lifted up,<br/>And His train fills the temple.<br/>He is high and lifted up,<br/>And His train fills the temple.</lines>
    </verse>
    <verse name="c2">
      <lines>The angels cry holy,<br/>The angels cry holy,<br/>The angels cry holy is the Lord.</lines>
    </verse>
  </lyrics>
</song>
