<?xml version='1.0' encoding='UTF-8'?>
<song xmlns="http://openlyrics.info/namespace/2009/song" version="0.8" createdIn="OpenLP 3.1.1" modifiedIn="OpenLP 3.1.1" modifiedDate="2023-01-09T20:17:52">
  <properties>
    <titles>
      <title>We Shall Go Out With Joy</title>
    </titles>
    <authors>
      <author>Author Unknown</author>
    </authors>
  </properties>
  <lyrics>
    <verse name="v1">
      <lines>We shall go out with joy<br/>And be led forth with peace<br/>The mountains and the hills<br/>Will break forth before us<br/>There'll be shouts of joy<br/>And all the trees of the field<br/>Will clap will clap their hands</lines>
    </verse>
    <verse name="c1">
      <lines>And all the trees of the field<br/>Will clap their hands<br/>The trees of the field<br/>Will clap their hands<br/>The trees of the field<br/>Will clap their hands<br/>While we go out with joy</lines>
    </verse>
  </lyrics>
</song>
