<?xml version='1.0' encoding='UTF-8'?>
<song xmlns="http://openlyrics.info/namespace/2009/song" version="0.8" createdIn="OpenLP 3.1.1" modifiedIn="OpenLP 3.1.1" modifiedDate="2023-01-09T20:17:52">
  <properties>
    <titles>
      <title>We Will Crown You Lord</title>
    </titles>
    <authors>
      <author>Author Unknown</author>
    </authors>
  </properties>
  <lyrics>
    <verse name="v1">
      <lines>And we will crown you Lord<br/>We will crown you King of kings<br/>Jesus you're my life<br/>And You're Lord of everything</lines>
    </verse>
    <verse name="v2">
      <lines>And we will crown you Lord<br/>We will crown you King of kings<br/>Jesus you're my life<br/>And You're Lord of everything</lines>
    </verse>
  </lyrics>
</song>
