<?xml version='1.0' encoding='UTF-8'?>
<song xmlns="http://openlyrics.info/namespace/2009/song" version="0.8" createdIn="OpenLP 3.1.1" modifiedIn="OpenLP 3.1.1" modifiedDate="2023-06-05T15:48:38">
  <properties>
    <titles>
      <title>What A Beautiful Name (Hillsong)</title>
    </titles>
    <comments>
      <comment>chorus 2 (pay attention evelyn)
bridge (right after verse 2)

[above are Song Tags with notes imported from EasyWorship]</comment>
    </comments>
    <verseOrder>v1 c1 v2 c2 b2 c3</verseOrder>
    <authors>
      <author>Author Unknown</author>
    </authors>
  </properties>
  <lyrics>
    <verse name="v1">
      <lines>D<br/><br/>You were the Word At the beginning<br/>One with God the Lord Most High<br/>Your hidden glory in creation<br/>Now revealed in You our Christ</lines>
    </verse>
    <verse name="c1a">
      <lines>What a beautiful Name it is<br/>What a beautiful Name it is<br/>The Name of Jesus Christ my King</lines>
    </verse>
    <verse name="c1b">
      <lines>What a beautiful Name it is<br/>Nothing compares to this<br/>What a beautiful Name it is<br/>The Name of Jesus</lines>
    </verse>
    <verse name="v2">
      <lines>You didn't want heaven Without us<br/>So Jesus You brought Heaven down<br/>My sin was great Your Love was greater<br/>What could separate us now</lines>
    </verse>
    <verse name="c2a">
      <lines>What a wonderful Name it is<br/>What a wonderful Name it is<br/>The Name of Jesus Christ my King</lines>
    </verse>
    <verse name="c2b">
      <lines>What a wonderful Name it is<br/>Nothing compares to this<br/>What a wonderful Name it is<br/>The Name of Jesus<br/>What a wonderful Name it is<br/>The Name of Jesus</lines>
    </verse>
    <verse name="b2a">
      <lines>Death could not hold You<br/>The veil tore before You<br/>You silence the boast Of sin and grave<br/>The heavens are roaring The praise of Your glory<br/>For You are raised To life again</lines>
    </verse>
    <verse name="b2b">
      <lines>You have no rival You Have no equal<br/>Now and forever God You reign<br/>Yours is the kingdom Yours is the glory<br/>Yours is the Name Above all names</lines>
    </verse>
    <verse name="c3a">
      <lines>What a powerful Name it is<br/>What a powerful Name it is<br/>The Name of Jesus Christ my King</lines>
    </verse>
    <verse name="c3b">
      <lines>What a powerful Name it is<br/>Nothing can stand against<br/>What a powerful Name it is<br/>The Name of Jesus<br/>What a wonderful name it is<br/>The Name of Jesus<br/>What a beautiful name it is<br/>The Name of Jesus</lines>
    </verse>
  </lyrics>
</song>
