<?xml version='1.0' encoding='UTF-8'?>
<song xmlns="http://openlyrics.info/namespace/2009/song" version="0.8" createdIn="OpenLP 3.1.1" modifiedIn="OpenLP 3.1.1" modifiedDate="2023-06-05T15:52:40">
  <properties>
    <titles>
      <title>When I Survey the Wondrous Cross *</title>
    </titles>
    <authors>
      <author>Author Unknown</author>
    </authors>
  </properties>
  <lyrics>
    <verse name="v1">
      <lines>E<br/><br/>When I survey the Wondrous cross<br/>On which the Prince Of glory died<br/>My richest gain I count but loss<br/>And pour contempt On all my pride</lines>
    </verse>
    <verse name="v2">
      <lines>Forbid it Lord<br/>That I should boast<br/>Save in the cross Of Christ my God<br/>All the vain things that Charm me most<br/>I sacrifice them to His blood</lines>
    </verse>
    <verse name="v3">
      <lines>See from His head<br/>His hands His feet<br/>Sorrow and love flow Mingled down<br/>Did e'er such love And sorrow meet<br/>Or thorns compose So rich a crown</lines>
    </verse>
    <verse name="v4">
      <lines>His dying crimson like a robe<br/>Spreads o'er His body On the tree<br/>Then am I dead to all the globe<br/>And all the globe is dead to me</lines>
    </verse>
    <verse name="v5">
      <lines>Were the whole realm Of nature mine<br/>That were an off'ring Far too small<br/>Love so amazing so divine<br/>Demands my soul my life my all</lines>
    </verse>
  </lyrics>
</song>
