<?xml version='1.0' encoding='UTF-8'?>
<song xmlns="http://openlyrics.info/namespace/2009/song" version="0.8" createdIn="OpenLP 3.1.1" modifiedIn="OpenLP 3.1.1" modifiedDate="2023-01-09T15:33:07">
  <properties>
    <titles>
      <title>Who is on the Lord's Side</title>
    </titles>
    <authors>
      <author>Frances R. Havergal</author>
    </authors>
  </properties>
  <lyrics>
    <verse name="v1">
      <lines>Who is on the Lord's side?<br/>Who will serve the King? <br/>Who will be His helpers <br/>Other lives to bring? <br/>Who will leave the world’s side? <br/>Who will face the foe? <br/>Who is on the Lord’s side? <br/>Who for Him will go? <br/>By Thy call of mercy, <br/>By Thy grace divine, <br/>We are on the Lord’s side;<br/>Saviour, we are Thine.</lines>
    </verse>
    <verse name="v2">
      <lines>Jesus, Thou hast bought us <br/>Not with gold or gem, <br/>But with Thine own life-blood, <br/>For Thy diadem. <br/>With Thy blessing filling <br/>Each who comes to Thee <br/>Thou hast made us willing, <br/>Thou hast made us free. <br/>By Thy grand redemption, <br/>By Thy grace divine, <br/>We are on the Lord’s side;<br/>Saviour, we are Thine.</lines>
    </verse>
    <verse name="v3">
      <lines>Fierce may be the conflict, <br/>Strong may be the foe, <br/>But the King’s own army <br/>None can overthrow; <br/>Round His standard ranging <br/>Victory is secure; <br/>For His truth unchanging <br/>Makes the triumph sure. <br/>Joyfully enlisting, <br/>By Thy grace divine, <br/>We are on the Lord’s side;<br/>Saviour, we are Thine.</lines>
    </verse>
    <verse name="v4">
      <lines>Chosen to be soldiers <br/>In an alien land, <br/>Chosen, called, and faithful, <br/>For our Captain’s band; <br/>In the service royal <br/>Let us not grow cold, <br/>Let us be right loyal,<br/>Noble, true, and bold. <br/>Master, Thou wilt keep us, <br/>By Thy grace divine, <br/>Always on the Lord’s side, <br/>Saviour, always Thine.</lines>
    </verse>
  </lyrics>
</song>
