<?xml version='1.0' encoding='UTF-8'?>
<song xmlns="http://openlyrics.info/namespace/2009/song" version="0.8" createdIn="OpenLP 3.1.1" modifiedIn="OpenLP 3.1.1" modifiedDate="2023-01-09T20:17:53">
  <properties>
    <titles>
      <title>Without the Sound of a Hammer</title>
    </titles>
    <authors>
      <author>Author Unknown</author>
    </authors>
  </properties>
  <lyrics>
    <verse name="v1">
      <lines>Without the sound of a hammer,<br/>God is building today,<br/>a house to dwell in,<br/>forever to stay.<br/>How firm a foundation!<br/>How great to behold!<br/>As each stone that is place therein<br/>shines forth as gold.</lines>
    </verse>
  </lyrics>
</song>
