<?xml version='1.0' encoding='UTF-8'?>
<song xmlns="http://openlyrics.info/namespace/2009/song" version="0.8" createdIn="OpenLP 3.1.1" modifiedIn="OpenLP 3.1.1" modifiedDate="2023-06-06T00:20:02">
  <properties>
    <titles>
      <title>Worthy Of Worship</title>
    </titles>
    <verseOrder>v1 c1 v2 c1 v3 c1</verseOrder>
    <authors>
      <author>Author Unknown</author>
    </authors>
  </properties>
  <lyrics>
    <verse name="v1">
      <lines>D<br/><br/>Worthy of worship Worthy of praise<br/>Worthy of honor and glory<br/>Worthy of all the glad Songs we can sing<br/>Worthy of all of the Off'rings we bring</lines>
    </verse>
    <verse name="c1">
      <lines>You are worthy Father Creator<br/>You are worthy Savior Sustainer<br/>You are worthy<br/>Worthy and wonderful<br/>Worthy of worship and praise</lines>
    </verse>
    <verse name="v2">
      <lines>Worthy of rev'rence Worthy of fear<br/>Worthy of love and devotion<br/>Worthy of bowing and Bending of knees<br/>Worthy of all this and Added to these</lines>
    </verse>
    <verse name="v3">
      <lines>Almighty Father Master And Lord<br/>King of all kings And Redeemer<br/>Wonderful Counselor Comforter Friend<br/>Savior and Source of Our life without end</lines>
    </verse>
  </lyrics>
</song>
