<?xml version='1.0' encoding='UTF-8'?>
<song xmlns="http://openlyrics.info/namespace/2009/song" version="0.8" createdIn="OpenLP 3.1.1" modifiedIn="OpenLP 3.1.1" modifiedDate="2023-06-06T00:17:45">
  <properties>
    <titles>
      <title>Worthy is the Lamb Lord Jesus</title>
    </titles>
    <verseOrder>v1 v2 v3</verseOrder>
    <authors>
      <author>Author Unknown</author>
    </authors>
  </properties>
  <lyrics>
    <verse name="v1">
      <lines>D<br/><br/>Hallowed be the name of Jesus<br/>Holy is the Lamb Lord Jesus<br/>Other kingdoms rise and fall<br/>But You reigneth over all<br/>Hallowed be the name of Jesus</lines>
    </verse>
    <verse name="v2">
      <lines>Worthy is the Lamb Lord Jesus<br/>Righteous I can stand in Jesus<br/>We were chained to death<br/>But then You raised us up again<br/>Worthy is the Lamb Lord Jesus</lines>
    </verse>
    <verse name="v3">
      <lines>Precious is the blood of Jesus<br/>Blessed Son of God Lord Jesus<br/>You have washed away our sin<br/>Given grace to enter in<br/>Precious is the blood of Jesus</lines>
    </verse>
  </lyrics>
</song>
