<?xml version='1.0' encoding='UTF-8'?>
<song xmlns="http://openlyrics.info/namespace/2009/song" version="0.8" createdIn="OpenLP 3.1.1" modifiedIn="OpenLP 3.1.1" modifiedDate="2023-06-06T00:23:14">
  <properties>
    <titles>
      <title>You Are A Holy God</title>
    </titles>
    <copyright>© 1999 Vineyard Songs (UK/Eire) (Admin. by Vineyard Music UK)</copyright>
    <ccliNo>2689160</ccliNo>
    <authors>
      <author>Brian Duane | Kathryn Scott</author>
    </authors>
  </properties>
  <lyrics>
    <verse name="v1">
      <lines>C<br/><br/>You are a holy God<br/>An all consuming fire<br/>You're robed in majesty<br/>Bright shining as the sun</lines>
    </verse>
    <verse name="v2">
      <lines>Your ways are not our ways<br/>Your thoughts are high above<br/>You are the fountain Lord<br/>Of mercy truth and love</lines>
    </verse>
    <verse name="c1">
      <lines>(And we cry)<br/>Holy holy is the Lord God Most High<br/>(And we cry)<br/>Holy holy is the Lord Most High</lines>
    </verse>
  </lyrics>
</song>
