<?xml version='1.0' encoding='UTF-8'?>
<song xmlns="http://openlyrics.info/namespace/2009/song" version="0.8" createdIn="OpenLP 3.1.1" modifiedIn="OpenLP 3.1.1" modifiedDate="2023-01-09T20:17:53">
  <properties>
    <titles>
      <title>You are Lord</title>
    </titles>
    <authors>
      <author>Author Unknown</author>
    </authors>
  </properties>
  <lyrics>
    <verse name="v1">
      <lines>You are Lord<br/>You are lord<br/>I know it in my spirit<br/>you are lord you are Lord<br/>I know it in my heart<br/>You are Lord You are Lord<br/>Alive and arisen<br/>You are Lord You are Lord<br/>You are Lord</lines>
    </verse>
  </lyrics>
</song>
