<?xml version='1.0' encoding='UTF-8'?>
<song xmlns="http://openlyrics.info/namespace/2009/song" version="0.8" createdIn="OpenLP 3.1.1" modifiedIn="OpenLP 3.1.1" modifiedDate="2023-01-09T20:17:53">
  <properties>
    <titles>
      <title>Your Love is Life to Me</title>
    </titles>
    <copyright>© 2000 New Spring Publishing, Inc. (ASCAP) (a div. of Brentwood-Benson, dba GreatWorshipSongs.com)</copyright>
    <ccliNo>3021150</ccliNo>
    <authors>
      <author>Jeromy Deibler and Tony Wood</author>
    </authors>
  </properties>
  <lyrics>
    <verse name="c1">
      <lines>Breath for my body Light for my eyes<br/>All that I need You daily provide<br/>Deep in my being More than my blood<br/>My very existence Depends on Your love<br/>Your love is life to me<br/>My truest longing my deepest need<br/>Without it one moment I don't know where I'd be<br/>Your love is life to me</lines>
    </verse>
  </lyrics>
</song>
