<?xml version='1.0' encoding='UTF-8'?>
<song xmlns="http://openlyrics.info/namespace/2009/song" version="0.8" createdIn="OpenLP 3.1.1" modifiedIn="OpenLP 3.1.1" modifiedDate="2023-01-09T20:17:53">
  <properties>
    <titles>
      <title>Your steadfast love</title>
    </titles>
    <authors>
      <author>Author Unknown</author>
    </authors>
  </properties>
  <lyrics>
    <verse name="v1">
      <lines>Your steadfast love<br/>Extends to the heavens<br/>Your faithfulness<br/>Reaches to the clouds<br/>Your righteousness<br/>Is like majestic mountains<br/>And Your wisdom<br/>Like the depths of the sea<br/>And You come to me</lines>
    </verse>
    <verse name="v2">
      <lines>Filling my heart<br/>With Your loving kindness<br/>I find my peace<br/>In the shadow of Your wings<br/>I eat my fill<br/>From abundance of Your household<br/>And I drink<br/>From the streams of rejoicing<br/>You are my King</lines>
    </verse>
  </lyrics>
</song>
