<?xml version='1.0' encoding='UTF-8'?>
<song xmlns="http://openlyrics.info/namespace/2009/song" version="0.8" createdIn="OpenLP 2.9.5" modifiedIn="OpenLP 2.9.5" modifiedDate="2022-08-22T13:11:09">
  <properties>
    <titles>
      <title>O Come, All Ye Faithful</title>
      <title>100</title>
    </titles>
    <verseOrder>v1 c1 v2 c1 v3 c1</verseOrder>
    <authors>
      <author>His Servant</author>
    </authors>
    <songbooks>
      <songbook name="Christ in Song" entry="100"/>
    </songbooks>
  </properties>
  <lyrics>
    <verse name="v1">
      <lines>O come, all ye faithful,
joyful and triumphant!
O come ye, O come ye to Bethlehem!
Come and behold him,
born the King of angels.</lines>
    </verse>  
    <verse name="c1">
      <lines>O come, let us adore him,
O come, let us adore him,
O come, let us adore him,
Christ the Lord!</lines>
    </verse>
	<verse name="v2">
      <lines>Sing, choirs of angels,
sing in exultation,
sing, all ye citizens of heav’n above!
Glory to God, all glory in the highest;</lines>
    </verse>
	<verse name="v3">
      <lines>Yea, Lord, we greet thee,
born this happy morning;
Jesus, to thee be all glory giv’n!
Word of the Father, now in flesh appearing;</lines>
    </verse>
  </lyrics>
</song>
