<?xml version='1.0' encoding='UTF-8'?>
<song xmlns="http://openlyrics.info/namespace/2009/song" version="0.8" createdIn="OpenLP 2.9.5" modifiedIn="OpenLP 2.9.5" modifiedDate="2022-08-22T13:11:09">
  <properties>
    <titles>
      <title>O Lord! When we the path retrace</title>
      <title>104</title>
    </titles>
    <verseOrder>v1 v2 v3 v4 v5 v6 v7</verseOrder>
    <authors>
      <author>His Servant</author>
    </authors>
    <songbooks>
      <songbook name="Christ in Song" entry="104"/>
    </songbooks>
  </properties>
  <lyrics>
    <verse name="v1">
      <lines>O Lord! When we the path retrace
  Which Thou on earth hast trod,
To men Thy wondrous love and grace,
  Thy faithfulness to God;</lines>
    </verse>
	<verse name="v2">
      <lines>Thy love, by man so sorely tried,
  Proved stronger than the grave;
The very spear that pierced Thy side
  Drew forth the blood to save;</lines>
    </verse>
	<verse name="v3">
      <lines>Though Thou didst pass through woes and grief,
  Thy works were ever good;
Although midst sorrows all Thy life,
  Thou spak’st no murmuring word.</lines>
    </verse>
	<verse name="v4">
      <lines>Faithful amidst unfaithfulness,
  ’Mid darkness only light,
Thou didst Thy Father’s name confess,
  And in His will delight;</lines>
    </verse>
	<verse name="v5">
      <lines>Unmoved by Satan’s subtle wiles,
  Or suffering, shame, and loss,
Thy path, uncheered by earthly smiles,
  Led only to the cross.</lines>
    </verse>
	<verse name="v6">
      <lines>O Lord, with sorrow and with shame,
We meekly would confess,
How little we, who bear Thy Name,
Thy mind, Thy ways express.</lines>
    </verse>
	<verse name="v7">
      <lines>We wonder at Thy lowly mind,
  And fain would like Thee be,
And all our rest and pleasure find
  In learning, Lord, of Thee.</lines>
    </verse>	
  </lyrics>
</song>
