<?xml version='1.0' encoding='UTF-8'?>
<song xmlns="http://openlyrics.info/namespace/2009/song" version="0.8" createdIn="OpenLP 2.9.5" modifiedIn="OpenLP 2.9.5" modifiedDate="2022-08-22T13:11:09">
  <properties>
    <titles>
      <title>What grace, O Lord, and beauty shone</title>
      <title>106</title>
    </titles>
    <verseOrder>v1 v2 v3 v4 v5</verseOrder>
    <authors>
      <author>His Servant</author>
    </authors>
    <songbooks>
      <songbook name="Christ in Song" entry="106"/>
    </songbooks>
  </properties>
  <lyrics>
    <verse name="v1">
      <lines>What grace, O Lord, and beauty shone
around Thy steps below!
What patient love was seen in all
Thy life and death of woe!</lines>
    </verse>
	<verse name="v2">
      <lines>Forever on Thy burdened heart
a weight of sorrow hung,
yet no ungentle, murmuring word
escaped Thy silent tongue.</lines>
    </verse>
	<verse name="v3">
      <lines>Thy foes might hate, despise, revile,
Thy friends unfaithful prove;
unwearied in forgiveness still,
Thy heart could only love</lines>
    </verse>
	<verse name="v4">
      <lines>O give us hearts to love like Thee!,
like Thee, O Lord, to grieve
far more for others’ sins than all
the wrongs that we receive.</lines>
    </verse>
	<verse name="v5">
      <lines>One with Thyself, may every eye
in us, Thy bretheren, see
the gentleness and grace that spring
from union, Lord, with Thee.</lines>
    </verse>	
  </lyrics>
</song>
