<?xml version='1.0' encoding='UTF-8'?>
<song xmlns="http://openlyrics.info/namespace/2009/song" version="0.8" createdIn="OpenLP 2.9.5" modifiedIn="OpenLP 2.9.5" modifiedDate="2022-08-22T13:11:09">
  <properties>
    <titles>
      <title>How beauteous were the marks divine</title>
      <title>107</title>
    </titles>
    <verseOrder>v1 v2 v3 v4 v5</verseOrder>
    <authors>
      <author>His Servant</author>
    </authors>
    <songbooks>
      <songbook name="Christ in Song" entry="107"/>
    </songbooks>
  </properties>
  <lyrics>
    <verse name="v1">
      <lines>How beauteous were the marks divine,
That in Thy meekness used to shine;
That lit Thy lonely pathway, trod
In wondrous love, O Son of God!</lines>
    </verse>
	<verse name="v2">
      <lines>Oh, who like Thee, so calm, so bright,
So pure, so made to live in light?
Oh, who like Thee did ever go
So patient through a world of woe?</lines>
    </verse>
	<verse name="v3">
      <lines>O, who like thee so humbly bore
The scorn, the scoffs, of men before?
So meek, forgiving, godlike, high,
So glorious in humility?</lines>
    </verse>
	<verse name="v4">
      <lines>E'en death, which sets the prisoner free,
Was pang and scoff and scorn to thee;
Yet love through all thy torture glowed,
And mercy with thy life-blood flowed.</lines>
    </verse>
	<verse name="v5">
      <lines>Oh, in Thy light be mine to go,
Illumining all my way of woe!
And give me ever on the road
To trace Thy footsteps, Son of God!</lines>
    </verse>	
  </lyrics>
</song>
