<?xml version='1.0' encoding='UTF-8'?>
<song xmlns="http://openlyrics.info/namespace/2009/song" version="0.8" createdIn="OpenLP 2.9.5" modifiedIn="OpenLP 2.9.5" modifiedDate="2022-08-22T13:11:09">
  <properties>
    <titles>
      <title>My Dear Redeemer and My Lord</title>
      <title>108</title>
    </titles>
    <verseOrder>v1 v2 v3 v4</verseOrder>
    <authors>
      <author>His Servant</author>
    </authors>
    <songbooks>
      <songbook name="Christ in Song" entry="108"/>
    </songbooks>
  </properties>
  <lyrics>
    <verse name="v1">
      <lines>My dear Redeemer and my Lord,
I read my duty in your Word;
but in your life the law appears,
drawn out in living characters.</lines>
    </verse>
	<verse name="v2">
      <lines>Such was your truth, and such your zeal,
such def'rence to your Father's will,
such love and meekness so divine,
I would transcribe and make them mine.</lines>
    </verse>
	<verse name="v3">
      <lines>Cold mountains and the midnight air
witnessed the fervor of your prayer;
the desert your temptations knew,
your conflict and your vict'ry too.</lines>
    </verse>
	<verse name="v4">
      <lines>Be thou my pattern; make me bear
more of your gracious image here:
then God the Judge shall own my name
amongst the foll'wers of the Lamb.</lines>
    </verse>
  </lyrics>
</song>
