<?xml version='1.0' encoding='UTF-8'?>
<song xmlns="http://openlyrics.info/namespace/2009/song" version="0.8" createdIn="OpenLP 2.9.5" modifiedIn="OpenLP 2.9.5" modifiedDate="2022-08-22T13:11:09">
  <properties>
    <titles>
      <title>Behold a spotless Victim dies My surety</title>
      <title>114</title>
    </titles>
    <verseOrder>v1 v2 v3 v4 v5</verseOrder>
    <authors>
      <author>His Servant</author>
    </authors>
    <songbooks>
      <songbook name="Christ in Song" entry="114"/>
    </songbooks>
  </properties>
  <lyrics>
    <verse name="v1">
      <lines>Behold! A spotless Victim dies,
My surety on the tree;
The Lamb of God, the Sacrifice,
He gave Himself for me!</lines>
    </verse>
	<verse name="v2">
      <lines>Whatever curse was mine, He bore;
The wormwood and the gall,
There, in that lone mysterious hour,
My cup—He drained it all!</lines>
    </verse>
	<verse name="v3">
      <lines>Lord Jesus! Thou, and none beside,
Its bitterness could know,
Nor other tell Thy joy’s full tide
That from that cup shall flow.</lines>
    </verse>
	<verse name="v4">
      <lines>Thine is the joy, but yet ‘tis mine.
‘Tis ours as one with Thee;
My joy flows from that grief of Thine;
Thy death brings life to me!</lines>
    </verse>
	<verse name="v5">
      <lines>And while the ages roll along,
This shall my glory be;
And this the new and endless song,
Thy love to us—to me!</lines>
    </verse>	
  </lyrics>
</song>
