<?xml version='1.0' encoding='UTF-8'?>
<song xmlns="http://openlyrics.info/namespace/2009/song" version="0.8" createdIn="OpenLP 2.9.5" modifiedIn="OpenLP 2.9.5" modifiedDate="2022-08-22T13:11:09">
  <properties>
    <titles>
      <title>Lord, we treasure with affection</title>
      <title>117</title>
    </titles>
    <verseOrder>v1 c1 v2 c1 v3 c1 v4 c1</verseOrder>
    <authors>
      <author>His Servant</author>
    </authors>
    <songbooks>
      <songbook name="Christ in Song" entry="117"/>
    </songbooks>
  </properties>
  <lyrics>
    <verse name="v1">
      <lines>Lord, we treasure with affection
All Thy path of sorrow here,
And those closing scenes of anguish
To our hearts Thyself endear.</lines>
    </verse>
    <verse name="c1">
      <lines>We will praise Thee! We will praise Thee!
Praise Thee, Lord, for sinners slain!
Give Thee glory! Give Thee glory!
  Give Thee glory for the life we gain!</lines>
    </verse>	
	<verse name="v2">
      <lines>Deep Thy sorrow then, Lord Jesus,
Deeper far than thought can reach;
Grief intense and suff’rings holy,
Far beyond all tongues to teach</lines>
    </verse>
	<verse name="v3">
      <lines>None could follow there, blest Savior,
When redemption’s work was done;
For those suff’rings, deep, unfathomed,
Were, Lord Jesus, Thine alone!</lines>
    </verse>
	<verse name="v4">
      <lines>Thou didst measure then sin’s distance,
Darkness, wrath and curse were Thine;
Man-betrayed, by God forsaken;
Thus we learn Thy love divine!</lines>
    </verse>
  </lyrics>
</song>
