<?xml version='1.0' encoding='UTF-8'?>
<song xmlns="http://openlyrics.info/namespace/2009/song" version="0.8" createdIn="OpenLP 2.9.5" modifiedIn="OpenLP 2.9.5" modifiedDate="2022-08-22T13:11:09">
  <properties>
    <titles>
      <title>On Calvary’s brow my Savior died</title>
      <title>119</title>
    </titles>
    <verseOrder>v1 c1 v2 c1 v3 c1</verseOrder>
    <authors>
      <author>His Servant</author>
    </authors>
    <songbooks>
      <songbook name="Christ in Song" entry="119"/>
    </songbooks>
  </properties>
  <lyrics>
    <verse name="v1">
      <lines>On Calvary’s brow my Savior died
’Twas there my Lord was crucified;
’Twas on the cross He bled for me,
And purchased there my pardon free.</lines>
    </verse>  
    <verse name="c1">
      <lines>O Calvary! dark Calvary!
Where Jesus shed His blood for me;
O Calvary! blest Calvary!
  ’Twas there my Savior died for me.</lines>
    </verse>
	<verse name="v2">
      <lines>’Mid rending rocks and darkening skies
My Savior bows His head and dies;
The opening veil reveals the way
To life divine and endless day.</lines>
    </verse>
	<verse name="v3">
      <lines>O Jesus, Lord, how can it be
That Thou shouldst give Thy life for me,
To bear the cross and agony
In that dread hour on Calvary!</lines>
    </verse>
  </lyrics>
</song>
