<?xml version='1.0' encoding='UTF-8'?>
<song xmlns="http://openlyrics.info/namespace/2009/song" version="0.8" createdIn="OpenLP 2.9.5" modifiedIn="OpenLP 2.9.5" modifiedDate="2022-08-22T13:11:09">
  <properties>
    <titles>
      <title>My God, How Wonderful Thou Art</title>
      <title>12</title>
    </titles>
    <verseOrder>v1 v2 v3 v4 v5</verseOrder>
    <authors>
      <author>His Servant</author>
    </authors>
    <songbooks>
      <songbook name="Christ in Song" entry="12"/>
    </songbooks>
  </properties>
  <lyrics>
    <verse name="v1">
      <lines>My God, how wonderful Thou art,
Thy majesty how bright,
How beautiful Thy mercy seat,
In depths of burning light!</lines>
    </verse>
	<verse name="v2">
      <lines>How dread are Thy eternal years,
O everlasting Lord,
By prostrate spirits day and night
Incessantly adored!</lines>
    </verse>
	<verse name="v3">
      <lines>How wonderful, how beautiful,
The sight of Thee must be,
Thine endless wisdom, boundless pow’r,
And glorious purity!</lines>
    </verse>
	<verse name="v4">
      <lines>O how I fear Thee, Living God,
With deepest, tend’rest fears,
And worship Thee with trembling hope,
And penitential tears.</lines>
    </verse>
	<verse name="v5">
      <lines>Yet I may love Thee too, O Lord,
Almighty as Thou art;
For Thou hast stooped to ask of me
The love of my poor heart.</lines>
    </verse>	
  </lyrics>
</song>
