<?xml version='1.0' encoding='UTF-8'?>
<song xmlns="http://openlyrics.info/namespace/2009/song" version="0.8" createdIn="OpenLP 2.9.5" modifiedIn="OpenLP 2.9.5" modifiedDate="2022-08-22T13:11:09">
  <properties>
    <titles>
      <title>King of my life, I crown Thee now</title>
      <title>125</title>
    </titles>
    <verseOrder>v1 c1 v2 c1 v3 c1 v4 c1 v5 c1</verseOrder>
    <authors>
      <author>His Servant</author>
    </authors>
    <songbooks>
      <songbook name="Christ in Song" entry="125"/>
    </songbooks>
  </properties>
  <lyrics>
    <verse name="v1">
      <lines>King of my life, I crown Thee now,
  Thine shall the glory be;
Lest I forget Thy thorn-crowned brow,
  Lead me to Calvary.</lines>
    </verse>  
    <verse name="c1">
      <lines>Lest I forget Gethsemane;
Lest I forget Thine agony;
Lest I forget Thy love for me,
  Lead me to Calvary.</lines>
    </verse>
	<verse name="v2">
      <lines>Show me the tomb where Thou wast laid,
  Tenderly mourned and wept;
Angels in robes of light arrayed
  Guarded Thee while Thou slept.</lines>
    </verse>
	<verse name="v3">
      <lines>Let me like Mary, through the gloom,
  Come with a gift to Thee;
Show to me now the empty tomb,
  Lead me to Calvary.</lines>
    </verse>
	<verse name="v4">
      <lines>May I be willing, Lord, to bear
  Daily my cross for Thee;
Even Thy cup of grief to share,
  Thou hast borne all for me.</lines>
    </verse>
	<verse name="v5">
      <lines>Fill me, O Lord, with Thy desire
  For all that know not Thee;
Then touch my lips with holy fire,
  To speak of Calvary.</lines>
    </verse>	
  </lyrics>
</song>
