<?xml version='1.0' encoding='UTF-8'?>
<song xmlns="http://openlyrics.info/namespace/2009/song" version="0.8" createdIn="OpenLP 2.9.5" modifiedIn="OpenLP 2.9.5" modifiedDate="2022-08-22T13:11:09">
  <properties>
    <titles>
      <title>The unveiled Christ</title>
      <title>126</title>
    </titles>
    <verseOrder>v1 c1 v2 c1 v3 c1</verseOrder>
    <authors>
      <author>His Servant</author>
    </authors>
    <songbooks>
      <songbook name="Christ in Song" entry="126"/>
    </songbooks>
  </properties>
  <lyrics>
    <verse name="v1">
      <lines>Once our blessèd Christ of beauty
Was veiled off from human view;
But thro' suffering, death and sorrow
He has rent the veil in two.</lines>
    </verse>  
    <verse name="c1">
      <lines>O behold the Man of Sorrows,
O behold Him in plain view;
Lo! He is the mighty conqu'ror,
Since He rent the veil in two.
Lo! He is the mighty conqu'ror,
Since He rent the veil in two.</lines>
    </verse>
	<verse name="v2">
      <lines>Yes, He is with God the Father,
Interceding there for you;
For He is the mighty conqu'ror,
Since He rent the veil in two.</lines>
    </verse>
	<verse name="v3">
      <lines>Holy angels bow before Him,
Men of earth give praises due;
For He is the well-belovèd
Since He rent the veil in two.</lines>
    </verse>
  </lyrics>
</song>
