<?xml version='1.0' encoding='UTF-8'?>
<song xmlns="http://openlyrics.info/namespace/2009/song" version="0.8" createdIn="OpenLP 2.9.5" modifiedIn="OpenLP 2.9.5" modifiedDate="2022-08-22T13:11:09">
  <properties>
    <titles>
      <title>The old rugged cross</title>
      <title>127</title>
    </titles>
    <verseOrder>v1 c1 v2 c1 v3 c1 v4 c1</verseOrder>
    <authors>
      <author>His Servant</author>
    </authors>
    <songbooks>
      <songbook name="Christ in Song" entry="127"/>
    </songbooks>
  </properties>
  <lyrics>
    <verse name="v1">
      <lines>On a hill far away stood an old rugged cross,
  The emblem of suff’ring and shame,
And I love that old cross where the Dearest and Best
  For a world of lost sinners was slain.</lines>
    </verse>  
    <verse name="c1">
      <lines>So I’ll cherish the old rugged cross,
Till my trophies at last I lay down;
I will cling to the old rugged cross,
  And exchange it some day for a crown.</lines>
    </verse>
	<verse name="v2">
      <lines>Oh, that old rugged cross, so despised by the world,
  Has a wondrous attraction for me;
For the dear Lamb of God left His glory above,
  To bear it to dark Calvary.</lines>
    </verse>
	<verse name="v3">
      <lines>In the old rugged cross, stained with blood so divine,
  A wondrous beauty I see;
For ’twas on that old cross Jesus suffered and died,
  To pardon and sanctify me.</lines>
    </verse>
	<verse name="v4">
      <lines>To the old rugged cross, I will ever be true
Its shame and reproach gladly bear
Then he'll call me someday to my home far away
Where his glory forever I'll share.</lines>
    </verse>
  </lyrics>
</song>
