<?xml version='1.0' encoding='UTF-8'?>
<song xmlns="http://openlyrics.info/namespace/2009/song" version="0.8" createdIn="OpenLP 2.9.5" modifiedIn="OpenLP 2.9.5" modifiedDate="2022-08-22T13:11:09">
  <properties>
    <titles>
      <title>It was alone the Savior prayed</title>
      <title>129</title>
    </titles>
    <verseOrder>v1 c1 v2 c1 v3 c1</verseOrder>
    <authors>
      <author>His Servant</author>
    </authors>
    <songbooks>
      <songbook name="Christ in Song" entry="129"/>
    </songbooks>
  </properties>
  <lyrics>
    <verse name="v1">
      <lines>It was alone the Savior prayed
  In dark Gethsemane;
Alone He drained the bitter cup
  And suffered there for me.</lines>
    </verse>  
    <verse name="c1">
      <lines>Alone, alone,
He bore it all alone;
He gave Himself to save His own,
  He suffered, bled and died alone, alone.</lines>
    </verse>
	<verse name="v2">
      <lines>It was alone the Savior stood
  In Pilate’s judgment hall;
Alone the crown of thorns He wore,
  Forsaken thus by all.</lines>
    </verse>
	<verse name="v3">
      <lines>Alone upon the cross He hung
  That others He might save;
Forsaken then by God and man.
  Alone, His life He gave.</lines>
    </verse>
  </lyrics>
</song>
