<?xml version='1.0' encoding='UTF-8'?>
<song xmlns="http://openlyrics.info/namespace/2009/song" version="0.8" createdIn="OpenLP 2.9.5" modifiedIn="OpenLP 2.9.5" modifiedDate="2022-08-22T13:11:09">
  <properties>
    <titles>
      <title>What was it, blessed God</title>
      <title>13</title>
    </titles>
    <verseOrder>v1 v2 v3 v4</verseOrder>
    <authors>
      <author>His Servant</author>
    </authors>
    <songbooks>
      <songbook name="Christ in Song" entry="13"/>
    </songbooks>
  </properties>
  <lyrics>
    <verse name="v1">
      <lines>What was it, blessed God,
Led Thee to give Thy Son,
To yield Thy Well-beloved
For us by sin undone?
’Twas love unbounded led Thee thus,
’Twas love unbounded led Thee thus,
To give Thy Well-beloved for us.</lines>
    </verse>
	<verse name="v2">
      <lines>What led Thy Son, O God,
To leave Thy throne on high,
To shed His precious blood,
To suffer and to die?
’Twas love—unbounded love to us,
’Twas love—unbounded love to us
Led Him to die and suffer thus.</lines>
    </verse>
	<verse name="v3">
      <lines>What moved Thee to impart
Thy Spirit from above,
Therewith to fill our heart
With heavenly peace and love?
’Twas love—unbounded love to us,
’Twas love—unbounded love to us
Moved Thee to give Thy Spirit thus.</lines>
    </verse>
	<verse name="v4">
      <lines>What love to Thee we owe,
Our God, for all Thy grace!
Our hearts may well o’erflow
In everlasting praise!
Make us, O God, to praise Thee thus,
Make us, O God, to praise Thee thus
For all Thy boundless love to us.</lines>
    </verse>
  </lyrics>
</song>
