<?xml version='1.0' encoding='UTF-8'?>
<song xmlns="http://openlyrics.info/namespace/2009/song" version="0.8" createdIn="OpenLP 2.9.5" modifiedIn="OpenLP 2.9.5" modifiedDate="2022-08-22T13:11:09">
  <properties>
    <titles>
      <title>Give me a sight, O Savior</title>
      <title>130</title>
    </titles>
    <verseOrder>v1 c1 v2 c1 v3 c1 v4 c1</verseOrder>
    <authors>
      <author>His Servant</author>
    </authors>
    <songbooks>
      <songbook name="Christ in Song" entry="130"/>
    </songbooks>
  </properties>
  <lyrics>
    <verse name="v1">
      <lines>Give me a sight, O Savior,
Of Thy wondrous love to me,
Of the love that brought Thee down to earth,
To die on Calvary.</lines>
    </verse>  
    <verse name="c1">
      <lines>Oh, make me understand it,
Help me to take it in,
What it meant to Thee, the Holy One,
  To bear away my sin.</lines>
    </verse>
	<verse name="v2">
      <lines>Was it the nails, O Savior,
That bound Thee to the tree?
Nay, ’twas Thine everlasting love,
Thy love for me, for me.</lines>
    </verse>
	<verse name="v3">
      <lines>Oh, wonder of all wonders,
That through Thy death for me,
My open sins, my secret sins,
Can all forgiven be.</lines>
    </verse>
	<verse name="v4">
      <lines>Then melt my heart, O Savior,
Bend me, yea, break me down,
Until I own Thee Conqueror,
And Lord and Sov’reign crown.</lines>
    </verse>
  </lyrics>
</song>
