<?xml version='1.0' encoding='UTF-8'?>
<song xmlns="http://openlyrics.info/namespace/2009/song" version="0.8" createdIn="OpenLP 2.9.5" modifiedIn="OpenLP 2.9.5" modifiedDate="2022-08-22T13:11:09">
  <properties>
    <titles>
      <title>O teach me what it meaneth</title>
      <title>131</title>
    </titles>
    <verseOrder>v1 v2 v3 v4 v5 v6</verseOrder>
    <authors>
      <author>His Servant</author>
    </authors>
    <songbooks>
      <songbook name="Christ in Song" entry="131"/>
    </songbooks>
  </properties>
  <lyrics>
    <verse name="v1">
      <lines>O teach me what it meaneth:
  That Cross uplifted high,
With One, the Man of Sorrows,
  Condemned to bleed and die.
O teach me what it cost Thee
  To make a sinner whole;
And teach me, Savior, teach me
  The value of a soul.</lines>
    </verse>
	<verse name="v2">
      <lines>O teach me what it meaneth:
  That sacred crimson tide,
The blood and water flowing
  From Thine own wounded side.
Teach me that if none other
  Had sinned, but I alone,
Yet still, Thy blood, O Jesus,
  Thine only, must atone.</lines>
    </verse>
	<verse name="v3">
      <lines>O teach me what it meaneth,
  Thy love beyond compare,
The love that reacheth deeper
  Than depths of self-despair!
Yea, teach me, till there gloweth
  In this cold heart of mine
Some feeble, pale reflection
  Of that pure love of Thine.</lines>
    </verse>
	<verse name="v4">
      <lines>O teach me what it meaneth,
  For I am full of sin;
And grace alone can reach me,
  And love alone can win.
O teach me, for I need Thee,
  I have no hope beside,
The chief of all the sinners
  For whom the Savior died.</lines>
    </verse>
	<verse name="v5">
      <lines>O teach me what it meaneth:
  The rest which Thou dost give
To all the heavy-laden
  Who look to Thee and live.
Because I am a rebel
  Thy pardon I receive:
Because Thou dost command me,
  I can, I do believe.</lines>
    </verse>
	<verse name="v6">
      <lines>O infinite Redeemer,
  I bring no other plea;
Because Thou dost invite me
  I cast myself on Thee.
Because Thou dost accept me
  I love and I adore;
Because Thy love constraineth,
  I’ll praise Thee evermore.</lines>
    </verse>	
  </lyrics>
</song>
