<?xml version='1.0' encoding='UTF-8'?>
<song xmlns="http://openlyrics.info/namespace/2009/song" version="0.8" createdIn="OpenLP 2.9.5" modifiedIn="OpenLP 2.9.5" modifiedDate="2022-08-22T13:11:09">
  <properties>
    <titles>
      <title>Thine Be the Glory</title>
      <title>133</title>
    </titles>
    <verseOrder>v1 c1 v2 c1 v3 c1</verseOrder>
    <authors>
      <author>His Servant</author>
    </authors>
    <songbooks>
      <songbook name="Christ in Song" entry="133"/>
    </songbooks>
  </properties>
  <lyrics>
    <verse name="v1">
      <lines>Thine be the glory, risen, conqu'ring Son;
endless is the vict'ry Thou o’er death hast won.
Angels in bright raiment rolled the stone away,
kept the folded grave-clothes where Thy body lay.</lines>
    </verse>  
    <verse name="c1">
      <lines>Thine be the glory, risen, conqu'ring Son;
endless is the vict'ry Thou o’er death hast won.</lines>
    </verse>
	<verse name="v2">
      <lines>Lo, Jesus meets us, risen from the tomb.
Lovingly He greets us, scatters fear and gloom;
let His church with gladness hymns of triumph sing,
for the Lord now liveth; death hath lost its sting.</lines>
    </verse>
	<verse name="v3">
      <lines>No more we doubt Thee, glorious Prince of life!!
Life is nought without Thee; aid us in our strife;
make us more than conqu'rors, through Thy deathless love;
bring us safe through Jordan to Thy home above.</lines>
    </verse>
  </lyrics>
</song>
