<?xml version='1.0' encoding='UTF-8'?>
<song xmlns="http://openlyrics.info/namespace/2009/song" version="0.8" createdIn="OpenLP 2.9.5" modifiedIn="OpenLP 2.9.5" modifiedDate="2022-08-22T13:11:09">
  <properties>
    <titles>
      <title>Christ Arose</title>
      <title>134</title>
    </titles>
    <verseOrder>v1 c1 v2 c1 v3 c1</verseOrder>
    <authors>
      <author>His Servant</author>
    </authors>
    <songbooks>
      <songbook name="Christ in Song" entry="134"/>
    </songbooks>
  </properties>
  <lyrics>
    <verse name="v1">
      <lines>Low in the grave He lay—
  Jesus my Savior!
Waiting the coming day—
  Jesus my Lord!</lines>
    </verse>  
    <verse name="c1">
      <lines>Up from the grave He arose,
With a mighty triumph o’er His foes
He arose a Victor from the dark domain,
And He lives forever with His saints to reign.
He arose! He arose!
  Hallelujah! Christ arose!</lines>
    </verse>
	<verse name="v2">
      <lines>Vainly they watch His bed—
  Jesus, my Savior!
Vainly they seal the dead—
  Jesus my Lord!</lines>
    </verse>
	<verse name="v3">
      <lines>Death cannot keep his prey—
  Jesus, my Savior!
He tore the bars away—
  Jesus my Lord!</lines>
    </verse>
  </lyrics>
</song>
