<?xml version='1.0' encoding='UTF-8'?>
<song xmlns="http://openlyrics.info/namespace/2009/song" version="0.8" createdIn="OpenLP 2.9.5" modifiedIn="OpenLP 2.9.5" modifiedDate="2022-08-22T13:11:09">
  <properties>
    <titles>
      <title>Thou, Lord, to death’s domain</title>
      <title>136</title>
    </titles>
    <verseOrder>v1 v2 v3 v4</verseOrder>
    <authors>
      <author>His Servant</author>
    </authors>
    <songbooks>
      <songbook name="Christ in Song" entry="136"/>
    </songbooks>
  </properties>
  <lyrics>
    <verse name="v1">
      <lines>Thou, Lord, to death’s domain
  Didst go alone.
Death had on Thee no claim,
  Thou sinless One!
He who had death’s dread pow’r
Met Thee in that dark hour:
Vanquished by Thee his power,
  By Thee alone.</lines>
    </verse>
	<verse name="v2">
      <lines>But Thou hast burst the grave,
  Risen art Thou;
Death could not Thee enslave,
  Death had to bow!
Victorious hast Thou come
Out of the darksome tomb,
Broken the bands of gloom:
  Beyond death now.</lines>
    </verse>
	<verse name="v3">
      <lines>	What mighty triumphs, Lord,
  Thou didst achieve!
What fruitfulness doth God
  From Thee receive!
Out of Thy death has sprung
A wondrous living throng:
All, all to Thee belong,
  And in Thee live.</lines>
    </verse>
	<verse name="v4">
      <lines>Firstborn of all Thou art,
  Lowly we bow;
Chief in Thy Father’s heart—
  Chief to us now.
Thou art indeed supreme,
Our great eternal theme,
Worthy of all esteem:
  Worthy art Thou!</lines>
    </verse>
  </lyrics>
</song>
