<?xml version='1.0' encoding='UTF-8'?>
<song xmlns="http://openlyrics.info/namespace/2009/song" version="0.8" createdIn="OpenLP 2.9.5" modifiedIn="OpenLP 2.9.5" modifiedDate="2022-08-22T13:11:09">
  <properties>
    <titles>
      <title>Hail The Day That Sees Him Rise</title>
      <title>140</title>
    </titles>
    <verseOrder>v1 v2 v3 v4 v5</verseOrder>
    <authors>
      <author>His Servant</author>
    </authors>
    <songbooks>
      <songbook name="Christ in Song" entry="140"/>
    </songbooks>
  </properties>
  <lyrics>
    <verse name="v1">
      <lines>Hail The Day That Sees Him Rise, Alleluia!
To His Throne Above The Skies, Alleluia!
Christ, Awhile To Mortals Given, Alleluia!
Reascends His Native Heaven, Alleluia!</lines>
    </verse>
	<verse name="v2">
      <lines>There The Glorious Triumph Waits, Alleluia!
Lift Your Heads, Eternal Gates, Alleluia!
Christ Hath Conquered Death And Sin, Alleluia!
Take The King Of Glory In, Alleluia!</lines>
    </verse>
	<verse name="v3">
      <lines>See! He Lifts His Hands Above, Alleluia!
See! He Shows The Prints Of Love, Alleluia!
Hark! His Gracious Lips Bestow, Alleluia!
Blessings On His Church Below, Alleluia!</lines>
    </verse>
	<verse name="v4">
      <lines>Ever Upward Let Us Move, Alleluia!
Wafted On The Wings Of Love, Alleluia!
Looking When Our Lord Shall Come, Alleluia!
Longing, Gasping After Home, Alleluia!</lines>
    </verse>
	<verse name="v5">
      <lines>There We Shall With Thee Remain, Alleluia!
Partners Of Thy Endless Reign, Alleluia!
There Thy Face Unclouded See, Alleluia!
Find Our Heaven Of Heavens In Thee, Alleluia!</lines>
    </verse>	
  </lyrics>
</song>
