<?xml version='1.0' encoding='UTF-8'?>
<song xmlns="http://openlyrics.info/namespace/2009/song" version="0.8" createdIn="OpenLP 2.9.5" modifiedIn="OpenLP 2.9.5" modifiedDate="2022-08-22T13:11:09">
  <properties>
    <titles>
      <title>Name Of Jesus Highest Name</title>
      <title>144</title>
    </titles>
    <verseOrder>v1 v2 v3 v4 v5</verseOrder>
    <authors>
      <author>His Servant</author>
    </authors>
    <songbooks>
      <songbook name="Christ in Song" entry="144"/>
    </songbooks>
  </properties>
  <lyrics>
    <verse name="v1">
      <lines>Name Of Jesus! Highest Name!
Name That Earth And Heaven Adore!
From The Heart Of God It Came,
Leads Me To God’s Heart Once More.</lines>
    </verse>
	<verse name="v2">
      <lines>Name Of Jesus! Living Tide!
Days Of Drought For Me Are Past;
How Much More Than Satisfied
Are The Thirsty Lips At Last!</lines>
    </verse>
	<verse name="v3">
      <lines>Name Of Jesus! Dearest Name!
Bread Of Heaven, And Balm Of Love:
Oil Of Gladness, Surest Claim
To The Treasures Stored Above.</lines>
    </verse>
	<verse name="v4">
      <lines>Jesus Gives Forgiveness Free,
Jesus Cleanses All My Stains;
Jesus Gives His Life To Me,
Jesus Always He Remains.</lines>
    </verse>
	<verse name="v5">
      <lines>Only Jesus! Fairest Name!
Life, And Rest, And Peace, And Bliss;
Jesus, Evermore The Same,
He Is Mine, And I Am His.</lines>
    </verse>	
  </lyrics>
</song>
