<?xml version='1.0' encoding='UTF-8'?>
<song xmlns="http://openlyrics.info/namespace/2009/song" version="0.8" createdIn="OpenLP 2.9.5" modifiedIn="OpenLP 2.9.5" modifiedDate="2022-08-22T13:11:09">
  <properties>
    <titles>
      <title>See The Conqueror Mount In Triumph</title>
      <title>145</title>
    </titles>
    <verseOrder>v1 v2 v3 v4 v5</verseOrder>
    <authors>
      <author>His Servant</author>
    </authors>
    <songbooks>
      <songbook name="Christ in Song" entry="145"/>
    </songbooks>
  </properties>
  <lyrics>
    <verse name="v1">
      <lines>See The Conqueror Mount In Triumph,
See The King In Royal State
Riding On The Clouds His Chariot
To His Heavenly Palace Gate;
Hark, The Choirs Of Angel-Voices
Joyful Hallelujahs Sing,
And The Portals High Are Lifted
To Receive Their Heavenly King.</lines>
    </verse>
	<verse name="v2">
      <lines>Who Is This That Comes In Glory,
With The Trump Of Jubilee?
Lord Of Battles, God Of Armies,
He Has Gained The Victory;
He Who On The Cross Did Suffer,
He Who From The Grave Arose,
He Has Vanquished Sin And Satan,
He By Death Has Spoiled His Foes.</lines>
    </verse>
	<verse name="v3">
      <lines>While He Lifts His Hands In Blessing,
He Is Parted From His Friends;
While Their Eager Eyes Behold Him,
He Upon The Clouds Ascends;
He Who Walked With God, And Pleased Him,
Preaching Truth And Doom To Come,
He, Our Enoch, Is Translated
To His Everlasting Home.</lines>
    </verse>
	<verse name="v4">
      <lines>Now Our Heavenly Aaron Enters,
With His Blood, Within The Veil;
Joshua Now Is Come To Canaan,
And The Kings Before Him Quail;
Now He Plants The Tribes Of Israel
In Their Promised Resting-Place;
Now Our Great Elijah Offers
Double Portion Of His Grace.</lines>
    </verse>
	<verse name="v5">
      <lines>He Has Raised Our Human Nature
On The Clouds To God’s Right Hand;
There We Sit In Heavenly Places,
There With Him In Glory Stand:
Jesus Reigns, Adored By Angels;
Man With God Is On The Throne;
Mighty Lord, In Thine Ascension
We By Faith Behold Our Own.</lines>
    </verse>	
  </lyrics>
</song>
