<?xml version='1.0' encoding='UTF-8'?>
<song xmlns="http://openlyrics.info/namespace/2009/song" version="0.8" createdIn="OpenLP 2.9.5" modifiedIn="OpenLP 2.9.5" modifiedDate="2022-08-22T13:11:09">
  <properties>
    <titles>
      <title>Lift that Name high! That glorious Name</title>
      <title>147</title>
    </titles>
    <verseOrder>v1 v2 v3 v4 v5</verseOrder>
    <authors>
      <author>His Servant</author>
    </authors>
    <songbooks>
      <songbook name="Christ in Song" entry="147"/>
    </songbooks>
  </properties>
  <lyrics>
    <verse name="v1">
      <lines>Lift that Name high! That glorious Name,
  Let heav’n and earth its pow’r proclaim;
Our mighty, conqu’ring, coming King,
  Earth yet shall with His praises ring.</lines>
    </verse>
	<verse name="v2">
      <lines>Lift that Name high! To that high tower
  We flee in every trial hour,
Safe, sheltered, satisfied and free,
  For Jesus’ Name is victory.</lines>
    </verse>
	<verse name="v3">
      <lines>Lift that Name high! Until one day
  His mighty Name the earth shall sway,
And sin and death, distress and pain
  Shall be no more, for Christ shall reign.</lines>
    </verse>
	<verse name="v4">
      <lines>Lift that Name high! Jesus shall reign,
  And kings shall follow in His train;
Lift that Name high, all names above,
  The Name of Him we own and love.</lines>
    </verse>
	<verse name="v5">
      <lines>Lift that Name high! For every knee
  Shall bow to Him; Jesus shall see
Fruit of His Cross, when earth shall bring
  Her tribute to her Lord and King.</lines>
    </verse>	
  </lyrics>
</song>
