<?xml version='1.0' encoding='UTF-8'?>
<song xmlns="http://openlyrics.info/namespace/2009/song" version="0.8" createdIn="OpenLP 2.9.5" modifiedIn="OpenLP 2.9.5" modifiedDate="2022-08-22T13:11:09">
  <properties>
    <titles>
      <title>O God! we see Thee in the Lamb</title>
      <title>15</title>
    </titles>
    <verseOrder>v1 v2 v3 v4</verseOrder>
    <authors>
      <author>His Servant</author>
    </authors>
    <songbooks>
      <songbook name="Christ in Song" entry="15"/>
    </songbooks>
  </properties>
  <lyrics>
    <verse name="v1">
      <lines>O God! we see Thee in the Lamb
To be our hope, our joy, our rest;
The glories that compose Thy name
Standing engaged to make us blest.</lines>
    </verse>
	<verse name="v2">
      <lines>Thou great and good! Thou just and wise!
Hail! as our Father and our God!
For we are Thine by sacred ties,
Thy sons and daughters—bought with blood.</lines>
    </verse>
	<verse name="v3">
      <lines>Then, Oh! to us this grace afford,
That far from Thee we ne’er may move;
Our guard—the presence of the Lord;
Our joy—Thy perfect present love.</lines>
    </verse>
	<verse name="v4">
      <lines>This gives us ever to rejoice,
Turning to light our darkest days;
And lifts on high each feeble voice,
While we have breath to pray or praise</lines>
    </verse>
  </lyrics>
</song>
