<?xml version='1.0' encoding='UTF-8'?>
<song xmlns="http://openlyrics.info/namespace/2009/song" version="0.8" createdIn="OpenLP 2.9.5" modifiedIn="OpenLP 2.9.5" modifiedDate="2022-08-22T13:11:09">
  <properties>
    <titles>
      <title>Golden Harps Are Sounding</title>
      <title>150</title>
    </titles>
    <verseOrder>v1 c1 v2 c1 v3 c1</verseOrder>
    <authors>
      <author>His Servant</author>
    </authors>
    <songbooks>
      <songbook name="Christ in Song" entry="150"/>
    </songbooks>
  </properties>
  <lyrics>
    <verse name="v1">
      <lines>Golden Harps Are Sounding,
Angels Voices Sing,
Pearly Gates Are Opened,
Opened For The King;
Jesus, King Of Glory,
Jesus, King Of Love,
Is Gone Up In Triumph,
To His Throne Above.</lines>
    </verse>  
    <verse name="c1">
      <lines>All His Work Is Ended,
Joyfully We Sing,
Jesus Hath Ascended!
Glory To Our King!</lines>
    </verse>
	<verse name="v2">
      <lines>He Who Came To Save Us,
He Who Bled And Died,
Now Is Crowned With Glory
At His Father’s Side.
From The Grave Arisen,
Nevermore To Die;
Jesus, King Of Glory,
Is Gone Up On High.</lines>
    </verse>
	<verse name="v3">
      <lines>Praying For His Children
In That Blessed Place,
Calling Them To Glory,
Sending Them His Grace;
His Bright Home Preparing,
Faithful Ones, For You;
Jesus Ever Liveth,
Ever Loveth, Too</lines>
    </verse>
  </lyrics>
</song>
