<?xml version='1.0' encoding='UTF-8'?>
<song xmlns="http://openlyrics.info/namespace/2009/song" version="0.8" createdIn="OpenLP 2.9.5" modifiedIn="OpenLP 2.9.5" modifiedDate="2022-08-22T13:11:09">
  <properties>
    <titles>
      <title>O, Jesus, Lord, ’tis joy to know</title>
      <title>154</title>
    </titles>
    <verseOrder>v1 v2 v3 v4</verseOrder>
    <authors>
      <author>His Servant</author>
    </authors>
    <songbooks>
      <songbook name="Christ in Song" entry="154"/>
    </songbooks>
  </properties>
  <lyrics>
    <verse name="v1">
      <lines>O JESUS, Lord, 'tis joy to know
Thy path is o'er of shame and woe
For us so meekly trod:
All finished is Thy work of toil;
Thou reapest now the fruit and spoil,
Exalted by our God.</lines>
    </verse>
	<verse name="v2">
      <lines>Thy holy head, once bound with thorns,
The crown of glory now adorns,
Thy seat, the Father's throne:
O Lord, e'en now we sing Thy praise,
Ours the eternal song to raise,
Worthy the Lord alone.</lines>
    </verse>
	<verse name="v3">
      <lines>As Head for us Thou sittest there,
Thy members here the blessing share,
Of all Thou dost receive:
Thy wisdom, riches, honours, powers,
Thy boundless love has all made ours,
Who in Thy name believe.</lines>
    </verse>
	<verse name="v4">
      <lines>We triumph in Thy triumphs, Lord;
Thy joys our deepest joys afford,
The fruit of love divine:
While sorrowing, suffering, toiling here,
How does the thought our spirits cheer,
The throne of glory's Thine!</lines>
    </verse>
  </lyrics>
</song>
