<?xml version='1.0' encoding='UTF-8'?>
<song xmlns="http://openlyrics.info/namespace/2009/song" version="0.8" createdIn="OpenLP 2.9.5" modifiedIn="OpenLP 2.9.5" modifiedDate="2022-08-22T13:11:09">
  <properties>
    <titles>
      <title>All Hail the Power of Jesus’ Name</title>
      <title>156</title>
    </titles>
    <verseOrder>v1 v2 v3 v4 v5 v6</verseOrder>
    <authors>
      <author>His Servant</author>
    </authors>
    <songbooks>
      <songbook name="Christ in Song" entry="156"/>
    </songbooks>
  </properties>
  <lyrics>
    <verse name="v1">
      <lines>All hail the power of Jesus’ Name! 
	  Let angels prostrate fall;
Bring forth the royal diadem, and crown Him Lord of all,
Bring forth the royal diadem, and crown Him Lord of all.</lines>
    </verse>
	<verse name="v2">
      <lines>Ye chosen seed of Israel’s race, 
	  Ye ransomed from the fall,
Hail Him Who saves you by His grace, and crown Him Lord of all!
Hail Him Who saves you by His grace, and crown Him Lord of all!</lines>
    </verse>
	<verse name="v3">
      <lines>Let every kindred, every tribe, 
	  On this terrestrial ball,
To Him all majesty ascribe, and crown Him Lord of all!
To Him all majesty ascribe, and crown Him Lord of all!</lines>
    </verse>
	<verse name="v4">
      <lines>O that with yonder sacred throng, 
	  We at His feet may fall,
We’ll join the everlasting song, and crown Him Lord of all!
We’ll join the everlasting song, and crown Him Lord of all!</lines>
    </verse>
	<verse name="v5">
      <lines>Crown Him, ye martyrs of your God, 
	  Who from His altar call;
Extol the Stem of Jesse’s Rod, and crown Him Lord of all!
Extol the Stem of Jesse’s Rod, and crown Him Lord of all!</lines>
    </verse>
	<verse name="v6">
      <lines>Sinners, whose love can ne’er forget, 
	  The wormwood and the gall,
Go spread your trophies at His feet, and crown Him Lord of all!
Go spread your trophies at His feet, and crown Him Lord of all!</lines>
    </verse>	
  </lyrics>
</song>
