<?xml version='1.0' encoding='UTF-8'?>
<song xmlns="http://openlyrics.info/namespace/2009/song" version="0.8" createdIn="OpenLP 2.9.5" modifiedIn="OpenLP 2.9.5" modifiedDate="2022-08-22T13:11:09">
  <properties>
    <titles>
      <title>Gazing on the Lord in glory</title>
      <title>157</title>
    </titles>
    <verseOrder>v1 v2 v3 v4 v5 v6</verseOrder>
    <authors>
      <author>His Servant</author>
    </authors>
    <songbooks>
      <songbook name="Christ in Song" entry="157"/>
    </songbooks>
  </properties>
  <lyrics>
    <verse name="v1">
      <lines>Gazing on the Lord in glory,
  While our hearts in worship bow,
There we read the wondrous story
  Of the cross—its shame and woe.</lines>
    </verse>
	<verse name="v2">
      <lines>Every mark of dark dishonor
  Heaped upon the thorn-crowned brow
All the depths of Thy heart’s sorrow
  Told in answ’ring glory now.</lines>
    </verse>
	<verse name="v3">
      <lines>On that cross, alone, forsaken,
  Where no pity’ng eye was found;
Now, to God’s right hand exalted,
  With Thy praise the heavens resound.</lines>
    </verse>
	<verse name="v4">
      <lines>Did Thy God e’en then forsake Thee,
  Hide His face from Thy deep need?
In Thy face once marred and smitten,
  All His glory now we read.</lines>
    </verse>
	<verse name="v5">
      <lines>Gazing on it we adore Thee,
  Blessed, precious, holy Lord;
Thou the Lamb, alone art worthy—
  This be earth’s and heaven’s accord.</lines>
    </verse>
	<verse name="v6">
      <lines>Rise our hearts, and bless the Father,
  Ceaseless song e’en here begun,
Endless praise and adoration
  To the Father and the Son.</lines>
    </verse>	
  </lyrics>
</song>
