<?xml version='1.0' encoding='UTF-8'?>
<song xmlns="http://openlyrics.info/namespace/2009/song" version="0.8" createdIn="OpenLP 2.9.5" modifiedIn="OpenLP 2.9.5" modifiedDate="2022-08-22T13:11:09">
  <properties>
    <titles>
      <title>Jesus, Thy head, once crown’d with thorns</title>
      <title>159</title>
    </titles>
    <verseOrder>v1 v2 v3 v4 v5</verseOrder>
    <authors>
      <author>His Servant</author>
    </authors>
    <songbooks>
      <songbook name="Christ in Song" entry="159"/>
    </songbooks>
  </properties>
  <lyrics>
    <verse name="v1">
      <lines>Jesus, Thy head, once crown’d with thorns,
  Is crown’d with glory now;
Heaven’s royal diadem adorns
  The mighty Victor’s brow.</lines>
    </verse>
	<verse name="v2">
      <lines>Thou glorious light of courts above,
  Joy of the saints below,
To us still manifest Thy love,
  That we its depths may know.</lines>
    </verse>
	<verse name="v3">
      <lines>To us Thy cross with all its shame,
  With all its grace be giv’n;
Though earth disowns Thy lowly name,
  God honors it in heav’n.</lines>
    </verse>
	<verse name="v4">
      <lines>Who suffer with Thee, Lord, today,
  Shall also with Thee reign:
Then let it be our joy to pay
  The Price, this goal attain.</lines>
    </verse>
	<verse name="v5">
      <lines>To us Thy cross is life and health;
  ’Twas shame and death to Thee;
Our present glory, joy and wealth,
  Our everlasting stay.</lines>
    </verse>	
  </lyrics>
</song>
