<?xml version='1.0' encoding='UTF-8'?>
<song xmlns="http://openlyrics.info/namespace/2009/song" version="0.8" createdIn="OpenLP 2.9.5" modifiedIn="OpenLP 2.9.5" modifiedDate="2022-08-22T13:11:09">
  <properties>
    <titles>
      <title>Hark! ten thousand harps and voices</title>
      <title>163</title>
    </titles>
    <verseOrder>v1 c1 v2 c1 v3 c1 v4 c1 v5 c1</verseOrder>
    <authors>
      <author>His Servant</author>
    </authors>
    <songbooks>
      <songbook name="Christ in Song" entry="163"/>
    </songbooks>
  </properties>
  <lyrics>
    <verse name="v1">
      <lines>Hark, ten thousand harps and voices
Sound the note of praise above!
Jesus reigns, and Heav’n rejoices,
Jesus reigns, the God of love;
See, He sits on yonder throne;
Jesus rules the world alone.</lines>
    </verse>
	<verse name="c1">
      <lines>Hallelujah! Hallelujah!
Hallelujah! Amen!</lines>
    </verse>
	<verse name="v2">
      <lines>Sing how Jesus came from Heaven,
How He bore the cross below,
How all power to Him is given,
How He reigns in glory now.
’Tis a great and endless theme
O, ’tis sweet to sing of Him.</lines>
    </verse>
	<verse name="v3">
      <lines>Jesus, hail! Whose glory brightens
All above, and gives it worth;
Lord of life, Thy smile enlightens,
Cheers, and charms Thy saints on earth;
When we think of love like Thine,
Lord, we own it love divine.</lines>
    </verse>
	<verse name="v4">
      <lines>King of glory, reign forever!
Thine an everlasting crown.
Nothing from Thy love shall sever
Those whom Thou hast made Thine own:
Happy objects of Thy grace,
Destined to behold Thy face.</lines>
    </verse>
	<verse name="v5">
      <lines>Savior, hasten Thine appearing;
Bring, O bring the glorious day,
When, the awful summons bearing,
Heaven and earth shall pass away;
Then with golden harps we’ll sing,
Glory, glory to our king!</lines>
    </verse>	
  </lyrics>
</song>
