<?xml version='1.0' encoding='UTF-8'?>
<song xmlns="http://openlyrics.info/namespace/2009/song" version="0.8" createdIn="OpenLP 2.9.5" modifiedIn="OpenLP 2.9.5" modifiedDate="2022-08-22T13:11:09">
  <properties>
    <titles>
      <title>Jesus, our Lord, with what joy we adore Thee</title>
      <title>164</title>
    </titles>
    <verseOrder>v1 c1 v2 c1 v3 c1 v4 c1</verseOrder>
    <authors>
      <author>His Servant</author>
    </authors>
    <songbooks>
      <songbook name="Christ in Song" entry="164"/>
    </songbooks>
  </properties>
  <lyrics>
    <verse name="v1">
      <lines>Jesus, our Lord, with what joy we adore Thee,
  Chanting our praise to Thyself on the throne!
Blest in Thy presence, we worship before Thee,
  Own Thou art worthy, and worthy alone.</lines>
    </verse>  
    <verse name="c1">
      <lines>Lord, Thou art worthy: Lord, Thou art worthy;
  Lord, Thou art worthy, and worthy alone!
Blest in Thy presence, we worship before Thee,
    Own Thou art worthy, and worthy alone!</lines>
    </verse>
	<verse name="v2">
      <lines>Verily God, yet become truly human,
  Lower than angels to die in our stead;
How has that long promised “Seed of the woman”
  Trod on the serpent and bruised his head!</lines>
    </verse>
	<verse name="v3">
      <lines>How didst Thou humble Thyself to be taken.
  Led by Thy creatures and nailed to the cross.
Hated of men, and of God too forsaken,
  Shunning not darkness, the curse, and the loss.</lines>
    </verse>
	<verse name="v4">
      <lines>How hast Thou triumphed, and triumphed with glory,
  Battled death’s forces, rolled back every wave!
Can we refrain then from telling the story?
  Lord, Thou art Victor o’er death and the grave.</lines>
    </verse>
  </lyrics>
</song>
