<?xml version='1.0' encoding='UTF-8'?>
<song xmlns="http://openlyrics.info/namespace/2009/song" version="0.8" createdIn="OpenLP 2.9.5" modifiedIn="OpenLP 2.9.5" modifiedDate="2022-08-22T13:11:09">
  <properties>
    <titles>
      <title>O God, our help in ages past</title>
      <title>17</title>
    </titles>
    <verseOrder>v1 v2 v3 v4 v5 v6</verseOrder>
    <authors>
      <author>His Servant</author>
    </authors>
    <songbooks>
      <songbook name="Christ in Song" entry="17"/>
    </songbooks>
  </properties>
  <lyrics>
    <verse name="v1">
      <lines>O God, our help in ages past,
  Our hope for years to come,
Our shelter from the stormy blast,
  And our eternal home.</lines>
    </verse>
	<verse name="v2">
      <lines>Under the shadow of Thy throne
  Thy saints have dwelt secure;
Sufficient is Thine arm alone,
  And our defence is sure</lines>
    </verse>
	<verse name="v3">
      <lines>Before the hills in order stood,
  Or earth received her frame,
From everlasting Thou art God,
  To endless years the same.</lines>
    </verse>
	<verse name="v4">
      <lines>A thousand ages in Thy sight
  Are like an evening gone;
Short as the watch that ends the night
  Before the rising sun.</lines>
    </verse>
	<verse name="v5">
      <lines>Time, like an ever-rolling stream,
  Bears all its sons away;
They fly forgotten, as a dream
  Dies at the opening day.</lines>
    </verse>
	<verse name="v6">
      <lines>O God, our help in ages past,
  Our hope for years to come,
Be Thou our guard while life shall last,
  And our eternal home.</lines>
    </verse>
  </lyrics>
</song>
