<?xml version='1.0' encoding='UTF-8'?>
<song xmlns="http://openlyrics.info/namespace/2009/song" version="0.8" createdIn="OpenLP 2.9.5" modifiedIn="OpenLP 2.9.5" modifiedDate="2022-08-22T13:11:09">
  <properties>
    <titles>
      <title>There's a whisper from the glory</title>
      <title>172</title>
    </titles>
    <verseOrder>v1 c1 v2 c1 v3 c1 v4 c1</verseOrder>
    <authors>
      <author>His Servant</author>
    </authors>
    <songbooks>
      <songbook name="Christ in Song" entry="172"/>
    </songbooks>
  </properties>
  <lyrics>
    <verse name="v1">
      <lines>There’s a whisper from the glory of the coming of the Lord!
Oh, the joy my heart is tasting as I rest upon His Word,
And what peace amid earth’s tumult doth this precious truth afford,—
Hold fast! I'm coming soon!</lines>
    </verse>  
    <verse name="c1">
      <lines>Glory, glory, Hallelujah!
Glory, glory! Hallelujah!
Glory, glory! Hallelujah!
The King is coming soon!</lines>
    </verse>
	<verse name="v2">
      <lines>In the glory of His promise I am living day by day,
And the light of Heav’n is dawning on earth’s dreary, desert way,
While I wait that sweetest whisper, “Up, my child, and come away,”—
The King is coming soon!</lines>
    </verse>
	<verse name="v3">
      <lines>What matters is the tumult of the world with sorrow rife?
For the conflict now is ending and the glorious Prince of Life
Will present His shining laurels to the victors o’er the strife,—
The King is coming soon!</lines>
    </verse>
	<verse name="v4">
      <lines>There’s a glory on the mountains and a glory on the sea,
And the valleys now are glowing and the desert way can be
Just a pilgrimage to glory since He whispered it to me—
Hold fast! I'm coming soon!</lines>
    </verse>
  </lyrics>
</song>
