<?xml version='1.0' encoding='UTF-8'?>
<song xmlns="http://openlyrics.info/namespace/2009/song" version="0.8" createdIn="OpenLP 2.9.5" modifiedIn="OpenLP 2.9.5" modifiedDate="2022-08-22T13:11:09">
  <properties>
    <titles>
      <title>Sing We The King</title>
      <title>173</title>
    </titles>
    <verseOrder>v1 c1 v2 c1 v3 c1 v4 c1 v5 c1 v6 c1</verseOrder>
    <authors>
      <author>His Servant</author>
    </authors>
    <songbooks>
      <songbook name="Christ in Song" entry="173"/>
    </songbooks>
  </properties>
  <lyrics>
    <verse name="v1">
      <lines>Sing we the King who is coming to reign,
Glory to Jesus, the Lamb that was slain;
Righteousness, peace then His empire shall bring,
Joy to the nations when Jesus is King.</lines>
    </verse>  
    <verse name="c1">
      <lines>Come let us sing: Praise to our King,
Jesus our King, Jesus our King:
This is our song, who to Jesus belong:
  Glory to Jesus, to Jesus our King.</lines>
    </verse>
	<verse name="v2">
      <lines>All men shall dwell in His marvelous light,
Races long severed His love shall unite,
Justice and truth from His scepter shall spring,
Wrong shall be ended when Jesus is King.</lines>
    </verse>
	<verse name="v3">
      <lines>All shall be well in His kingdom of peace,
Freedom shall flourish and wisdom increase,
Foe shall be friend when His triumph we sing,
Sword shall be sickle when Jesus is King.</lines>
    </verse>
	<verse name="v4">
      <lines>Souls shall be saved from the burden of sin,
Doubt shall not darken his witness within,
Hell hath no terrors, and death hath no sting;
Love is victorious when Jesus is King.</lines>
    </verse>
	<verse name="v5">
      <lines>Knowledge and fear of the Lord then shall be
As the deep waters that cover the sea;
All things shall be in the splendor of spring
And all harmonious when Jesus is King.</lines>
    </verse>
	<verse name="v6">
      <lines>Kingdom of Christ, for thy coming we pray,
Hasten, O Father, the dawn of the day
When this new song Thy creation shall sing,
Satan is vanquished and Jesus is King.</lines>
    </verse>	
  </lyrics>
</song>
