<?xml version='1.0' encoding='UTF-8'?>
<song xmlns="http://openlyrics.info/namespace/2009/song" version="0.8" createdIn="OpenLP 2.9.5" modifiedIn="OpenLP 2.9.5" modifiedDate="2022-08-22T13:11:09">
  <properties>
    <titles>
      <title>Thou art coming, O my Savior</title>
      <title>174</title>
    </titles>
    <verseOrder>v1 v2 v3 v4</verseOrder>
    <authors>
      <author>His Servant</author>
    </authors>
    <songbooks>
      <songbook name="Christ in Song" entry="174"/>
    </songbooks>
  </properties>
  <lyrics>
    <verse name="v1">
      <lines>Thou art coming, O my Savior,
  Thou art coming, O my King,
In Thy beauty all resplendent,
In Thy glory all transcendent;
  Well may we rejoice and sing;
  Coming! In the opening east,
  Herald brightness slowly swells:
  Coming! O my glorious Priest,
  Hear we not Thy golden bells?</lines>
    </verse>
	<verse name="v2">
      <lines>Thou art coming, Thou art coming;
  We shall meet Thee on Thy way;
We shall see Thee, we shall know Thee,
We shall bless Thee, we shall show Thee
  All our hearts could never say:
  What an anthem that will be,
  Ringing out our love to Thee,
  Pouring out our rapture sweet
  At Thine own all-glorious feet.</lines>
    </verse>
	<verse name="v3">
      <lines>Thou art coming, at Thy Table
  We are witnesses for this;
While rememb’ring hearts Thou meetest
In communion clearest, sweetest,
  Earnest of our coming bliss,
  Showing not Thy death alone,
  And Thy love exceeding great,
  But Thy coming and Thy throne,
  All for which we long and wait.</lines>
    </verse>
	<verse name="v4">
      <lines>Oh, the joy to see Thee reigning,
  Thee, my own beloved Lord!
Every tongue Thy Name confessing,
Worship, honor, glory, blessing,
  Brought to Thee with one accord;
  Thee, my Master and my Friend,
  Vindicated and enthroned,
  Unto earth’s remotest end
  Glorified, adored, and owned!</lines>
    </verse>
  </lyrics>
</song>
