<?xml version='1.0' encoding='UTF-8'?>
<song xmlns="http://openlyrics.info/namespace/2009/song" version="0.8" createdIn="OpenLP 2.9.5" modifiedIn="OpenLP 2.9.5" modifiedDate="2022-08-22T13:11:09">
  <properties>
    <titles>
      <title>It May Be At Morn</title>
      <title>176</title>
    </titles>
    <verseOrder>v1 c1 v2 c1 v3 c1 v4 c1</verseOrder>
    <authors>
      <author>His Servant</author>
    </authors>
    <songbooks>
      <songbook name="Christ in Song" entry="176"/>
    </songbooks>
  </properties>
  <lyrics>
    <verse name="v1">
      <lines>It may be at morn, when the day is awaking,
When sunlight through darkness and shadow is breaking,
That Jesus will come in the fullness of glory,
To receive from the world His own.</lines>
    </verse>  
    <verse name="c1">
      <lines>O Lord Jesus, how long, how long
Ere we shout the glad song,
Christ returneth!
Hallelujah! hallelujah!
Amen. Hallelujah! Amen.</lines>
    </verse>
	<verse name="v2">
      <lines>It may be at midday, it may be at twilight,
It may be, perchance, that the blackness of midnight
Will burst into light in the blaze of His glory,
When Jesus receives His own.</lines>
    </verse>
	<verse name="v3">
      <lines>While its hosts cry Hosanna, from heaven descending,
With glorified saints and the angels attending,
With grace on His brow, like a halo of glory,
Will Jesus receive His own.</lines>
    </verse>
	<verse name="v4">
      <lines>O joy! O delight! should we go without dying,
No sickness, no sadness, no dread and no crying.
Caught up through the clouds with our Lord into glory,
When Jesus receives His own. </lines>
    </verse>
  </lyrics>
</song>
