<?xml version='1.0' encoding='UTF-8'?>
<song xmlns="http://openlyrics.info/namespace/2009/song" version="0.8" createdIn="OpenLP 2.9.5" modifiedIn="OpenLP 2.9.5" modifiedDate="2022-08-22T13:11:09">
  <properties>
    <titles>
      <title>Will Jesus Find Us Watching</title>
      <title>179</title>
    </titles>
    <verseOrder>v1 c1 v2 c1 v3 c1 v4 c1</verseOrder>
    <authors>
      <author>His Servant</author>
    </authors>
    <songbooks>
      <songbook name="Christ in Song" entry="179"/>
    </songbooks>
  </properties>
  <lyrics>
    <verse name="v1">
      <lines>When Jesus comes to reward His servants,
Whether it be noon or night,
Faithful to Him will He find us watching,
With our lamps all trimmed and bright?</lines>
    </verse>  
    <verse name="c1">
      <lines>O can we say we are ready, brother?
Ready for the soul’s bright home?
Say, will He find you and me still watching,
Waiting, watching when the Lord shall come?</lines>
    </verse>
	<verse name="v2">
      <lines>If, at the dawn of the early morning,
He shall call us one by one,
When to the Lord we restore our talents,
Will He answer you, "Well done?"</lines>
    </verse>
	<verse name="v3">
      <lines>Have we been true to the trust He left us?
Do we seek to do our best?
If in our hearts there is naught condemns us,
We shall have a glorious rest.</lines>
    </verse>
	<verse name="v4">
      <lines>Blessed are those whom the Lord finds watching,
In His glory they shall share;
If He shall come at the dawn or midnight,
Will He find us watching there?</lines>
    </verse>
  </lyrics>
</song>
