<?xml version='1.0' encoding='UTF-8'?>
<song xmlns="http://openlyrics.info/namespace/2009/song" version="0.8" createdIn="OpenLP 2.9.5" modifiedIn="OpenLP 2.9.5" modifiedDate="2022-08-22T13:11:09">
  <properties>
    <titles>
      <title>Great is Thy faithfulness</title>
      <title>18</title>
    </titles>
    <verseOrder>v1 c1 v2 c1 v3 c1</verseOrder>
    <authors>
      <author>His Servant</author>
    </authors>
    <songbooks>
      <songbook name="Christ in Song" entry="18"/>
    </songbooks>
  </properties>
  <lyrics>
    <verse name="v1">
      <lines>“Great is Thy faithfulness,” O God my Father,
There is no shadow of turning with Thee;
Thou changest not, Thy compassions, they fail not
As Thou hast been Thou forever wilt be.</lines>
    </verse>
    <verse name="c1">
      <lines>“Great is Thy faithfulness!” “Great is Thy faithfulness!”
  Morning by morning new mercies I see;
All I have needed Thy hand hath provided—
    “Great is Thy faithfulness,” Lord, unto me!</lines>
    </verse>	
	<verse name="v2">
      <lines>Summer and winter, and springtime and harvest,
Sun, moon and stars in their courses above,
Join with all nature in manifold witness
To Thy great faithfulness, mercy and love</lines>
    </verse>
	<verse name="v3">
      <lines>Pardon for sin and a peace that endureth,
Thine own dear presence to cheer and to guide;
Strength for today and bright hope for tomorrow,
Blessings all mine, with ten thousand beside!</lines>
    </verse>
  </lyrics>
</song>
