<?xml version='1.0' encoding='UTF-8'?>
<song xmlns="http://openlyrics.info/namespace/2009/song" version="0.8" createdIn="OpenLP 2.9.5" modifiedIn="OpenLP 2.9.5" modifiedDate="2022-08-22T13:11:09">
  <properties>
    <titles>
      <title>The Church has waited long</title>
      <title>180</title>
    </titles>
    <verseOrder>v1 v2 v3 v4 v5</verseOrder>
    <authors>
      <author>His Servant</author>
    </authors>
    <songbooks>
      <songbook name="Christ in Song" entry="180"/>
    </songbooks>
  </properties>
  <lyrics>
    <verse name="v1">
      <lines>The Church has waited long,
  Her absent Lord to see,
And still in loneliness she waits,
  A friendless stranger she.
  Age after age has gone,
  Sun after sun has set,
And still in weeds of widowhood,
  She weeps a mourner yet.</lines>
    </verse>
	<verse name="v2">
      <lines>Saint after saint on earth
  Has lived, and loved, and died;
And as they left us one by one,
  We laid them side by side;
  We laid them down to sleep,
  But not in hope forlorn;
We laid them but to ripen there,
  Till the last glorious morn.</lines>
    </verse>
	<verse name="v3">
      <lines>The serpent’s brood increase,
  The powers of hell grow bold,
The conflict thickens, faith is low,
  And love is waxing cold.
  How long, O Lord our God,
  Holy, and true, and good,
Wilt Thou not judge Thy suffering Church,
  Her sighs, and tears, and blood?</lines>
    </verse>
	<verse name="v4">
      <lines>We long to hear Thy voice,
  To see Thee face to face,
To share Thy crown and glory then,
  As now we share Thy grace.
  Should not the loving bride
  Her absent bridegroom mourn?
Should she not wear the signs of grief
  Until her Lord return?</lines>
    </verse>
	<verse name="v5">
      <lines>The whole creation groans,
  And waits to hear that voice
That shall her beauteousness restore,
  And make her wastes rejoice.
  Come, Lord, and wipe away
  The curse, the sin, the stain,
And make this blighted world of ours
  Thine own fair world again.</lines>
    </verse>	
  </lyrics>
</song>
