<?xml version='1.0' encoding='UTF-8'?>
<song xmlns="http://openlyrics.info/namespace/2009/song" version="0.8" createdIn="OpenLP 2.9.5" modifiedIn="OpenLP 2.9.5" modifiedDate="2022-08-22T13:11:09">
  <properties>
    <titles>
      <title>Come, Lord, and tarry not</title>
      <title>183</title>
    </titles>
    <verseOrder>v1 v2 v3 v4 v5 v6 v7 v8 v9</verseOrder>
    <authors>
      <author>His Servant</author>
    </authors>
    <songbooks>
      <songbook name="Christ in Song" entry="183"/>
    </songbooks>
  </properties>
  <lyrics>
    <verse name="v1">
      <lines>Come, Lord, and tarry not;
Bring the long looked for day;
O why these years of waiting here,
These ages of decay?</lines>
    </verse>
	<verse name="v2">
      <lines>Come, for Thy saints still wait;
Daily ascends their sigh;
The Spirit and the Bride say, Come;
Does Thou not hear the cry?</lines>
    </verse>
	<verse name="v3">
      <lines>Come, for creation groans,
Impatient of Thy stay,
Worn out with these long years of ill,
These ages of delay.</lines>
    </verse>
	<verse name="v4">
      <lines>Come, for the good are few;
They lift the voice in vain;
Faith waxes fainter on the earth,
And love is on the wane.</lines>
    </verse>
    <verse name="v5">
      <lines>Come, for the truth is weak,
And error pours abroad
Its subtle poison o’er the earth—
An earth that hates her God.</lines>
    </verse>
	<verse name="v6">
      <lines>Come, for love waxes cold,
Its steps are faint and slow;
Faith now is lost in unbelief,
Hope’s lamp burns dim and low.</lines>
    </verse>
	<verse name="v7">
      <lines>Come, for the corn is ripe,
Put in thy sickle now,
Reap the great harvest of the earth—
Sower and reaper Thou.</lines>
    </verse>
	<verse name="v8">
      <lines>Come, and make all things new,
Build up this ruined earth;
Restore our faded paradise,
Creation’s second birth.</lines>
    </verse>
	<verse name="v9">
      <lines>Come, and begin Thy reign
Of everlasting peace;
Come, take the kingdom to Thyself,
Great King of righteousness.</lines>
    </verse>	
  </lyrics>
</song>
