<?xml version='1.0' encoding='UTF-8'?>
<song xmlns="http://openlyrics.info/namespace/2009/song" version="0.8" createdIn="OpenLP 2.9.5" modifiedIn="OpenLP 2.9.5" modifiedDate="2022-08-22T13:11:09">
  <properties>
    <titles>
      <title>How sweet the Name of Jesus sounds</title>
      <title>188</title>
    </titles>
    <verseOrder>v1 v2 v3 v4 v5 v6 v7</verseOrder>
    <authors>
      <author>His Servant</author>
    </authors>
    <songbooks>
      <songbook name="Christ in Song" entry="188"/>
    </songbooks>
  </properties>
  <lyrics>
    <verse name="v1">
      <lines>How sweet the Name of Jesus sounds
  In a believer’s ear!
It soothes his sorrow, heals his wounds,
  And drives away his fear,
  And drives away his fear,
  And drives away his fear,
It soothes his sorrow, heals his wounds,
  And drives away his fear.</lines>
    </verse>
	<verse name="v2">
      <lines>It makes the wounded spirit whole,
  And calms the troubled breast;
’Tis manna to the hungry soul,
  And to the weary rest,
  And to the weary rest,
  And to the weary rest,
’Tis manna to the hungry soul,
  And to the weary rest.</lines>
    </verse>
	<verse name="v3">
      <lines>Dear Name! the Rock on which we build;
  Our shield and hiding-place;
Our never-failing treasury, filled
  With boundless stores of grace,
  With boundless stores of grace,
  With boundless stores of grace,
Our never-failing treasury, filled
  With boundless stores of grace.</lines>
    </verse>
	<verse name="v4">
      <lines>By Thee, my prayers acceptance gain,
Although with sin defiled;
Satan accuses me in vain,
And I am owned a child.
And I am owned a child.
And I am owned a child.
Satan accuses me in vain,
And I am owned a child.</lines>
    </verse>
	<verse name="v5">
      <lines>Jesus, our Savior, Shepherd, Friend,
  Our Prophet, Priest, and King;
Our Lord, our Life, our Way, our End,
  Accept the praise we bring,
  Accept the praise we bring,
  Accept the praise we bring,
Our Lord, our Life, our Way, our End,
  Accept the praise we bring.</lines>
    </verse>
	<verse name="v6">
      <lines>Weak is the effort of our heart,
  And cold our warmest thought;
But when we see Thee as Thou art,
  We’ll praise Thee as we ought,
  We’ll praise Thee as we ought,
  We’ll praise Thee as we ought,
But when we see Thee as Thou art,
  We’ll praise Thee as we ought.</lines>
    </verse>
	<verse name="v7">
      <lines>Till then we would Thy love proclaim
  With every fleeting breath;
And triumph in that blessed Name
  Which quells the pow’r of death,
  Which quells the pow’r of death,
  Which quells the pow’r of death,
And triumph in that blessed Name
  Which quells the pow’r of death.</lines>
    </verse>	
  </lyrics>
</song>
