<?xml version='1.0' encoding='UTF-8'?>
<song xmlns="http://openlyrics.info/namespace/2009/song" version="0.8" createdIn="OpenLP 2.9.5" modifiedIn="OpenLP 2.9.5" modifiedDate="2022-08-22T13:11:09">
  <properties>
    <titles>
      <title>Jesus, Name of matchless splendor</title>
      <title>189</title>
    </titles>
    <verseOrder>v1 v2 v3 v4 v5 v6</verseOrder>
    <authors>
      <author>His Servant</author>
    </authors>
    <songbooks>
      <songbook name="Christ in Song" entry="189"/>
    </songbooks>
  </properties>
  <lyrics>
    <verse name="v1">
      <lines>Jesus, Name of matchless splendor!
  Name all other names above!
Glorious Son of God incarnate,
  King of kings, and Lord of love</lines>
    </verse>
	<verse name="v2">
      <lines>Name that to our hearts is nearest,
  Here the stricken soul doth hide;
Name that to our hearts is dearest,
  As in Jesus we confide.</lines>
    </verse>
	<verse name="v3">
      <lines>“Call Him Jesus!” He shall save us
  From the tyranny of sin;
From its condemnation save us,
  From iniquity within.</lines>
    </verse>
	<verse name="v4">
      <lines>Thanks we give, and adoration,
  Every day and every hour,
For an uttermost salvation,
  Freedom from sin’s guilt and power.</lines>
    </verse>
	<verse name="v5">
      <lines>Jesus! sweetest note of any
  In the lowly pilgrim’s song;
Jesus! the triumphant music
  Of the bright angelic throng.</lines>
    </verse>
	<verse name="v6">
      <lines>Earth to Him her face upraises,
  Knows Him as the great I AM!
Heaven resounds with Jesus’ praises,
  Glory to the bleeding Lamb!</lines>
    </verse>	
  </lyrics>
</song>
