<?xml version='1.0' encoding='UTF-8'?>
<song xmlns="http://openlyrics.info/namespace/2009/song" version="0.8" createdIn="OpenLP 2.9.5" modifiedIn="OpenLP 2.9.5" modifiedDate="2022-08-22T13:11:09">
  <properties>
    <titles>
      <title>Lord Jesus, how our souls adore</title>
      <title>198</title>
    </titles>
    <verseOrder>v1 v2 v3 v4 v5</verseOrder>
    <authors>
      <author>His Servant</author>
    </authors>
    <songbooks>
      <songbook name="Christ in Song" entry="198"/>
    </songbooks>
  </properties>
  <lyrics>
    <verse name="v1">
      <lines>Lord Jesus, how our souls adore
That perfect love of Thine!
We'd sing its sweetness o'er and o'er,
Immeasurable, divine.</lines>
    </verse>
	<verse name="v2">
      <lines>We think of Thee, God's blessed Son,
Whom heavenly hosts obeyed,
Girding Thyself to serve Thine own,
And like a bondman made.</lines>
    </verse>
	<verse name="v3">
      <lines>What deep affections moved Thee here,
As Thou didst seek Thy bride,
Joy of Thine heart, to Thee how dear!
Love could not be denied.</lines>
    </verse>
	<verse name="v4">
      <lines>Thou gavest all that love could give,
The goodly pearl to gain;
Thou gav'st Thy life that we might live,
And Thou Thy bride obtain.</lines>
    </verse>
	<verse name="v5">
      <lines>Fruit of that wondrous love of Thine,
We praise, we worship Thee;
Thy love unsearchable, divine,
Our endless song shall be.</lines>
    </verse>	
  </lyrics>
</song>
