<?xml version='1.0' encoding='UTF-8'?>
<song xmlns="http://openlyrics.info/namespace/2009/song" version="0.8" createdIn="OpenLP 2.9.5" modifiedIn="OpenLP 2.9.5" modifiedDate="2022-08-22T13:11:09">
  <properties>
    <titles>
      <title>Fairest Lord Jesus</title>
      <title>201</title>
    </titles>
    <verseOrder>v1 v2 v3 v4</verseOrder>
    <authors>
      <author>His Servant</author>
    </authors>
    <songbooks>
      <songbook name="Christ in Song" entry="201"/>
    </songbooks>
  </properties>
  <lyrics>
    <verse name="v1">
      <lines>Fairest Lord Jesus!
  Ruler of all nature!
O Thou of God and man the Son!
  Thee will I cherish,
  Thee will I honor,
Thou, my soul’s glory, joy, and crown!</lines>
    </verse>
	<verse name="v2">
      <lines>Fair are the meadows
  Fairer still the woodlands,
Robed in the blooming garb of spring;
  Jesus is fairer,
  Jesus is purer,
Who makes the woeful heart to sing!</lines>
    </verse>
	<verse name="v3">
      <lines>Fair is the sunshine,
  Fairer still the moonlight,
And all the twinkling starry host;
  Jesus shines brighter,
  Jesus shines purer,
Than all the angels heav’n can boast!</lines>
    </verse>
	<verse name="v4">
      <lines>All fairest beauty,
  Heavenly and earthly,
Wondrously, Jesus, is found in Thee;
  None can be nearer,
  Fairer, or dearer,
Than Thou my Savior art to me.</lines>
    </verse>
  </lyrics>
</song>
