<?xml version='1.0' encoding='UTF-8'?>
<song xmlns="http://openlyrics.info/namespace/2009/song" version="0.8" createdIn="OpenLP 2.9.5" modifiedIn="OpenLP 2.9.5" modifiedDate="2022-08-22T13:11:09">
  <properties>
    <titles>
      <title>O Jesus, Jesus, dearest Lord</title>
      <title>206</title>
    </titles>
    <verseOrder>v1 c1 v2 c1 v3 c1 v4 c1 v5 c1 v6 c1</verseOrder>
    <authors>
      <author>His Servant</author>
    </authors>
    <songbooks>
      <songbook name="Christ in Song" entry="206"/>
    </songbooks>
  </properties>
  <lyrics>
    <verse name="v1">
      <lines>O Jesus, Jesus, dearest Lord!
  Forgive me if I say,
For very love, Thy sacred name
  A thousand times a day.</lines>
    </verse>  
    <verse name="c1">
      <lines>O Jesus, Lord, with me abide;
I rest in Thee, whate’er betide;
Thy gracious smile is my reward;
    I love, I love Thee, Lord!</lines>
    </verse>
	<verse name="v2">
      <lines>I love Thee so I know not how
  My transports to control;
Thy love is like a burning fire
  Within my very soul.</lines>
    </verse>
	<verse name="v3">
      <lines>For Thou to me art all in all;
  My honor and my wealth;
My heart’s desire, my body’s strength,
  My soul’s eternal health.</lines>
    </verse>
	<verse name="v4">
      <lines>Burn, burn, O love, within my heart,
  Burn fiercely night and day,
Till all the dross of earthly loves
  Is burned, and burned away.</lines>
    </verse>
	<verse name="v5">
      <lines>O light in darkness, joy in grief,
  O heaven’s life on earth;
Jesus, my love, my treasure, who
  Can tell what Thou art worth?</lines>
    </verse>
	<verse name="v6">
      <lines>What limit is there to this love?
  Thy flight, where wilt Thou stay?
On, on! our Lord is sweeter far
  Today than yesterday.</lines>
    </verse>	
  </lyrics>
</song>
