<?xml version='1.0' encoding='UTF-8'?>
<song xmlns="http://openlyrics.info/namespace/2009/song" version="0.8" createdIn="OpenLP 2.9.5" modifiedIn="OpenLP 2.9.5" modifiedDate="2022-08-22T13:11:09">
  <properties>
    <titles>
      <title>Jesus, Thine all-victorious love</title>
      <title>208</title>
    </titles>
    <verseOrder>v1 v2 v3 v4 v5</verseOrder>
    <authors>
      <author>His Servant</author>
    </authors>
    <songbooks>
      <songbook name="Christ in Song" entry="208"/>
    </songbooks>
  </properties>
  <lyrics>
    <verse name="v1">
      <lines>Jesus, Thine all-victorious love
  Shed in my soul abroad;
Then shall my heart no longer rove,
  Rooted and fixed in God,
  Rooted and fixed in God.</lines>
    </verse>
	<verse name="v2">
      <lines>Oh, that in me the sacred fire
  Might now begin to glow;
Burn up the dross of base desire,
  And make the mountains flow,
  And make the mountains flow.</lines>
    </verse>
	<verse name="v3">
      <lines>Thou, who at Pentecost didst fall,
  Do Thou sins consume;
Come, Holy Ghost, for Thee I call;
  Spirit of Burning, come,
  Spirit of Burning, come,.</lines>
    </verse>
	<verse name="v4">
      <lines>Refining fire, go through my heart,
  Illuminate my soul;
Scatter Thy life through every part,
  And sanctify the whole,
  And sanctify the whole.</lines>
    </verse>
	<verse name="v5">
      <lines>My steadfast soul, from falling free,
  Shall then no longer move,
While Christ is all the world to me,
  And all my heart is love,
  And all my heart is love.</lines>
    </verse>	
  </lyrics>
</song>
