<?xml version='1.0' encoding='UTF-8'?>
<song xmlns="http://openlyrics.info/namespace/2009/song" version="0.8" createdIn="OpenLP 2.9.5" modifiedIn="OpenLP 2.9.5" modifiedDate="2022-08-22T13:11:09">
  <properties>
    <titles>
      <title>There is a name I love to hear</title>
      <title>209</title>
    </titles>
    <verseOrder>v1 c1 v2 c1 v3 c1 v4 c1 v5 c1 v6 c1 v7 c1</verseOrder>
    <authors>
      <author>His Servant</author>
    </authors>
    <songbooks>
      <songbook name="Christ in Song" entry="209"/>
    </songbooks>
  </properties>
  <lyrics>
    <verse name="v1">
      <lines>There is a name I love to hear,
I love to speak its worth;
It sounds like music in mine ear,
The sweetest name on earth.</lines>
    </verse>  
    <verse name="c1">
      <lines>O how I love Jesus,
O how I love Jesus,
O how I love Jesus,
Because He first loved me!</lines>
    </verse>
	<verse name="v2">
      <lines>It tells me of a Savior’s love,
Who died to set me free;
It tells me of His precious blood,
The sinner’s perfect plea.</lines>
    </verse>
	<verse name="v3">
      <lines>It tells me what my Father hath
In store for every day,
And though I tread a darksome path,
Yields sunshine all the way.</lines>
    </verse>
	<verse name="v4">
      <lines>It tells of One whose loving heart
Can feel my deepest woe;
Who in my sorrow bears a part,
That none can bear below.</lines>
    </verse>
	<verse name="v5">
      <lines>Jesus, the name I love so well,
The name I love to hear!
No saint on earth its worth can tell,
No heart conceive how dear.</lines>
    </verse>
	<verse name="v6">
      <lines>This name shall shed its fragrance still
Along this thorny road,
Shall sweetly smooth the rugged hill
That leads me up to God.</lines>
    </verse>
	<verse name="v7">
      <lines>And there, with all the blood-bought throng,
From sin and sorrow free,
I’ll sing the new eternal song
Of Jesus’ love to me.</lines>
    </verse>	
  </lyrics>
</song>
