<?xml version='1.0' encoding='UTF-8'?>
<song xmlns="http://openlyrics.info/namespace/2009/song" version="0.8" createdIn="OpenLP 2.9.5" modifiedIn="OpenLP 2.9.5" modifiedDate="2022-08-22T13:11:09">
  <properties>
    <titles>
      <title>O thou, my soul, forget no more</title>
      <title>216</title>
    </titles>
    <verseOrder>v1 v2 v3 v4</verseOrder>
    <authors>
      <author>His Servant</author>
    </authors>
    <songbooks>
      <songbook name="Christ in Song" entry="216"/>
    </songbooks>
  </properties>
  <lyrics>
    <verse name="v1">
      <lines>O thou, my soul, forget no more
The friend who all thy misery bore;
Let every idol be forgot,
But, O my soul, forget Him not.</lines>
    </verse>
	<verse name="v2">
      <lines>Jesus for thou a body takes,
Thy guilt assumes, thy fetters breaks,
Discharging all thy dreadful debt;
And canst thou e’er such love forget?</lines>
    </verse>
	<verse name="v3">
      <lines>Renounce thy works and ways, with grief,
And fly to this most sure relief;
Nor Him forget, who left His throne,
And for thy life gave up His own.</lines>
    </verse>
	<verse name="v4">
      <lines>Eternal truth and mercy shine,
In Him, and He Himself is thine:
And canst thou, then, with sin beset,
Such charms, such matchless charms, forget?</lines>
    </verse>
  </lyrics>
</song>
