<?xml version='1.0' encoding='UTF-8'?>
<song xmlns="http://openlyrics.info/namespace/2009/song" version="0.8" createdIn="OpenLP 2.9.5" modifiedIn="OpenLP 2.9.5" modifiedDate="2022-08-22T13:11:09">
  <properties>
    <titles>
      <title>Though we may waver</title>
      <title>217</title>
    </titles>
    <verseOrder>v1 v2 v3 v4</verseOrder>
    <authors>
      <author>His Servant</author>
    </authors>
    <songbooks>
      <songbook name="Christ in Song" entry="217"/>
    </songbooks>
  </properties>
  <lyrics>
    <verse name="v1">
      <lines>Though we may waver, He remaineth steadfast,   
	  And all His words are sure;      
	  From everlasting unto everlasting,  
	  His promises endure.</lines>
    </verse>
	<verse name="v2">
      <lines>Though we may wander, He will not forsake us,  
	  Truer than earthly friend;
	  He never fails our trust, for having loved us,   
	  He loves unto the end.</lines>
    </verse>
	<verse name="v3">
      <lines>Unto the end; we doubt Him, we deny Him,   
	  We wound Him, we forget;
	  We get some earthly idol up between us,   
	  Without one faint regret.</lines>
    </verse>
	<verse name="v4">
      <lines>And when it falls or crumbles, and in anguish, 
	  We seek this changeless Friend,
	  Lo, He receives us, comforts and forgives us,   
	  And loves us to the end.</lines>
    </verse>
  </lyrics>
</song>
