<?xml version='1.0' encoding='UTF-8'?>
<song xmlns="http://openlyrics.info/namespace/2009/song" version="0.8" createdIn="OpenLP 2.9.5" modifiedIn="OpenLP 2.9.5" modifiedDate="2022-08-22T13:11:09">
  <properties>
    <titles>
      <title>Where shall our wondering souls begin</title>
      <title>219</title>
    </titles>
    <verseOrder>v1 v2 v3 v4</verseOrder>
    <authors>
      <author>His Servant</author>
    </authors>
    <songbooks>
      <songbook name="Christ in Song" entry="219"/>
    </songbooks>
  </properties>
  <lyrics>
    <verse name="v1">
      <lines>Where shall our wondering souls begin?
How shall we all to Heaven aspire?
As slaves redeemed from death and sin,
As brands plucked from eternal fire,
How shall we equal triumphs raise,
Or sing our great Deliverer’s praise?</lines>
    </verse>
	<verse name="v2">
      <lines>Oh how shall we the goodness tell,
Father, which Thou to us hast showed?
Children of wrath, and doomed to hell,
But children now redeemed to God,
On earth we know our sins forgiven,
Blessed with this antepast of Heaven!</lines>
    </verse>
	<verse name="v3">
      <lines>Our heart is full of Christ, and long
Their glorious matter to declare!
Of him we make our loftier song,
We cannot from his praise forbear;
Our ready tongue makes haste to sing
The glories of our heavenly King.</lines>
    </verse>
	<verse name="v4">
      <lines>Fairer than all the earth-born race,
Perfect in comeliness thou art;
Replenished are thy lips with grace,
And full of love thy tender heart:
God ever blest! we bow the knee,
And own all fulness dwells in thee.</lines>
    </verse>
  </lyrics>
</song>
