<?xml version='1.0' encoding='UTF-8'?>
<song xmlns="http://openlyrics.info/namespace/2009/song" version="0.8" createdIn="OpenLP 2.9.5" modifiedIn="OpenLP 2.9.5" modifiedDate="2022-08-22T13:11:09">
  <properties>
    <titles>
      <title>Immortal love, forever full</title>
      <title>221</title>
    </titles>
    <verseOrder>v1 v2 v3 v4 v5 v6 v7 v8 v9</verseOrder>
    <authors>
      <author>His Servant</author>
    </authors>
    <songbooks>
      <songbook name="Christ in Song" entry="221"/>
    </songbooks>
  </properties>
  <lyrics>
    <verse name="v1">
      <lines>Immortal love, forever full,
Forever flowing free,
Forever shared, forever whole,
A never ebbing sea!</lines>
    </verse>
	<verse name="v2">
      <lines>Our outward lips confess the name
All other names above;
Love only knoweth whence it came,
And comprehendeth love.</lines>
    </verse>
	<verse name="v3">
      <lines>Blow, winds of God, awake and blow
The mists of earth away:
Shine out, O light divine, and show
How wide and far we stray.</lines>
    </verse>
	<verse name="v4">
      <lines>We may not climb the heavenly steeps
To bring the Lord Christ down;
In vain we search the lowest deeps,
For Him no depths can drown.</lines>
    </verse>
    <verse name="v5">
      <lines>But warm, sweet, tender, even yet,
A present help is He;
And faith still has its Olivet,
And love its Galilee.</lines>
    </verse>
	<verse name="v6">
      <lines>The healing of His seamless dress
Is by our beds of pain;
We touch Him in life’s throng and press,
And we are whole again.</lines>
    </verse>
	<verse name="v7">
      <lines>Through Him the first fond prayers are said
Our lips of childhood frame,
The last low whispers of our dead
Are burdened with His name.</lines>
    </verse>
	<verse name="v8">
      <lines>O Lord and master of us all,
Whate’er our name or sign,
We own Thy sway, we hear Thy call,
We test our lives by Thine.</lines>
    </verse>
	<verse name="v9">
      <lines>The letter fails, the systems fall,
And every symbol wanes;
The Spirit over brooding all,
Eternal love remains.</lines>
    </verse>	
  </lyrics>
</song>
