<?xml version='1.0' encoding='UTF-8'?>
<song xmlns="http://openlyrics.info/namespace/2009/song" version="0.8" createdIn="OpenLP 2.9.5" modifiedIn="OpenLP 2.9.5" modifiedDate="2022-08-22T13:11:09">
  <properties>
    <titles>
      <title>Nearest of All Is He</title>
      <title>223</title>
    </titles>
    <verseOrder>v1 v2 v3</verseOrder>
    <authors>
      <author>His Servant</author>
    </authors>
    <songbooks>
      <songbook name="Christ in Song" entry="223"/>
    </songbooks>
  </properties>
  <lyrics>
    <verse name="v1">
      <lines>Nearest of all is He,
Dearest of all to me;
Mine in life's lowly ways,
Mine in life's common days.</lines>
    </verse>
	<verse name="v2">
      <lines>True, in the time of care,
Fairest, when all is fair,
Strength of my helplessness,
Always at hand to bless.</lines>
    </verse>
	<verse name="v3">
      <lines>Secret of joy untold, 
Changeless, as years unfold;
Nearest of all is He;
Dearest of all to me!</lines>
    </verse>
  </lyrics>
</song>
