<?xml version='1.0' encoding='UTF-8'?>
<song xmlns="http://openlyrics.info/namespace/2009/song" version="0.8" createdIn="OpenLP 2.9.5" modifiedIn="OpenLP 2.9.5" modifiedDate="2022-08-22T13:11:09">
  <properties>
    <titles>
      <title>O Jesus, King most wonderful</title>
      <title>225</title>
    </titles>
    <verseOrder>v1 v2 v3 v4 v5 v6</verseOrder>
    <authors>
      <author>His Servant</author>
    </authors>
    <songbooks>
      <songbook name="Christ in Song" entry="225"/>
    </songbooks>
  </properties>
  <lyrics>
    <verse name="v1">
      <lines>O Jesus, King Most Wonderful,
Thou Conqueror Renowned,
Thou Sweetness Most Ineffable,
In Whom All Joys Are Found</lines>
    </verse>
	<verse name="v2">
      <lines>When Once Thou Visitest The Heart,
Then Truth Begins To Shine,
Then Earthly Vanities Depart,
Then Kindles Love Divine.</lines>
    </verse>
	<verse name="v3">
      <lines>O Jesus, Light Of All Below,
Thou Fount Of Life And Fire,
Surpassing All The Joys We Know,
And All We Can Desire;</lines>
    </verse>
	<verse name="v4">
      <lines>Jesus, may all confess Thy name,
Thy wondrous love adore;
And, seeking thee, themselves inflame
To seek thee more and more.</lines>
    </verse>
	<verse name="v5">
      <lines>Thee, Jesus, May Our Voices Bless,
Thee May We Love Alone;
And Ever In Our Lives Express
The Image Of Thine Own.</lines>
    </verse>
	<verse name="v6">
      <lines>O Jesus! thou the beauty art
Of angel worlds above;
Thy name is music to the heart
Inflaming it with love.</lines>
    </verse>	
  </lyrics>
</song>
