<?xml version='1.0' encoding='UTF-8'?>
<song xmlns="http://openlyrics.info/namespace/2009/song" version="0.8" createdIn="OpenLP 2.9.5" modifiedIn="OpenLP 2.9.5" modifiedDate="2022-08-22T13:11:09">
  <properties>
    <titles>
      <title>Join all the glorious names</title>
      <title>228</title>
    </titles>
    <verseOrder>v1 v2 v3 v4 v5</verseOrder>
    <authors>
      <author>His Servant</author>
    </authors>
    <songbooks>
      <songbook name="Christ in Song" entry="228"/>
    </songbooks>
  </properties>
  <lyrics>
    <verse name="v1">
      <lines>Join all the glorious names
  Of wisdom, love, and pow’r,
  That mortals ever knew,
  That angels ever bore;
All are too mean to speak His worth,
Too mean to set my Savior forth.</lines>
    </verse>
	<verse name="v2">
      <lines>Great Prophet of my God,
  My tongue would bless Thy name;
  By Thee the joyful news
  Of our salvation came;
The joyful news of sins forgiv’n,
Of death annulled, and Thy life giv’n.</lines>
    </verse>
	<verse name="v3">
      <lines>Jesus, my great High Priest,
  Offered His blood, and died;
  My guilty conscience seeks
  No sacrifice beside:
His pow’rful blood did me redeem,
’Tis worthy of my heart’s esteem.</lines>
    </verse>
	<verse name="v4">
      <lines>I love my Shepherd’s voice:
  His watchful eye shall keep
  My wand’ring soul among
  The thousands of His sheep:
He feeds His flock, He calls their names,
His bosom bears the tender lambs.</lines>
    </verse>
	<verse name="v5">
      <lines>My Savior and my Lord,
  My Conqu’ror and my King,
  Thy scepter and Thy sword,
  Thy reigning grace I sing:
Thine is the pow’r; behold I sit
In willing bonds beneath Thy feet.</lines>
    </verse>	
  </lyrics>
</song>
