<?xml version='1.0' encoding='UTF-8'?>
<song xmlns="http://openlyrics.info/namespace/2009/song" version="0.8" createdIn="OpenLP 2.9.5" modifiedIn="OpenLP 2.9.5" modifiedDate="2022-08-22T13:11:09">
  <properties>
    <titles>
      <title>O Love divine, by Christ revealed</title>
      <title>229</title>
    </titles>
    <verseOrder>v1 v2 v3 v4 v5 v6</verseOrder>
    <authors>
      <author>His Servant</author>
    </authors>
    <songbooks>
      <songbook name="Christ in Song" entry="229"/>
    </songbooks>
  </properties>
  <lyrics>
    <verse name="v1">
      <lines>O Love divine, by Christ revealed,
Incarnate Love that died for me,
To Thee myself I gladly yield,
I consecrate my all to Thee.</lines>
    </verse>
	<verse name="v2">
      <lines>O Light divine, by Christ displayed,
Source of all light, who flesh became,
Shed Thy bright beams upon my head,
Burn in my heart a constant flame.</lines>
    </verse>
	<verse name="v3">
      <lines>O Truth divine, by Christ made known,
All truth must Thy reflection be;
Within my heart set up Thy throne,
And in Thy freedom make me free.</lines>
    </verse>
	<verse name="v4">
      <lines>O Cross divine, by Christ endured,
Thou cross on which He groaned and died,
And man’s redemption thus secured,
In Thy blest shadow let me hide.</lines>
    </verse>
	<verse name="v5">
      <lines>O Peace divine, by Christ bestowed,
Thy heavenly dove to earth come down,
May He within make His abode,
My life with His dear presence crown.</lines>
    </verse>
	<verse name="v6">
      <lines>O Joy divine, by Christ possessed,
For which He did the cross endure,
Fill with Thyself and make me blest,
Contented, restful and secure.</lines>
    </verse>	
  </lyrics>
</song>
