<?xml version='1.0' encoding='UTF-8'?>
<song xmlns="http://openlyrics.info/namespace/2009/song" version="0.8" createdIn="OpenLP 2.9.5" modifiedIn="OpenLP 2.9.5" modifiedDate="2022-08-22T13:11:09">
  <properties>
    <titles>
      <title>Father, ’twas Thy love that knew us</title>
      <title>23</title>
    </titles>
    <verseOrder>v1 v2 v3</verseOrder>
    <authors>
      <author>His Servant</author>
    </authors>
    <songbooks>
      <songbook name="Christ in Song" entry="23"/>
    </songbooks>
  </properties>
  <lyrics>
    <verse name="v1">
      <lines>Father, ’twas Thy love that knew us
  Earth’s foundation long before:
That same love to Jesus drew us
  By its sweet constraining pow’r,
And will keep us, and will keep us,
  Safely now, and evermore,
  Safely now, and evermore</lines>
    </verse>
	<verse name="v2">
      <lines>Now that changeless love enfolds us,
  All its wealth on us bestows;
While its pow’r unchanging holds us
  In a holy calm repose.
God and Father, God and Father,
  Unto Thee our worship flows,
  Unto Thee our worship flows.</lines>
    </verse>
	<verse name="v3">
      <lines>God of love, our souls adore Thee!
  We would still Thy grace proclaim,
Till we cast our crowns before Thee,
  And in glory praise Thy name;
Praise and worship, praise and worship
  Be to God and to the Lamb!
  Be to God and to the Lamb!</lines>
    </verse>
  </lyrics>
</song>
