<?xml version='1.0' encoding='UTF-8'?>
<song xmlns="http://openlyrics.info/namespace/2009/song" version="0.8" createdIn="OpenLP 2.9.5" modifiedIn="OpenLP 2.9.5" modifiedDate="2022-08-22T13:11:09">
  <properties>
    <titles>
      <title>Christ, whose glory fills the skies</title>
      <title>231</title>
    </titles>
    <verseOrder>v1 v2 v3</verseOrder>
    <authors>
      <author>His Servant</author>
    </authors>
    <songbooks>
      <songbook name="Christ in Song" entry="231"/>
    </songbooks>
  </properties>
  <lyrics>
    <verse name="v1">
      <lines>Christ, whose glory fills the skies
Christ, the true, the only Light,
Sun of Righteousness, arise,
Triumph o’er the shades of night;
Dayspring from on high, be near,
Daystar, in my heart appear.</lines>
    </verse>
	<verse name="v2">
      <lines>Dark and cheerless is the morn
Unaccompanied by Thee;
Joyless is the day’s return,
Till Thy mercy’s beams I see,
Till Thou inward light impart,
Glad my eyes, and warm my heart.</lines>
    </verse>
	<verse name="v3">
      <lines>Visit then this soul of mine,
Pierce the gloom of sin and grief;
Fill me, Radiancy divine,
Scatter all my unbelief;
More and more Thyself display,
Shining to the perfect day.</lines>
    </verse>
  </lyrics>
</song>
