<?xml version='1.0' encoding='UTF-8'?>
<song xmlns="http://openlyrics.info/namespace/2009/song" version="0.8" createdIn="OpenLP 2.9.5" modifiedIn="OpenLP 2.9.5" modifiedDate="2022-08-22T13:11:09">
  <properties>
    <titles>
      <title>Fill all my vision, Savior, I pray</title>
      <title>232</title>
    </titles>
    <verseOrder>v1 c1 v2 c1 v3 c1</verseOrder>
    <authors>
      <author>His Servant</author>
    </authors>
    <songbooks>
      <songbook name="Christ in Song" entry="232"/>
    </songbooks>
  </properties>
  <lyrics>
    <verse name="v1">
      <lines>Fill all my vision, Savior, I pray,
Let me see only Jesus today;
Though through the valley Thou leadest me,
Thy fadeless glory encompasseth me.</lines>
    </verse>  
    <verse name="c1">
      <lines>Fill all my vision, Savior divine,
Till with Thy glory my spirit shall shine.
Fill all my vision, that all may see
  Thy Holy Image reflected in me.</lines>
    </verse>
	<verse name="v2">
      <lines>Fill all my vision, every desire
Keep for Thy glory; my soul inspire
With Thy perfection, Thy holy love,
Flooding my pathway with light from above.</lines>
    </verse>
	<verse name="v3">
      <lines>Fill all my vision, let naught of sin
Shadow the brightness shining within.
Let me see only Thy blessed face,
Feasting my soul on Thy infinite grace.</lines>
    </verse>
  </lyrics>
</song>
