<?xml version='1.0' encoding='UTF-8'?>
<song xmlns="http://openlyrics.info/namespace/2009/song" version="0.8" createdIn="OpenLP 2.9.5" modifiedIn="OpenLP 2.9.5" modifiedDate="2022-08-22T13:11:09">
  <properties>
    <titles>
      <title>A Vessel for Christ</title>
      <title>242</title>
    </titles>
    <verseOrder>v1 v2 v3 v4 v5 v6 v7 v8</verseOrder>
    <authors>
      <author>His Servant</author>
    </authors>
    <songbooks>
      <songbook name="Christ in Song" entry="242"/>
    </songbooks>
  </properties>
  <lyrics>
    <verse name="v1">
      <lines>A tiny vessel, Lord, to Thee I bring,
A heart that sought from every earthly spring
To gain its longing, but was empty still;
I bring it now to Thee, to take and fill</lines>
    </verse>
	<verse name="v2">
      <lines>Thy grace, that measured once the distance deep
Of Calvary's woe, to seek and save Thy sheep,
Has touched this heart, and made it long for Thee,
Thyself its Treasure and its All to be.</lines>
    </verse>
	<verse name="v3">
      <lines>Thy glory now at God's right hand above,
Supreme of all in that blest scene of love,
In sonship tells that heart its wondrous place
In Thee accepted by the Father's grace.</lines>
    </verse>
	<verse name="v4">
      <lines>Thy fulness, Lord, of light and love divine,
No thought can grasp, or human mind define;
The whole vast scene of glory will display
That fulness in a quickly coming day.</lines>
    </verse>
    <verse name="v5">
      <lines>When all things filled by Thee are wholly blest,
And God's deep love eternally shall rest
In that which ever speaks to Him of Thee,
Thy greatness, Lord, the universe shall see.</lines>
    </verse>
	<verse name="v6">
      <lines>But ere that day of bliss and joy supreme,
When Thou shalt be of every tongue the theme,
Let this small vessel prove Thy gracious power
To fill and satisfy it every hour.</lines>
    </verse>
	<verse name="v7">
      <lines>Thy beauties, Lord, Thy holy, precious worth,
Surpassing far the fairest joys of earth,
Shall then absorb its true and constant love,
Thyself its Object in those scenes above.</lines>
    </verse>
	<verse name="v8">
      <lines>And filled with Thee, and formed through grace divine,
By all that fills it, hold it, Lord, as Thine;
To be, in joy and peace that knows no fear,
The happy vessel of Thy pleasure here!</lines>
    </verse>	
  </lyrics>
</song>
