<?xml version='1.0' encoding='UTF-8'?>
<song xmlns="http://openlyrics.info/namespace/2009/song" version="0.8" createdIn="OpenLP 2.9.5" modifiedIn="OpenLP 2.9.5" modifiedDate="2022-08-22T13:11:09">
  <properties>
    <titles>
      <title>Be Thou my vision, O Lord of my heart</title>
      <title>244</title>
    </titles>
    <verseOrder>v1 v2 v3 v4</verseOrder>
    <authors>
      <author>His Servant</author>
    </authors>
    <songbooks>
      <songbook name="Christ in Song" entry="244"/>
    </songbooks>
  </properties>
  <lyrics>
    <verse name="v1">
      <lines>Be Thou my vision, O Lord of my heart;
Naught be all else to me, save that Thou art;
Thou my best thought, by day or by night;
Waking or sleeping, Thy presence my light.</lines>
    </verse>
	<verse name="v2">
      <lines>Be Thou my wisdom, and Thou my true Word;
I ever with Thee and Thou with me, Lord;
Thou my great Father and I, Thy true son;
Thou in me dwelling, and I with Thee one.</lines>
    </verse>
	<verse name="v3">
      <lines>Riches I heed not, nor man’s empty praise;
Thou mine inheritance, now and always;
Thou and Thou only, first in my heart;
O King of glory, my treasure Thou art.</lines>
    </verse>
	<verse name="v4">
      <lines>High King of heaven, my victory won;
May I reach heaven's joy, O brioght heaven's Sun!
Heart of my own heart, whatever befall;
Still be my vision, O Ruler of all.</lines>
    </verse>
  </lyrics>
</song>
