<?xml version='1.0' encoding='UTF-8'?>
<song xmlns="http://openlyrics.info/namespace/2009/song" version="0.8" createdIn="OpenLP 2.9.5" modifiedIn="OpenLP 2.9.5" modifiedDate="2022-08-22T13:11:09">
  <properties>
    <titles>
      <title>Rest Of The Weary</title>
      <title>245</title>
    </titles>
    <verseOrder>v1 v2 v3 v4</verseOrder>
    <authors>
      <author>His Servant</author>
    </authors>
    <songbooks>
      <songbook name="Christ in Song" entry="245"/>
    </songbooks>
  </properties>
  <lyrics>
    <verse name="v1">
      <lines>Rest Of The Weary, Joy Of The Sad,
Hope Of The Dreary, Light Of The Glad;
Home Of The Stranger, Strength To The End,
Refuge From Danger, Savior And Friend!</lines>
    </verse>
	<verse name="v2">
      <lines>Pillow Where Lying, Love Rests Its Head,
Peace Of The Dying, Life Of The Dead:
Path Of The Lowly, Prize At The End,
Breath Of The Holy, Savior And Friend!</lines>
    </verse>
	<verse name="v3">
      <lines>When My Feet Stumble, To Thee I’ll Cry,
Crown Of The Humble, Cross Of The High;
When My Steps Wander, Over Me Bend
Truer And Fonder, Savior And Friend!</lines>
    </verse>
	<verse name="v4">
      <lines>Ever Confessing Thee, I Will Raise
Unto Thee Blessing, Glory And Praise:
All My Endeavor, World Without End,
Thine To Be Ever, Savior And Friend!</lines>
    </verse>
  </lyrics>
</song>
