<?xml version='1.0' encoding='UTF-8'?>
<song xmlns="http://openlyrics.info/namespace/2009/song" version="0.8" createdIn="OpenLP 2.9.5" modifiedIn="OpenLP 2.9.5" modifiedDate="2022-08-22T13:11:09">
  <properties>
    <titles>
      <title>Complete in Thee! no work of mine</title>
      <title>247</title>
    </titles>
    <verseOrder>v1 c1 v2 c1 v3 c1 v4 c1</verseOrder>
    <authors>
      <author>His Servant</author>
    </authors>
    <songbooks>
      <songbook name="Christ in Song" entry="247"/>
    </songbooks>
  </properties>
  <lyrics>
    <verse name="v1">
      <lines>Complete in Thee! no work of mine
May take, dear Lord, the place of Thine;
Thy blood hath pardon bought for me,
And I am now complete in Thee.</lines>
    </verse>  
    <verse name="c1">
      <lines>Yea, justified! O blessed thought!
And sanctified! Salvation wrought!
Thy blood hath pardon bought for me,
  And glorified, I too, shall be!</lines>
    </verse>
	<verse name="v2">
      <lines>Complete in Thee—no more shall sin,
Thy grace hath conquered, reign within;
Thy voice shall bid the tempter flee,
And I shall stand complete in Thee.</lines>
    </verse>
	<verse name="v3">
      <lines>Complete in Thee—each want supplied,
And no good thing to me denied;
Since Thou my portion, Lord, wilt be,
I ask no more, complete in Thee.</lines>
    </verse>
	<verse name="v4">
      <lines>Dear Savior! when before Thy bar
All tribes and tongues assembled are,
Among Thy chosen will I be,
At Thy right hand—complete in Thee.</lines>
    </verse>
  </lyrics>
</song>
