<?xml version='1.0' encoding='UTF-8'?>
<song xmlns="http://openlyrics.info/namespace/2009/song" version="0.8" createdIn="OpenLP 2.9.5" modifiedIn="OpenLP 2.9.5" modifiedDate="2022-08-22T13:11:09">
  <properties>
    <titles>
      <title>Gracious God, we worship Thee</title>
      <title>25</title>
    </titles>
    <verseOrder>v1 v2 v3 v4 v5</verseOrder>
    <authors>
      <author>His Servant</author>
    </authors>
    <songbooks>
      <songbook name="Christ in Song" entry="25"/>
    </songbooks>
  </properties>
  <lyrics>
    <verse name="v1">
      <lines>Gracious God, we worship Thee,
  Rev’rently we bow the knee;
Jesus Christ, our only plea:
  Father, we adore Thee.</lines>
    </verse>
	<verse name="v2">
      <lines>Vast Thy love, how deep, how wide,
  In the gift of Him who died;
Righteous claims all satisfied:
  Father, we adore Thee.</lines>
    </verse>
	<verse name="v3">
      <lines>Low we bow before Thy face,
  Sons of God, O wondrous place;
Great the riches of Thy grace:
  Father, we adore Thee.</lines>
    </verse>
	<verse name="v4">
      <lines>By Thy Spirit grant that we
  Worshipers in truth may be;
Praise, as incense sweet to Thee:
  Father, we adore Thee.</lines>
    </verse>
	<verse name="v5">
      <lines>Yet again our song we raise,
  Note of deep adoring praise;
Now, and soon through endless days:
  Father, we adore Thee.</lines>
    </verse>	
  </lyrics>
</song>
