<?xml version='1.0' encoding='UTF-8'?>
<song xmlns="http://openlyrics.info/namespace/2009/song" version="0.8" createdIn="OpenLP 2.9.5" modifiedIn="OpenLP 2.9.5" modifiedDate="2022-08-22T13:11:09">
  <properties>
    <titles>
      <title>No Blood, No Altar Now</title>
      <title>250</title>
    </titles>
    <verseOrder>v1 v2 v3 v4 v5</verseOrder>
    <authors>
      <author>His Servant</author>
    </authors>
    <songbooks>
      <songbook name="Christ in Song" entry="250"/>
    </songbooks>
  </properties>
  <lyrics>
    <verse name="v1">
      <lines>No blood, no altar now, The sacrifice is o'er!
No flame, no smoke ascends on high,
The lamb is slain no more,
But richer blood has flowed from nobler veins,
To purge the soul from guilt, and cleanse the reddest stains.</lines>
    </verse>
	<verse name="v2">
      <lines>We thank Thee for the blood, The blood of Christ, Thy Son:
The blood by which our peace is made,
Our victory is won:
Great victory o'er hell, and sin, and woe,
That needs no second fight, and leaves no second foe.</lines>
    </verse>
	<verse name="v3">
      <lines>We thank Thee for the grace, Descending from above,
That overflows our widest guilt,
The'eternal Father's love.
Love of the Father's everlasting Son,
Love of the Holy Ghost, Jehovah, Three in One.</lines>
    </verse>
	<verse name="v4">
      <lines>We thank Thee for the hope, So glad, and sure, and clear;
It holds the drooping spirit up
Till the long dawn appear;
Fair hope! with what a sunshine does it cheer
Our roughest path on earth, our dreariest desert here.</lines>
    </verse>
	<verse name="v5">
      <lines>We thank Thee for the crown Of glory and of life;
'Tis no poor with'ring wreath of earth,
Man's prize in mortal strife;
'Tis incorruptible as is the throne,
The kingdom of our God and His incarnate Son.</lines>
    </verse>	
  </lyrics>
</song>
