<?xml version='1.0' encoding='UTF-8'?>
<song xmlns="http://openlyrics.info/namespace/2009/song" version="0.8" createdIn="OpenLP 2.9.5" modifiedIn="OpenLP 2.9.5" modifiedDate="2022-08-22T13:11:09">
  <properties>
    <titles>
      <title>Not all the blood of beasts</title>
      <title>251</title>
    </titles>
    <verseOrder>v1 v2 v3 v4 v5</verseOrder>
    <authors>
      <author>His Servant</author>
    </authors>
    <songbooks>
      <songbook name="Christ in Song" entry="251"/>
    </songbooks>
  </properties>
  <lyrics>
    <verse name="v1">
      <lines>Not all the blood of beasts,
  On Jewish altars slain,
Could give the guilty conscience peace,
  Or wash away its stain.</lines>
    </verse>
	<verse name="v2">
      <lines>But Christ, the heavenly Lamb,
  Takes all our sins away;
A sacrifice of nobler name,
  And richer blood than they.</lines>
    </verse>
	<verse name="v3">
      <lines>My faith would lay her hand
  On that dear head of Thine,
While like a penitent I stand,
  And there confess my sin.</lines>
    </verse>
	<verse name="v4">
      <lines>My soul looks back to see
  The burdens Thou didst bear
When hanging on the cursed tree,
  And knows her guilt was there.</lines>
    </verse>
	<verse name="v5">
      <lines>Believing, we rejoice
  To see the curse remove;
We bless the Lamb with cheerful voice,
  And sing His bleeding love.</lines>
    </verse>	
  </lyrics>
</song>