<?xml version='1.0' encoding='UTF-8'?>
<song xmlns="http://openlyrics.info/namespace/2009/song" version="0.8" createdIn="OpenLP 2.9.5" modifiedIn="OpenLP 2.9.5" modifiedDate="2022-08-22T13:11:09">
  <properties>
    <titles>
      <title>I hear the words of love</title>
      <title>252</title>
    </titles>
    <verseOrder>v1 v2 v3 v4 v5 v6 v7 v8</verseOrder>
    <authors>
      <author>His Servant</author>
    </authors>
    <songbooks>
      <songbook name="Christ in Song" entry="252"/>
    </songbooks>
  </properties>
  <lyrics>
    <verse name="v1">
      <lines>I hear the words of love,
I gaze upon the blood,
I see the mighty sacrifice,
And I have peace with God.</lines>
    </verse>
	<verse name="v2">
      <lines>’Tis everlasting peace!
Sure as Jehovah’s Name,
’Tis stable as His steadfast throne,
For evermore the same.</lines>
    </verse>
	<verse name="v3">
      <lines>The clouds may go and come,
And storms may sweep my sky;
This blood-sealed friendship changes not,
The Cross is ever nigh.</lines>
    </verse>
	<verse name="v4">
      <lines>My love is ofttimes low,
My joy still ebbs and flows,
But peace with Him remains the same,
No change my Savior knows.</lines>
    </verse>
    <verse name="v5">
      <lines>I change, He changes not;
The Christ can never die;
His love, not mine, the resting-place,
His truth, not mine, the tie.</lines>
    </verse>
	<verse name="v6">
      <lines>The Cross still stands unchanged,
Though heaven is now His home;
The mighty stone is rolled away,
But yonder is His tomb!</lines>
    </verse>
	<verse name="v7">
      <lines>And yonder is my peace,
The grave of all my woes!
I know the Son of God has come,
I know He died and rose.</lines>
    </verse>
	<verse name="v8">
      <lines>I know He liveth now
At God’s right hand above;
I know the throne on which He sits,
I know His truth and love!</lines>
    </verse>	
  </lyrics>
</song>