<?xml version='1.0' encoding='UTF-8'?>
<song xmlns="http://openlyrics.info/namespace/2009/song" version="0.8" createdIn="OpenLP 2.9.5" modifiedIn="OpenLP 2.9.5" modifiedDate="2022-08-22T13:11:09">
  <properties>
    <titles>
      <title>Glory to His name</title>
      <title>254</title>
    </titles>
    <verseOrder>v1 c1 v2 c1 v3 c1 v4 c1</verseOrder>
    <authors>
      <author>His Servant</author>
    </authors>
    <songbooks>
      <songbook name="Christ in Song" entry="254"/>
    </songbooks>
  </properties>
  <lyrics>
    <verse name="v1">
      <lines>Down at the cross where my Savior died,
Down where for cleansing from sin I cried,
There to my sin was the blood applied;
    Glory to His name!</lines>
    </verse>  
    <verse name="c1">
      <lines>Glory to His name,
  Glory to His name;
There to my sin was the blood applied;
    Glory to His name!</lines>
    </verse>
	<verse name="v2">
      <lines>I am so wondrously saved from sin,
Jesus so sweetly abides within;
There at the cross where He took me in;
    Glory to His name.</lines>
    </verse>
	<verse name="v3">
      <lines>Oh, precious fountain that saves from sin,
I am so glad I have entered in;
There Jesus saves me and keeps me clean;
    Glory to His name.</lines>
    </verse>
	<verse name="v4">
      <lines>Come to this fountain so rich and sweet;
Cast thy poor soul at the Savior’s feet;
Plunge in today, and be made complete;
    Glory to His name.</lines>
    </verse>
  </lyrics>
</song>
