<?xml version='1.0' encoding='UTF-8'?>
<song xmlns="http://openlyrics.info/namespace/2009/song" version="0.8" createdIn="OpenLP 2.9.5" modifiedIn="OpenLP 2.9.5" modifiedDate="2022-08-22T13:11:09">
  <properties>
    <titles>
      <title>Love Found a Way</title>
      <title>259</title>
    </titles>
    <verseOrder>v1 c1 v2 c1 v3 c1</verseOrder>
    <authors>
      <author>His Servant</author>
    </authors>
    <songbooks>
      <songbook name="Christ in Song" entry="259"/>
    </songbooks>
  </properties>
  <lyrics>
    <verse name="v1">
      <lines>Wonderful love that rescued me,
Sunk deep in sin,
Guilty and vile as I could be
No hope within;
When ev'ry ray of light had fled,
O glorious day!
Raising my soul from out the dead,
Love found a way.</lines>
    </verse>  
    <verse name="c1">
      <lines>Love found a way to redeem my soul,
Love found a way that could make me whole;
Love sent my Lord to the cross of shame,
Love found a way, O praise His holy name!</lines>
    </verse>
	<verse name="v2">
      <lines>Love bro't my Saviour here to die
On Calvary,
For such a sinful wretch as I,
How can it be?
Love bridged the gulf 'twixt me and Heav'n,
Taught me to pray;
I am redeemed, set free, forgiv'n,
Love found a way.</lines>
    </verse>
	<verse name="v3">
      <lines>Love opened wide the gates of light
To Heav'n's domain,
Where in eternal pow'r and might
Jesus shall reign;
Love lifted me from depths of woe
To endless day,
There was no help in earth below,
Love found a way.</lines>
    </verse>
  </lyrics>
</song>
