<?xml version='1.0' encoding='UTF-8'?>
<song xmlns="http://openlyrics.info/namespace/2009/song" version="0.8" createdIn="OpenLP 2.9.5" modifiedIn="OpenLP 2.9.5" modifiedDate="2022-08-22T13:11:09">
  <properties>
    <titles>
      <title>Since I have been redeemed</title>
      <title>261</title>
    </titles>
    <verseOrder>v1 c1 v2 c1 v3 c1 v4 c1 v5 c1</verseOrder>
    <authors>
      <author>His Servant</author>
    </authors>
    <songbooks>
      <songbook name="Christ in Song" entry="261"/>
    </songbooks>
  </properties>
  <lyrics>
    <verse name="v1">
      <lines>I have a song I love to sing,
  Since I have been redeemed,
Of my Redeemer, Savior, King—
  Since I have been redeemed.</lines>
    </verse>  
    <verse name="c1">
      <lines>Since I have been redeemed.
Since I have been redeemed,
I will glory in His name;
Since I have been redeemed,
  I will glory in the Savior’s name.</lines>
    </verse>
	<verse name="v2">
      <lines>I have a Christ that satisfies,
  Since I have been redeemed,
To do His will my highest prize—
  Since I have been redeemed.</lines>
    </verse>
	<verse name="v3">
      <lines>I have a witness bright and clear,
  Since I have been redeemed,
Dispelling every doubt and fear—
  Since I have heen redeemed.</lines>
    </verse>
	<verse name="v4">
      <lines>I have a joy I can’t express,
  Since I have been redeemed,
All through the Lord, my righteousness—
  Since I have been redeemed.</lines>
    </verse>
    <verse name="v5">
      <lines>I have a home prepared for me,
  Since I have been redeemed,
Where I shall dwell eternally—
  Since I have been redeemed.</lines>
    </verse>	
  </lyrics>
</song>
