<?xml version='1.0' encoding='UTF-8'?>
<song xmlns="http://openlyrics.info/namespace/2009/song" version="0.8" createdIn="OpenLP 2.9.5" modifiedIn="OpenLP 2.9.5" modifiedDate="2022-08-22T13:11:09">
  <properties>
    <titles>
      <title>I belong to Jesus</title>
      <title>265</title>
    </titles>
    <verseOrder>v1 v2 v3 v4 v5 v6 v7</verseOrder>
    <authors>
      <author>His Servant</author>
    </authors>
    <songbooks>
      <songbook name="Christ in Song" entry="265"/>
    </songbooks>
  </properties>
  <lyrics>
    <verse name="v1">
      <lines>I belong to Jesus;
  I am not my own;
All I have and all I am
  Shall be His alone.</lines>
    </verse>
	<verse name="v2">
      <lines>I belong to Jesus;
  He is Lord and King,
Reigning in my inmost heart
  Over everything.</lines>
    </verse>
	<verse name="v3">
      <lines>I belong to Jesus;
  What can hurt or harm,
When He folds around my soul
  His almighty Arm?</lines>
    </verse>
	<verse name="v4">
      <lines>I belong to Jesus;
  Blessed, blessed thought!
With His own most precious blood
  Has my soul been bought.</lines>
    </verse>
    <verse name="v5">
      <lines>I belong to Jesus;
  He has died for me;
I am His and He is mine
  Through eternity.</lines>
    </verse>
	<verse name="v6">
      <lines>I belong to Jesus;
  He will keep my soul,
If the deathly waters dark
  Round about me roll.</lines>
    </verse>
	<verse name="v7">
      <lines>I belong to Jesus;
  And ere long I’ll be
With my precious Savior there
  In His royalty.</lines>
    </verse>	
  </lyrics>
</song>