<?xml version='1.0' encoding='UTF-8'?>
<song xmlns="http://openlyrics.info/namespace/2009/song" version="0.8" createdIn="OpenLP 2.9.5" modifiedIn="OpenLP 2.9.5" modifiedDate="2022-08-22T13:11:09">
  <properties>
    <titles>
      <title>Jesus, And Shall It Ever Be</title>
      <title>266</title>
    </titles>
    <verseOrder>v1 v2 v3 v4 v5 v6</verseOrder>
    <authors>
      <author>His Servant</author>
    </authors>
    <songbooks>
      <songbook name="Christ in Song" entry="266"/>
    </songbooks>
  </properties>
  <lyrics>
    <verse name="v1">
      <lines>Jesus, and shall it ever be,
A mortal man, ashamed of Thee?
Ashamed of Thee, whom angels praise,
Whose glories shine through endless days?</lines>
    </verse>
	<verse name="v2">
      <lines>Ashamed of Jesus! sooner far
Let evening blush to own a star;
He sheds the beams of light divine
O'er this benighted soul of mine.</lines>
    </verse>
	<verse name="v3">
      <lines>Ashamed of Jesus! just as soon
Let midnight be ashamed of noon;
'Tis midnight with my soul till He,
Bright, Morning Star, bid darkness flee.</lines>
    </verse>
	<verse name="v4">
      <lines>Ashamed of Jesus! that dear Friend
On whom my hopes of heaven depend!
No; when I blush, be this my shame,
That I no more revere His name.</lines>
    </verse>
    <verse name="v5">
      <lines>Ashamed of Jesus! yes, I may
When I’ve no guilt to wash away;
No tear to wipe, no good to crave,
No fears to quell, no soul to save.</lines>
    </verse>
	<verse name="v6">
      <lines>Till then, nor is my boasting vain,
Till then, I boast a Saviour slain:
And, oh, may this my glory be,
That Christ not ashamed of me!</lines>
    </verse>	
  </lyrics>
</song>
