<?xml version='1.0' encoding='UTF-8'?>
<song xmlns="http://openlyrics.info/namespace/2009/song" version="0.8" createdIn="OpenLP 2.9.5" modifiedIn="OpenLP 2.9.5" modifiedDate="2022-08-22T13:11:09">
  <properties>
    <titles>
      <title>Oh, wonderful love</title>
      <title>268</title>
    </titles>
    <verseOrder>v1 v2 v3 v4 v5</verseOrder>
    <authors>
      <author>His Servant</author>
    </authors>
    <songbooks>
      <songbook name="Christ in Song" entry="268"/>
    </songbooks>
  </properties>
  <lyrics>
    <verse name="v1">
      <lines>Oh, wonderful love that takes me,
Though wretched and stained with sin!
Oh, marvelous grace that makes me
All holy and pure within!</lines>
    </verse>
	<verse name="v2">
      <lines>Oh, mighty power that holds me,
A helper forever near!
Oh, perfect peace that folds me
In danger and storm and fear!</lines>
    </verse>
	<verse name="v3">
      <lines>Oh, jubilant joy sustaining
My faltering steps to the last!
Oh, rapturous rest remaining
When toiling and tears are past!</lines>
    </verse>
	<verse name="v4">
      <lines>Oh, matchless mercy that rates me
Joint-heirs with the sinless Son!
Oh, golden glory that waits me
When tempests and clouds are done!</lines>
    </verse>
    <verse name="v5">
      <lines>All things are mine, for I am His;
Oh, infinite gifts divine!
God gave His Son, His only one;
And all that He has is mine.</lines>
    </verse>	
  </lyrics>
</song>