<?xml version='1.0' encoding='UTF-8'?>
<song xmlns="http://openlyrics.info/namespace/2009/song" version="0.8" createdIn="OpenLP 2.9.5" modifiedIn="OpenLP 2.9.5" modifiedDate="2022-08-22T13:11:09">
  <properties>
    <titles>
      <title>O happy day that fixed my choice</title>
      <title>269</title>
    </titles>
    <verseOrder>v1 c1 v2 c1 v3 c1 v4 c1 v5 c1</verseOrder>
    <authors>
      <author>His Servant</author>
    </authors>
    <songbooks>
      <songbook name="Christ in Song" entry="269"/>
    </songbooks>
  </properties>
  <lyrics>
    <verse name="v1">
      <lines>O happy day that fixed my choice
On Thee, my Savior and my God!
Well may this glowing heart rejoice,
And tell its raptures all abroad.</lines>
    </verse>  
    <verse name="c1">
      <lines>Happy day, happy day,
When Jesus washed my sins away!
He taught me how to watch and pray,
And live rejoicing every day;
Happy day, happy day,
  When Jesus washed my sins away!</lines>
    </verse>
	<verse name="v2">
      <lines>O happy bond, that seals my vows
To Him who merits all my love!
Let cheerful anthems fill His house,
While to that sacred shrine I move.</lines>
    </verse>
	<verse name="v3">
      <lines>’Tis done—the great transaction’s done;
I am my Lord’s, and He is mine;
He drew me and I followed on,
Rejoiced to own the call divine.</lines>
    </verse>
	<verse name="v4">
      <lines>Now rest, my long-divided heart,
Fixed on this blissful center, rest;
Nor ever from Thy Lord depart,
Here Him of every good possessed.</lines>
    </verse>
    <verse name="v5">
      <lines>High heav’n that hears the solemn vow,
That vow renewed shall daily hear!
Till in life’s latest hour I bow,
And bless, in death, a bond so dear.</lines>
    </verse>	
  </lyrics>
</song>