<?xml version='1.0' encoding='UTF-8'?>
<song xmlns="http://openlyrics.info/namespace/2009/song" version="0.8" createdIn="OpenLP 2.9.5" modifiedIn="OpenLP 2.9.5" modifiedDate="2022-08-22T13:11:09">
  <properties>
    <titles>
      <title>Take the world, but give me Jesus</title>
      <title>270</title>
    </titles>
    <verseOrder>v1 c1 v2 c1 v3 c1 v4 c1</verseOrder>
    <authors>
      <author>His Servant</author>
    </authors>
    <songbooks>
      <songbook name="Christ in Song" entry="270"/>
    </songbooks>
  </properties>
  <lyrics>
    <verse name="v1">
      <lines>Take the world, but give me Jesus,
All its joys are but a name;
But His love abideth ever,
Through eternal years the same.</lines>
    </verse>  
    <verse name="c1">
      <lines>Oh, the height and depth of mercy!
Oh, the length and breadth of love!
Oh, the fullness of redemption,
Pledge of endless life above!</lines>
    </verse>
	<verse name="v2">
      <lines>Take the world, but give me Jesus,
Sweetest comfort of my soul;
With my Savior watching o’er me,
I can sing though billows roll.</lines>
    </verse>
	<verse name="v3">
      <lines>Take the world, but give me Jesus,
Let me view His constant smile;
Then throughout my pilgrim journey
Light will cheer me all the while.</lines>
    </verse>
	<verse name="v4">
      <lines>Take the world, but give me Jesus.
In His cross my trust shall be,
Till, with clearer, brighter vision,
Face to face my Lord I see.</lines>
    </verse>
  </lyrics>
</song>
