<?xml version='1.0' encoding='UTF-8'?>
<song xmlns="http://openlyrics.info/namespace/2009/song" version="0.8" createdIn="OpenLP 2.9.5" modifiedIn="OpenLP 2.9.5" modifiedDate="2022-08-22T13:11:09">
  <properties>
    <titles>
      <title>Glorious freedom</title>
      <title>272</title>
    </titles>
    <verseOrder>v1 c1 v2 c1 v3 c1 v4 c1</verseOrder>
    <authors>
      <author>His Servant</author>
    </authors>
    <songbooks>
      <songbook name="Christ in Song" entry="272"/>
    </songbooks>
  </properties>
  <lyrics>
    <verse name="v1">
      <lines>Once I was bound by sin’s galling fetters,
Chained like a slave I struggled in vain;
But I received a glorious freedom,
When Jesus broke my fetters in twain.</lines>
    </verse>  
    <verse name="c1">
      <lines>Glorious freedom, wonderful freedom,
No more in chains of sin I repine!
Jesus the glorious Emancipator,
  Now and forever He shall be mine.</lines>
    </verse>
	<verse name="v2">
      <lines>Freedom from all the carnal affections,
Freedom from envy, hatred and strife;
Freedom from vain and worldly ambitions.
Freedom from all that saddened my life.</lines>
    </verse>
	<verse name="v3">
      <lines>Freedom from pride and all sinful follies,
Freedom from love and glitter of gold;
Freedom from evil temper and anger,
Glorious freedom, rapture untold.</lines>
    </verse>
	<verse name="v4">
      <lines>Freedom from fear with all of its torments,
Freedom from care with all of its pain;
Freedom in Christ my blessed Redeemer,
He who has rent my fetters in twain.</lines>
    </verse>
  </lyrics>
</song>