<?xml version='1.0' encoding='UTF-8'?>
<song xmlns="http://openlyrics.info/namespace/2009/song" version="0.8" createdIn="OpenLP 2.9.5" modifiedIn="OpenLP 2.9.5" modifiedDate="2022-08-22T13:11:09">
  <properties>
    <titles>
      <title>Grace! ’tis a charming sound</title>
      <title>278</title>
    </titles>
    <verseOrder>v1 c1 v2 c1 v3 c1 v4 c1 v5 c1 v6 c1</verseOrder>
    <authors>
      <author>His Servant</author>
    </authors>
    <songbooks>
      <songbook name="Christ in Song" entry="278"/>
    </songbooks>
  </properties>
  <lyrics>
    <verse name="v1">
      <lines>Grace! ’tis a charming sound,
  Harmonious to the ear;
Heav’n with the echo shall resound,
  And all the earth shall hear.</lines>
    </verse>  
    <verse name="c1">
      <lines>All sufficient grace!
  Never powerless!
It is Christ who lives in me,
    In His exhaustlessness.</lines>
    </verse>
	<verse name="v2">
      <lines>’Twas grace that wrote my name
  In life’s eternal book;
’Twas grace that gave me to the Lamb,
  Who all my sorrows took.</lines>
    </verse>
	<verse name="v3">
      <lines>Grace taught my wandering feet
  To tread the pilgrim road;
And new supplies each hour I meet
  While pressing on to God.</lines>
    </verse>
	<verse name="v4">
      <lines>Grace taught my heart to pray,
  And made my eyes o’erflow;
’Tis grace which kept me to this day,
  And will not let me go.</lines>
    </verse>
    <verse name="v5">
      <lines>Grace all the work shall crown
  Through everlasting days;
It lays in love the topmost stone,
  And well deserves the praise.</lines>
    </verse>
	<verse name="v6">
      <lines>Oh, let that grace inspire
  My heart with strength divine;
May all my powers to Thee aspire,
  And all my days be Thine.</lines>
    </verse>	
  </lyrics>
</song>