<?xml version='1.0' encoding='UTF-8'?>
<song xmlns="http://openlyrics.info/namespace/2009/song" version="0.8" createdIn="OpenLP 2.9.5" modifiedIn="OpenLP 2.9.5" modifiedDate="2022-08-22T13:11:09">
  <properties>
    <titles>
      <title>Saved Saved</title>
      <title>279</title>
    </titles>
    <verseOrder>v1 c1 v2 c1 v3 c1</verseOrder>
    <authors>
      <author>His Servant</author>
    </authors>
    <songbooks>
      <songbook name="Christ in Song" entry="279"/>
    </songbooks>
  </properties>
  <lyrics>
    <verse name="v1">
      <lines> I've found a friend who is all to me,
His love is ever true;
I love to tell how He lifted me,
And what His grace can do for you.</lines>
    </verse>  
    <verse name="c1">
      <lines>Saved by His pow'r, by His pow'r divine,
Saved to new life, to new life sublime!
Life now is sweet and my joy is complete,
For I'm saved, saved, saved.</lines>
    </verse>
	<verse name="v2">
      <lines>He saves me from ev'ry sin and harm,
Secures my soul each day;
I'm leaning strong on His mighty arm–
I know He'll guide me all the way.</lines>
    </verse>
	<verse name="v3">
      <lines>When poor and needy and all alone,
In love He said to me,
"Come unto Me and I'll lead you home
To live with Me eternally."</lines>
    </verse>
  </lyrics>
</song>
