<?xml version='1.0' encoding='UTF-8'?>
<song xmlns="http://openlyrics.info/namespace/2009/song" version="0.8" createdIn="OpenLP 2.9.5" modifiedIn="OpenLP 2.9.5" modifiedDate="2022-08-22T13:11:09">
  <properties>
    <titles>
      <title>Wonderful Grace of Jesus</title>
      <title>283</title>
    </titles>
    <verseOrder>v1 c1 v2 c1 v3 c1</verseOrder>
    <authors>
      <author>His Servant</author>
    </authors>
    <songbooks>
      <songbook name="Christ in Song" entry="283"/>
    </songbooks>
  </properties>
  <lyrics>
    <verse name="v1">
      <lines>Wonderful Grace Of Jesus,
Greater Than All My Sin;
How Shall My Tongue Describe It,
Where Shall Its Praise Begin?
Taking Away My Burden, Setting My Spirit Free,
For The Wonderful Grace Of Jesus Reaches Me.</lines>
    </verse>  
    <verse name="c1">
      <lines>Wonderful The Matchless
Grace Of Jesus,
Deeper Than The Mighty Rolling Sea,
Higher Than The Mountain,
Sparkling Like A Fountain,
All Sufficient Grace For Even Me;
Broader Than The Scope
Of My Transgressions,
Greater Far Than All My Sin And Shame;
O Magnify The Precious Name Of Jesus, 
Praise His Name!</lines>
    </verse>
	<verse name="v2">
      <lines>Wonderful Grace Of Jesus,
Reaching To All The Lost,
By It I Have Been Pardoned,
Saved To The Uttermost;
Chains Have Been Torn Asunder, Giving Me Liberty,
For The Wonderful Grace Of Jesus Reaches Me.</lines>
    </verse>
	<verse name="v3">
      <lines>Wonderful Grace Of Jesus,
Reaching The Most Defiled,
By Its Transforming Power
Making Him God’s Dear Child;
Purchasing Peace And Heaven For All Eternity;
For The Wonderful Grace Of Jesus Reaches Me.</lines>
    </verse>
  </lyrics>
</song>
