<?xml version='1.0' encoding='UTF-8'?>
<song xmlns="http://openlyrics.info/namespace/2009/song" version="0.8" createdIn="OpenLP 2.9.5" modifiedIn="OpenLP 2.9.5" modifiedDate="2022-08-22T13:11:09">
  <properties>
    <titles>
      <title>What Wondrous Love Is This</title>
      <title>287</title>
    </titles>
    <verseOrder>v1 v2 v3 v4</verseOrder>
    <authors>
      <author>His Servant</author>
    </authors>
    <songbooks>
      <songbook name="Christ in Song" entry="287"/>
    </songbooks>
  </properties>
  <lyrics>
    <verse name="v1">
      <lines>What wondrous love is this, O my soul, O my soul!
What wondrous love is this, O my soul!
What wondrous love is this that caused the Lord of bliss
to bear the dreadful curse for my soul, for my soul,
to bear the dreadful curse for my soul!</lines>
    </verse>
	<verse name="v2">
      <lines>When I was sinking down, sinking down, sinking down,
when I was sinking down, sinking down,
when I was sinking down beneath God’s righteous frown,
Christ laid aside his crown for my soul, for my soul,
Christ laid aside his crown for my soul.</lines>
    </verse>
	<verse name="v3">
      <lines>To God and to the Lamb I will sing, I will sing;
to God and to the Lamb I will sing;
to God and to the Lamb, who is the great I AM,
while millions join the theme, I will sing, I will sing,
while millions join the theme, I will sing.</lines>
    </verse>
	<verse name="v4">
      <lines>And when from death I’m free, I’ll sing on, I’ll sing on;
and when from death I’m free, I’ll sing on.
And when from death I’m free, I’ll sing his love for me,
and through eternity I’ll sing on, I’ll sing on,
and through eternity I’ll sing on.</lines>
    </verse>
  </lyrics>
</song>
