<?xml version='1.0' encoding='UTF-8'?>
<song xmlns="http://openlyrics.info/namespace/2009/song" version="0.8" createdIn="OpenLP 2.9.5" modifiedIn="OpenLP 2.9.5" modifiedDate="2022-08-22T13:11:09">
  <properties>
    <titles>
      <title>Standing on the promises of Christ</title>
      <title>294</title>
    </titles>
    <verseOrder>v1 c1 v2 c1 v3 c1 v4 c1 v5 c1</verseOrder>
    <authors>
      <author>His Servant</author>
    </authors>
    <songbooks>
      <songbook name="Christ in Song" entry="294"/>
    </songbooks>
  </properties>
  <lyrics>
    <verse name="v1">
      <lines>Standing on the promises of Christ my King,
Through eternal ages let His praises ring,
Glory in the highest, I will shout and sing,
  Standing on the promises of God.</lines>
    </verse>  
    <verse name="c1">
      <lines>Standing, standing,
Standing on the promises of God my Savior;
Standing, standing,
  I’m standing on the promises of God.</lines>
    </verse>
	<verse name="v2">
      <lines>Standing on the promises that cannot fail,
When the howling storms of doubt and fear assail,
By the living Word of God I shall prevail,
  Standing on the promises of God.</lines>
    </verse>
	<verse name="v3">
      <lines>Standing on the promises I now can see
Perfect, present cleansing in the blood for me;
Standing in the liberty where Christ makes free,
  Standing on the promises of God.</lines>
    </verse>
	<verse name="v4">
      <lines>Standing on the promises of Christ the Lord,
Bound to Him eternally by love’s strong cord,
Overcoming daily with the Spirit’s sword,
  Standing on the promises of God.</lines>
    </verse>
    <verse name="v5">
      <lines>Standing on the promises I shall not fall,
List’ning every moment to the Spirit’s call.
Resting in my Savior as my All in all,
  Standing on the promises of God.</lines>
    </verse>	
  </lyrics>
</song>