<?xml version='1.0' encoding='UTF-8'?>
<song xmlns="http://openlyrics.info/namespace/2009/song" version="0.8" createdIn="OpenLP 2.9.5" modifiedIn="OpenLP 2.9.5" modifiedDate="2022-08-22T13:11:09">
  <properties>
    <titles>
      <title>It is well with my soul</title>
      <title>295</title>
    </titles>
    <verseOrder>v1 c1 v2 c1 v3 c1 v4 c1 v5 c1 v6 c1</verseOrder>
    <authors>
      <author>His Servant</author>
    </authors>
    <songbooks>
      <songbook name="Christ in Song" entry="295"/>
    </songbooks>
  </properties>
  <lyrics>
    <verse name="v1">
      <lines>When peace like a river attendeth my way,
  When sorrows like sea billows roll;
Whatever my lot Thou hast taught me to say,
  “It is well, it is well with my soul!”</lines>
    </verse>  
    <verse name="c1">
      <lines>It is well (It is well)
With my soul (With my soul)
It is well, it is well with my soul!</lines>
    </verse>
	<verse name="v2">
      <lines>Though Satan should buffet, though trials should come,
  Let this blest assurance control,
That Christ hath regarded my helpless estate,
  And hath shed His own blood for my soul.</lines>
    </verse>
	<verse name="v3">
      <lines>My sin—oh, the bliss of this glorious thought—
  My sin, not in part, but the whole,
Is nailed to His Cross, and I bear it no more;
  Praise the Lord, praise the Lord, O my soul!</lines>
    </verse>
	<verse name="v4">
      <lines>For me, be it Christ, be it Christ hence to live;
  If dark hours about me shall roll,
No pang shall be mine, for in death as in life
  Thou wilt whisper Thy peace to my soul.</lines>
    </verse>
    <verse name="v5">
      <lines>But, Lord, ’tis for Thee, for Thy coming we wait,
The sky, not the grave, is our goal;
Oh, trump of the angel! Oh, voice of the Lord!
Blessed hope, blessed rest of my soul!</lines>
    </verse>
	<verse name="v6">
      <lines>And Lord, haste the day when the faith shall be sight,
The clouds be rolled back as a scroll;
The trump shall resound, and the Lord shall descend,
Even so, it is well with my soul.</lines>
    </verse>	
  </lyrics>
</song>