<?xml version='1.0' encoding='UTF-8'?>
<song xmlns="http://openlyrics.info/namespace/2009/song" version="0.8" createdIn="OpenLP 2.9.5" modifiedIn="OpenLP 2.9.5" modifiedDate="2022-08-22T13:11:09">
  <properties>
    <titles>
      <title>There is a place of quiet rest</title>
      <title>296</title>
    </titles>
    <verseOrder>v1 c1 v2 c1 v3 c1</verseOrder>
    <authors>
      <author>His Servant</author>
    </authors>
    <songbooks>
      <songbook name="Christ in Song" entry="296"/>
    </songbooks>
  </properties>
  <lyrics>
    <verse name="v1">
      <lines>There is a place of quiet rest,
  Near to the heart of God,
A place where sin cannot molest,
  Near to the heart of God.</lines>
    </verse>  
    <verse name="c1">
      <lines>O Jesus, blest Redeemer,
  Sent from the heart of God,
Hold us, who wait before Thee,
    Near to the heart of God.</lines>
    </verse>
	<verse name="v2">
      <lines>There is a place of comfort sweet,
  Near to the heart of God,
A place where we our Savior meet,
  Near to the heart of God.</lines>
    </verse>
	<verse name="v3">
      <lines>There is a place of full release,
  Near to the heart of God,
A place where all is joy and peace,
  Near to the heart of God.</lines>
    </verse>
  </lyrics>
</song>