<?xml version='1.0' encoding='UTF-8'?>
<song xmlns="http://openlyrics.info/namespace/2009/song" version="0.8" createdIn="OpenLP 2.9.5" modifiedIn="OpenLP 2.9.5" modifiedDate="2022-08-22T13:11:09">
  <properties>
    <titles>
      <title>My Wonderful Lord</title>
      <title>298</title>
    </titles>
    <verseOrder>v1 c1 v2 c1 v3 c1 v4 c1</verseOrder>
    <authors>
      <author>His Servant</author>
    </authors>
    <songbooks>
      <songbook name="Christ in Song" entry="298"/>
    </songbooks>
  </properties>
  <lyrics>
    <verse name="v1">
      <lines>I have found a deep peace that I never had known
And a joy this world could not afford -
Since I yielded control of my body and soul
To my wonderful, wonderful Lord.</lines>
    </verse>  
    <verse name="c1">
      <lines>My wonderful Lord, my wonderful Lord
By angels and seraphs in Heaven adored!
I know Thou art mine, my Savior divine
My wonderful, wonderful Lord.</lines>
    </verse>
	<verse name="v2">
      <lines>I desire that my life shall be ordered by Thee
That my will be in perfect accord -
With Thine own sov'reign will
Thy desires to fulfill,
My wonderful, wonderful Lord.</lines>
    </verse>
	<verse name="v3">
      <lines>All the talents I have I have laid at Thy Feet
Thy approval shall be my reward.
Be my store great or small
I surrender it all
To my wonderful, wonderful Lord.</lines>
    </verse>
	<verse name="v4">
      <lines>Thou art fairer to me than the fairest of earth
Thou omnipotent, life-giving Word
O Thou Ancient of Days,
Thou art worthy all praise,
My wonderful, wonderful Lord.</lines>
    </verse>
  </lyrics>
</song>
