<?xml version='1.0' encoding='UTF-8'?>
<song xmlns="http://openlyrics.info/namespace/2009/song" version="0.8" createdIn="OpenLP 2.9.5" modifiedIn="OpenLP 2.9.5" modifiedDate="2022-08-22T13:11:09">
  <properties>
    <titles>
      <title>Be Still, My Soul</title>
      <title>299</title>
    </titles>
    <verseOrder>v1 v2 v3 v4</verseOrder>
    <authors>
      <author>His Servant</author>
    </authors>
    <songbooks>
      <songbook name="Christ in Song" entry="299"/>
    </songbooks>
  </properties>
  <lyrics>
    <verse name="v1">
      <lines>Be still, my soul; the Lord is on your side;
bear patiently the cross of grief or pain;
leave to your God to order and provide;
in ev'ry change he faithful will remain.
Be still, my soul; your best, your heav’nly friend
through thorny ways leads to a joyful end.</lines>
    </verse>
	<verse name="v2">
      <lines>Be still, my soul; your God will undertake
to guide the future as he has the past;
your hope, your confidence, let nothing shake;
all now mysterious shall be bright at last.
Be still, my soul; the waves and winds still know
his voice who ruled them while he lived below.</lines>
    </verse>
	<verse name="v3">
      <lines>Be still, my soul; when dearest friends depart
and all is darkened in the vale of tears,
then you will better know his love, his heart,
who comes to soothe your sorrows and your fears.
Be still, my soul; your Jesus can repay
from his own fullness all he takes away.</lines>
    </verse>
	<verse name="v4">
      <lines>Be still, my soul; the hour is hast'ning on
when we shall be forever with the Lord,
when disappointment, grief, and fear are gone,
sorrow forgot, love's purest joys restored.
Be still my soul; when change and tears are past,
all safe and blessed we shall meet at last.</lines>
    </verse>
  </lyrics>
</song> 